route_id,plant_code,date,picker_id,aisles_visited,num_stops,total_distance_m,total_time_min,items_picked,order_count,start_aisle,algorithm_used,optimized
ROUTE_000000,PLANT01,2023-09-11,PICKER_016,"[6, 17, 22, 25, 26]",5,84.29,2.97,35,10,1,DIJKSTRA,0
ROUTE_000001,PLANT04,2023-05-15,PICKER_044,"[2, 6, 9, 10, 12, 15, 16, 18, 20]",9,139.56,5.14,26,3,1,MANUAL,0
ROUTE_000002,PLANT06,2023-05-17,PICKER_039,"[1, 5, 6, 22, 27]",5,89.26,3.66,50,1,1,ASTAR,1
ROUTE_000003,PLANT04,2024-03-15,PICKER_048,"[1, 3, 4, 6, 14]",5,95.45,4.13,15,4,1,GREEDY,1
ROUTE_000004,PLANT13,2023-02-21,PICKER_040,"[1, 5]",2,28.73,1.94,38,1,1,DIJKSTRA,1
ROUTE_000005,PLANT01,2024-09-30,PICKER_038,"[4, 7, 9, 10, 11, 12, 15, 18, 26]",9,176.8,4.61,78,5,1,GREEDY,0
ROUTE_000006,PLANT18,2024-08-18,PICKER_019,"[3, 9, 10, 11, 12, 13, 15]",7,106.2,3.84,32,5,1,MANUAL,0
ROUTE_000007,PLANT16,2023-08-18,PICKER_030,"[3, 9]",2,30.39,3.14,32,7,1,DIJKSTRA,1
ROUTE_000008,PLANT07,2023-08-31,PICKER_002,"[3, 4, 5]",3,84.94,4.6,36,4,1,ASTAR,0
ROUTE_000009,PLANT02,2023-03-21,PICKER_029,"[1, 3, 4, 5]",4,91.66,2.92,14,6,1,MANUAL,1
ROUTE_000010,PLANT03,2023-05-30,PICKER_027,"[1, 2, 4, 5, 6, 7, 9, 10, 11]",9,183.72,5.37,40,7,1,MANUAL,0
ROUTE_000011,PLANT07,2024-04-26,PICKER_025,"[1, 2, 6, 10]",4,79.21,3.63,50,6,1,MANUAL,0
ROUTE_000012,PLANT09,2024-01-31,PICKER_039,"[3, 6, 8, 9]",4,33.15,2.4,13,6,1,ASTAR,1
ROUTE_000013,PLANT10,2024-09-28,PICKER_009,"[1, 4, 11, 16, 18, 22]",6,104.19,2.68,74,8,1,ASTAR,1
ROUTE_000014,PLANT19,2024-09-19,PICKER_003,"[5, 6, 8, 12, 17, 18, 20, 22]",8,140.21,4.32,17,1,1,DIJKSTRA,0
ROUTE_000015,PLANT17,2024-09-26,PICKER_030,"[6, 10, 14]",3,33.49,3.59,73,6,1,DIJKSTRA,1
ROUTE_000016,PLANT01,2024-11-28,PICKER_016,"[6, 7, 9, 13, 14, 17, 20, 22, 24, 26]",10,143.23,5.33,7,1,1,GREEDY,0
ROUTE_000017,PLANT06,2024-11-25,PICKER_027,"[4, 5, 6, 9, 10, 12, 17, 19, 27, 28]",10,192.5,6.16,76,9,1,ASTAR,0
ROUTE_000018,PLANT04,2023-11-16,PICKER_048,"[3, 7, 8, 9, 19]",5,96.81,4.19,27,6,1,MANUAL,0
ROUTE_000019,PLANT14,2023-07-15,PICKER_050,"[5, 7, 8, 9, 13, 17, 18, 21, 24, 29]",10,195.17,6.56,30,10,1,MANUAL,1
ROUTE_000020,PLANT06,2023-08-02,PICKER_037,"[8, 16]",2,38.49,1.63,21,5,1,ASTAR,0
ROUTE_000021,PLANT08,2023-04-18,PICKER_021,"[1, 7, 11, 16, 21, 25]",6,58.4,1.9,26,5,1,ASTAR,0
ROUTE_000022,PLANT17,2023-07-27,PICKER_047,"[6, 11, 12, 16]",4,70.73,3.77,41,3,1,GREEDY,0
ROUTE_000023,PLANT15,2023-03-07,PICKER_040,"[1, 2, 3, 5, 8, 13, 16, 20, 21]",9,226.6,5.23,14,3,1,MANUAL,0
ROUTE_000024,PLANT03,2023-08-18,PICKER_036,"[3, 5, 7, 9, 10, 11]",6,100.33,4.41,27,6,1,DIJKSTRA,1
ROUTE_000025,PLANT19,2024-12-19,PICKER_050,"[3, 9, 22, 23]",4,75.25,2.39,47,8,1,GREEDY,1
ROUTE_000026,PLANT09,2024-08-31,PICKER_001,"[1, 2, 3, 5, 7, 10]",6,96.3,4.37,34,7,1,GREEDY,0
ROUTE_000027,PLANT13,2024-03-27,PICKER_015,"[5, 6, 7, 8]",4,87.18,3.81,5,4,1,ASTAR,0
ROUTE_000028,PLANT12,2023-02-11,PICKER_003,"[1, 8, 9, 12, 13, 15]",6,125.24,5.34,39,4,1,MANUAL,0
ROUTE_000029,PLANT05,2024-03-02,PICKER_050,"[1, 2, 3, 4, 6, 7, 8, 9]",8,175.02,4.13,34,8,1,ASTAR,0
ROUTE_000030,PLANT14,2024-07-21,PICKER_041,"[5, 7, 12, 14, 19, 22, 28]",7,106.59,3.81,76,1,1,MANUAL,1
ROUTE_000031,PLANT03,2023-07-10,PICKER_048,"[1, 3, 6, 8, 9, 10, 11]",7,139.87,4.51,35,10,1,DIJKSTRA,1
ROUTE_000032,PLANT05,2024-03-31,PICKER_030,"[6, 7]",2,36.31,2.73,31,7,1,ASTAR,1
ROUTE_000033,PLANT02,2023-06-03,PICKER_043,"[1, 2, 3, 5, 6]",5,98.11,4.29,70,4,1,MANUAL,0
ROUTE_000034,PLANT03,2024-09-11,PICKER_046,"[4, 10]",2,24.17,1.48,44,9,1,GREEDY,1
ROUTE_000035,PLANT16,2023-10-07,PICKER_030,"[5, 7, 9, 11, 13, 14]",6,120.49,4.78,26,3,1,DIJKSTRA,1
ROUTE_000036,PLANT02,2024-12-10,PICKER_022,"[1, 2, 4]",3,41.18,1.83,62,10,1,DIJKSTRA,0
ROUTE_000037,PLANT03,2024-09-13,PICKER_009,"[1, 2, 3, 4, 5, 6, 7, 8, 10]",9,157.16,5.73,10,4,1,MANUAL,0
ROUTE_000038,PLANT20,2023-02-08,PICKER_043,"[2, 4, 6, 7]",4,59.48,2.62,18,2,1,ASTAR,1
ROUTE_000039,PLANT10,2024-10-11,PICKER_045,"[6, 7, 8, 9, 12, 14]",6,87.12,4.51,43,8,1,MANUAL,1
ROUTE_000040,PLANT15,2023-11-01,PICKER_013,"[1, 2, 7, 8, 9, 18, 19, 24]",8,159.59,3.74,45,5,1,GREEDY,0
ROUTE_000041,PLANT15,2023-06-28,PICKER_008,"[5, 10, 11, 13, 17, 18, 21]",7,123.44,4.87,76,2,1,MANUAL,1
ROUTE_000042,PLANT17,2023-07-09,PICKER_028,"[6, 9, 10, 13, 14, 17, 23, 24]",8,153.79,3.82,23,9,1,ASTAR,1
ROUTE_000043,PLANT05,2024-07-29,PICKER_029,"[3, 6, 9]",3,52.97,3.8,50,6,1,MANUAL,0
ROUTE_000044,PLANT01,2023-12-27,PICKER_004,"[1, 3, 5, 6, 14, 23, 24]",7,104.69,4.27,75,3,1,ASTAR,0
ROUTE_000045,PLANT06,2023-02-25,PICKER_044,"[2, 5, 6, 14, 15, 18, 20, 21, 26]",9,181.1,4.51,58,7,1,MANUAL,0
ROUTE_000046,PLANT03,2023-06-28,PICKER_015,"[2, 3, 6, 8, 10]",5,75.43,2.49,31,3,1,DIJKSTRA,0
ROUTE_000047,PLANT09,2023-07-23,PICKER_032,"[1, 2, 3, 4, 5, 6, 7, 8, 9, 10]",10,206.62,5.77,58,3,1,MANUAL,0
ROUTE_000048,PLANT02,2024-07-01,PICKER_033,"[1, 2, 3, 4, 5, 6]",6,128.98,3.79,34,6,1,DIJKSTRA,0
ROUTE_000049,PLANT18,2024-05-17,PICKER_048,"[2, 3, 10, 15]",4,82.44,2.63,6,3,1,DIJKSTRA,1
ROUTE_000050,PLANT18,2024-06-29,PICKER_027,"[1, 2, 3, 4, 5, 6, 9, 10, 15, 16]",10,162.34,5.18,64,5,1,DIJKSTRA,1
ROUTE_000051,PLANT10,2023-02-18,PICKER_041,"[10, 11, 19]",3,75.96,3.47,77,8,1,GREEDY,1
ROUTE_000052,PLANT17,2024-02-13,PICKER_021,"[3, 5, 7, 8, 24]",5,55.65,3.87,44,7,1,DIJKSTRA,1
ROUTE_000053,PLANT18,2024-03-25,PICKER_042,"[1, 2, 5, 8, 11, 15]",6,123.53,3.2,32,9,1,ASTAR,0
ROUTE_000054,PLANT14,2024-02-15,PICKER_044,"[13, 23]",2,37.71,1.38,40,8,1,DIJKSTRA,0
ROUTE_000055,PLANT03,2023-09-09,PICKER_018,"[2, 10]",2,16.59,2.57,74,3,1,MANUAL,1
ROUTE_000056,PLANT15,2024-08-05,PICKER_030,"[3, 12, 22]",3,63.13,4.1,30,2,1,ASTAR,0
ROUTE_000057,PLANT17,2023-04-27,PICKER_002,"[2, 4, 8, 9, 10, 17, 18, 23, 24]",9,158.02,5.4,73,2,1,DIJKSTRA,1
ROUTE_000058,PLANT08,2024-11-01,PICKER_027,"[1, 2, 5, 21, 23, 26, 27]",7,131.24,5.45,14,7,1,MANUAL,0
ROUTE_000059,PLANT09,2024-03-01,PICKER_019,"[3, 4, 6]",3,56.9,1.67,7,10,1,DIJKSTRA,1
ROUTE_000060,PLANT18,2023-09-23,PICKER_034,"[5, 8]",2,33.58,3.06,19,7,1,ASTAR,0
ROUTE_000061,PLANT14,2024-05-11,PICKER_048,"[10, 11, 12, 13, 14, 18, 19, 20, 21, 27]",10,225.66,6.55,42,2,1,ASTAR,1
ROUTE_000062,PLANT16,2023-05-07,PICKER_035,"[3, 6, 13]",3,29.9,3.4,43,3,1,ASTAR,0
ROUTE_000063,PLANT11,2023-09-07,PICKER_016,"[3, 4, 5]",3,38.73,1.47,65,3,1,DIJKSTRA,1
ROUTE_000064,PLANT06,2023-02-05,PICKER_031,"[4, 7, 11, 14, 20]",5,84.01,3.35,7,4,1,MANUAL,0
ROUTE_000065,PLANT13,2023-05-06,PICKER_001,"[1, 2, 4, 5, 6, 7, 9, 10]",8,177.63,4.17,30,10,1,MANUAL,1
ROUTE_000066,PLANT20,2024-04-21,PICKER_028,"[4, 7]",2,47.46,1.69,77,2,1,GREEDY,1
ROUTE_000067,PLANT05,2023-08-02,PICKER_014,"[1, 2, 3, 5, 7, 9]",6,125.59,5.47,5,9,1,GREEDY,0
ROUTE_000068,PLANT08,2023-08-28,PICKER_032,"[3, 16, 18, 22, 27]",5,79.35,3.98,78,6,1,DIJKSTRA,0
ROUTE_000069,PLANT20,2023-11-21,PICKER_017,"[1, 2, 3, 4, 5]",5,107.8,4.93,43,9,1,MANUAL,1
ROUTE_000070,PLANT06,2024-03-22,PICKER_001,"[2, 7, 10, 12, 18, 20, 21, 23, 24]",9,164.06,3.87,58,3,1,DIJKSTRA,1
ROUTE_000071,PLANT11,2023-06-19,PICKER_042,"[1, 2, 3, 4, 5]",5,82.73,3.5,23,3,1,GREEDY,1
ROUTE_000072,PLANT11,2024-06-24,PICKER_025,"[3, 4, 5]",3,47.12,3.49,50,10,1,DIJKSTRA,0
ROUTE_000073,PLANT05,2024-08-10,PICKER_024,"[1, 3, 4, 5, 7, 8, 9]",7,132.24,5.48,34,1,1,DIJKSTRA,0
ROUTE_000074,PLANT15,2024-12-16,PICKER_046,"[1, 2, 3, 7, 9, 10, 19, 23]",8,159.63,4.55,78,3,1,ASTAR,0
ROUTE_000075,PLANT20,2024-05-14,PICKER_045,"[1, 2, 3, 4, 5, 6, 7]",7,103.04,4.91,43,2,1,ASTAR,1
ROUTE_000076,PLANT05,2024-08-18,PICKER_002,"[1, 2, 3, 5, 8, 9]",6,86.09,4.63,21,5,1,DIJKSTRA,1
ROUTE_000077,PLANT02,2024-04-18,PICKER_011,"[2, 5]",2,24.55,2.55,46,7,1,GREEDY,1
ROUTE_000078,PLANT20,2024-08-09,PICKER_049,"[1, 2, 3, 4, 5, 6, 7]",7,143.41,4.43,62,8,1,MANUAL,0
ROUTE_000079,PLANT16,2024-07-31,PICKER_016,"[2, 4, 14, 15, 16]",5,78.29,3.45,30,4,1,ASTAR,1
ROUTE_000080,PLANT17,2024-05-17,PICKER_002,"[5, 10, 11, 12, 13, 16, 20, 21, 22, 24]",10,204.08,5.27,21,5,1,MANUAL,0
ROUTE_000081,PLANT19,2024-10-28,PICKER_036,"[4, 6, 11, 12, 14, 15, 21]",7,87.84,4.0,72,5,1,MANUAL,0
ROUTE_000082,PLANT11,2024-12-22,PICKER_009,"[1, 2, 3, 4]",4,67.59,3.87,54,4,1,ASTAR,0
ROUTE_000083,PLANT13,2023-01-22,PICKER_019,"[1, 2, 3, 5, 7, 8, 9, 10]",8,157.77,4.48,55,7,1,MANUAL,0
ROUTE_000084,PLANT15,2024-05-01,PICKER_024,"[2, 4, 6, 12, 13, 16, 17, 22, 23, 25]",10,224.82,5.68,63,10,1,ASTAR,0
ROUTE_000085,PLANT19,2024-04-28,PICKER_033,"[1, 11]",2,34.25,2.65,35,3,1,ASTAR,0
ROUTE_000086,PLANT02,2024-07-30,PICKER_032,"[1, 6]",2,37.25,1.85,72,4,1,GREEDY,0
ROUTE_000087,PLANT13,2023-09-03,PICKER_027,"[2, 5, 7]",3,33.35,3.09,41,1,1,GREEDY,0
ROUTE_000088,PLANT09,2023-06-30,PICKER_010,"[2, 3, 6, 8]",4,80.65,4.43,61,3,1,MANUAL,1
ROUTE_000089,PLANT18,2023-04-24,PICKER_015,"[6, 7, 8, 9, 11, 13, 14, 15]",8,118.04,2.99,9,10,1,GREEDY,0
ROUTE_000090,PLANT16,2024-05-28,PICKER_035,"[2, 6, 7, 9, 10, 11, 12, 14]",8,136.28,4.37,6,3,1,DIJKSTRA,0
ROUTE_000091,PLANT13,2024-11-12,PICKER_028,"[1, 2, 3, 4, 5, 6, 7, 8, 9, 10]",10,147.85,4.19,41,10,1,ASTAR,1
ROUTE_000092,PLANT12,2023-03-10,PICKER_006,"[2, 5, 7, 8, 13, 14, 17, 20, 21, 23]",10,194.78,6.14,6,10,1,MANUAL,0
ROUTE_000093,PLANT12,2023-03-14,PICKER_017,"[4, 7, 8, 9, 15, 16, 17, 18, 20, 23]",10,184.58,4.48,40,3,1,MANUAL,1
ROUTE_000094,PLANT19,2024-04-13,PICKER_021,"[2, 5, 6, 18]",4,77.59,4.52,60,4,1,GREEDY,0
ROUTE_000095,PLANT07,2024-02-16,PICKER_037,"[1, 4, 5, 8, 9, 11]",6,88.63,3.51,52,2,1,MANUAL,1
ROUTE_000096,PLANT06,2024-08-13,PICKER_027,"[14, 20]",2,32.47,2.0,26,9,1,ASTAR,0
ROUTE_000097,PLANT16,2024-09-20,PICKER_035,"[1, 2, 4, 5, 6, 8, 9, 11, 12, 15]",10,172.94,6.19,11,9,1,MANUAL,0
ROUTE_000098,PLANT20,2024-07-11,PICKER_006,"[2, 4]",2,34.14,1.53,18,9,1,MANUAL,1
ROUTE_000099,PLANT17,2023-09-04,PICKER_024,"[9, 10, 17]",3,51.46,3.71,28,5,1,MANUAL,1
ROUTE_000100,PLANT08,2023-03-31,PICKER_022,"[5, 9, 15, 17, 18, 19, 20, 21, 25, 28]",10,155.73,3.89,23,8,1,DIJKSTRA,0
ROUTE_000101,PLANT03,2024-03-09,PICKER_049,"[3, 4, 7, 8, 9, 10]",6,104.58,3.68,54,4,1,GREEDY,1
ROUTE_000102,PLANT06,2024-03-14,PICKER_036,"[1, 5, 8, 9, 10, 11, 23, 28]",8,140.9,4.8,46,6,1,MANUAL,0
ROUTE_000103,PLANT10,2024-07-13,PICKER_020,"[2, 5, 13, 15, 17, 21, 22, 24]",8,156.99,4.64,15,10,1,MANUAL,0
ROUTE_000104,PLANT02,2023-09-06,PICKER_018,"[1, 2, 3, 5, 6]",5,61.44,2.94,15,8,1,ASTAR,0
ROUTE_000105,PLANT08,2023-08-23,PICKER_002,"[1, 4, 5, 8, 14, 18, 26]",7,108.65,3.91,13,3,1,MANUAL,0
ROUTE_000106,PLANT09,2024-09-21,PICKER_011,"[1, 2, 3, 4, 5, 6, 7, 8, 10]",9,184.16,6.51,41,1,1,GREEDY,0
ROUTE_000107,PLANT08,2024-04-23,PICKER_014,"[2, 7, 9, 14, 18, 19, 24]",7,158.05,4.55,11,4,1,DIJKSTRA,0
ROUTE_000108,PLANT06,2024-03-18,PICKER_032,"[1, 20, 22, 25]",4,72.29,3.42,50,1,1,DIJKSTRA,0
ROUTE_000109,PLANT04,2024-01-28,PICKER_029,"[1, 11, 15, 18, 19]",5,95.4,3.76,46,1,1,MANUAL,0
ROUTE_000110,PLANT06,2024-05-13,PICKER_048,"[6, 12, 16, 21, 25, 27, 28]",7,133.97,4.29,39,9,1,GREEDY,1
ROUTE_000111,PLANT12,2023-11-15,PICKER_025,"[1, 5, 8, 11, 13, 14, 23, 24]",8,99.14,3.06,35,9,1,GREEDY,0
ROUTE_000112,PLANT04,2024-12-24,PICKER_023,"[2, 6, 11]",3,51.69,2.91,19,2,1,ASTAR,1
ROUTE_000113,PLANT05,2024-10-09,PICKER_038,"[5, 6, 8, 9]",4,57.55,3.58,47,8,1,MANUAL,0
ROUTE_000114,PLANT10,2024-01-08,PICKER_020,"[2, 10, 11, 15, 16, 18, 19, 21, 23]",9,158.01,3.93,42,6,1,DIJKSTRA,0
ROUTE_000115,PLANT03,2024-06-20,PICKER_050,"[8, 11]",2,39.31,3.43,25,8,1,GREEDY,1
ROUTE_000116,PLANT01,2024-07-28,PICKER_044,"[2, 6, 7, 9, 13, 16, 18, 22, 26]",9,185.86,6.4,69,10,1,MANUAL,0
ROUTE_000117,PLANT02,2023-09-11,PICKER_019,"[1, 2, 3, 4, 5]",5,105.85,4.64,79,1,1,ASTAR,0
ROUTE_000118,PLANT13,2023-05-30,PICKER_037,"[1, 4, 6, 8, 10]",5,89.05,4.49,48,8,1,ASTAR,0
ROUTE_000119,PLANT15,2024-09-16,PICKER_029,"[15, 22]",2,17.35,3.19,20,2,1,ASTAR,0
ROUTE_000120,PLANT05,2023-06-22,PICKER_039,"[3, 4, 9]",3,49.95,2.5,17,10,1,MANUAL,1
ROUTE_000121,PLANT07,2023-03-22,PICKER_021,"[2, 3, 4, 6, 7, 8, 11, 12]",8,126.2,4.23,9,4,1,DIJKSTRA,0
ROUTE_000122,PLANT09,2023-12-29,PICKER_019,"[3, 9, 10]",3,42.01,2.11,32,6,1,DIJKSTRA,1
ROUTE_000123,PLANT07,2023-02-18,PICKER_025,"[1, 2, 3, 4, 5, 6, 9, 11, 12]",9,186.17,4.43,70,6,1,MANUAL,1
ROUTE_000124,PLANT11,2023-05-28,PICKER_033,"[1, 2, 3, 4, 5]",5,132.19,4.9,37,7,1,DIJKSTRA,1
ROUTE_000125,PLANT10,2023-11-07,PICKER_029,"[9, 12, 18]",3,40.79,1.85,27,7,1,MANUAL,0
ROUTE_000126,PLANT01,2023-05-31,PICKER_001,"[3, 4, 10, 11, 14, 19]",6,82.04,4.39,66,7,1,ASTAR,0
ROUTE_000127,PLANT16,2024-03-10,PICKER_028,"[1, 2, 3, 6, 7, 8, 9, 10, 14, 16]",10,224.53,7.23,9,10,1,GREEDY,0
ROUTE_000128,PLANT03,2024-11-24,PICKER_017,"[3, 4, 5, 6, 8, 9, 10, 11]",8,162.23,4.99,47,9,1,GREEDY,0
ROUTE_000129,PLANT02,2023-10-03,PICKER_020,"[1, 3, 4, 5, 6]",5,79.41,3.91,67,5,1,ASTAR,1
ROUTE_000130,PLANT08,2023-07-04,PICKER_044,"[21, 26, 27, 28]",4,80.59,3.44,26,3,1,ASTAR,1
ROUTE_000131,PLANT08,2023-04-03,PICKER_034,"[4, 6, 13, 14, 22, 29]",6,106.69,4.51,10,8,1,ASTAR,1
ROUTE_000132,PLANT13,2024-04-23,PICKER_039,"[1, 2, 3, 4, 5, 6, 8, 10]",8,135.11,3.32,78,3,1,GREEDY,0
ROUTE_000133,PLANT06,2024-11-15,PICKER_004,"[2, 3, 6, 17, 27]",5,113.08,4.97,62,9,1,MANUAL,0
ROUTE_000134,PLANT19,2024-10-30,PICKER_032,"[3, 4, 5, 9, 12, 14, 16]",7,94.15,2.91,72,8,1,ASTAR,0
ROUTE_000135,PLANT20,2023-06-11,PICKER_017,"[1, 2, 3, 4, 5, 6, 7]",7,138.01,4.45,71,8,1,MANUAL,0
ROUTE_000136,PLANT03,2023-01-27,PICKER_015,"[1, 3, 4, 7, 8, 9, 10, 11]",8,134.2,3.53,78,2,1,MANUAL,0
ROUTE_000137,PLANT04,2023-05-14,PICKER_021,"[8, 11, 14, 15, 17]",5,81.13,4.05,7,6,1,ASTAR,0
ROUTE_000138,PLANT02,2024-06-20,PICKER_043,"[1, 2, 3, 4, 5, 6]",6,100.92,3.74,28,4,1,ASTAR,0
ROUTE_000139,PLANT14,2023-09-18,PICKER_012,"[2, 6, 8, 11, 12, 19, 26, 29]",8,153.64,5.55,14,7,1,DIJKSTRA,1
ROUTE_000140,PLANT08,2024-11-12,PICKER_002,"[10, 23]",2,43.14,2.61,15,3,1,MANUAL,0
ROUTE_000141,PLANT11,2024-12-01,PICKER_023,"[1, 2, 3, 4, 5]",5,109.36,3.89,46,9,1,DIJKSTRA,0
ROUTE_000142,PLANT02,2024-02-05,PICKER_031,"[1, 2, 3, 5, 6]",5,79.1,2.57,6,4,1,MANUAL,0
ROUTE_000143,PLANT11,2023-05-17,PICKER_037,"[3, 4]",2,39.57,3.27,41,3,1,MANUAL,1
ROUTE_000144,PLANT17,2024-04-10,PICKER_015,"[2, 10, 16, 18, 19, 24]",6,108.46,4.79,33,7,1,ASTAR,0
ROUTE_000145,PLANT20,2023-06-03,PICKER_028,"[1, 3, 4, 6]",4,66.79,1.9,60,1,1,ASTAR,0
ROUTE_000146,PLANT17,2024-05-24,PICKER_002,"[2, 9, 12, 14, 15, 17, 18, 20, 21, 23]",10,156.7,4.63,30,4,1,DIJKSTRA,1
ROUTE_000147,PLANT08,2024-04-23,PICKER_045,"[7, 10, 18, 19, 20, 21, 24]",7,109.74,4.82,71,5,1,MANUAL,1
ROUTE_000148,PLANT01,2024-11-16,PICKER_010,"[2, 4, 6, 10, 15, 16, 18, 19, 24, 26]",10,160.2,5.26,40,8,1,DIJKSTRA,1
ROUTE_000149,PLANT02,2023-08-28,PICKER_013,"[2, 5]",2,39.57,3.34,79,10,1,MANUAL,1
ROUTE_000150,PLANT10,2023-09-01,PICKER_017,"[3, 4, 5, 6, 8, 13, 15, 21]",8,116.69,3.43,46,1,1,DIJKSTRA,1
ROUTE_000151,PLANT11,2023-12-13,PICKER_036,"[1, 2, 3, 5]",4,67.74,4.28,68,7,1,MANUAL,0
ROUTE_000152,PLANT15,2023-12-06,PICKER_017,"[6, 9, 12, 13, 20]",5,77.47,4.03,23,2,1,DIJKSTRA,1
ROUTE_000153,PLANT02,2023-11-09,PICKER_013,"[1, 2, 3, 4, 5, 6]",6,97.6,4.3,27,9,1,ASTAR,1
ROUTE_000154,PLANT19,2023-02-03,PICKER_012,"[1, 10, 11, 18, 20]",5,77.41,3.0,36,2,1,ASTAR,0
ROUTE_000155,PLANT19,2024-05-31,PICKER_003,"[5, 12, 16, 17]",4,53.22,1.86,37,6,1,DIJKSTRA,1
ROUTE_000156,PLANT18,2023-06-21,PICKER_028,"[5, 13]",2,48.14,2.53,30,3,1,ASTAR,1
ROUTE_000157,PLANT11,2023-08-02,PICKER_002,"[1, 4, 5]",3,44.5,3.11,13,3,1,DIJKSTRA,1
ROUTE_000158,PLANT07,2024-02-27,PICKER_018,"[1, 2, 3, 4, 5, 6, 7, 9, 10, 12]",10,161.49,4.76,41,3,1,DIJKSTRA,0
ROUTE_000159,PLANT15,2024-12-23,PICKER_041,"[11, 12, 13, 14, 16, 19, 21, 22]",8,109.61,4.06,77,8,1,GREEDY,1
ROUTE_000160,PLANT18,2023-07-04,PICKER_030,"[1, 2, 3, 5, 7]",5,80.88,2.5,65,10,1,MANUAL,1
ROUTE_000161,PLANT12,2024-08-14,PICKER_038,"[11, 15, 21, 24]",4,70.36,4.18,40,3,1,ASTAR,1
ROUTE_000162,PLANT10,2024-03-27,PICKER_006,"[5, 6, 9, 12, 13, 17, 21, 22, 24]",9,143.36,5.27,28,7,1,MANUAL,1
ROUTE_000163,PLANT03,2023-03-20,PICKER_047,"[1, 2, 3, 4, 6, 7, 9, 11]",8,111.42,2.94,44,2,1,GREEDY,0
ROUTE_000164,PLANT11,2024-08-20,PICKER_031,"[2, 3, 4, 5]",4,82.62,3.82,16,1,1,MANUAL,0
ROUTE_000165,PLANT13,2023-10-04,PICKER_037,"[1, 3]",2,53.53,3.62,15,2,1,MANUAL,1
ROUTE_000166,PLANT09,2024-04-16,PICKER_017,"[1, 2, 4, 7, 8, 9]",6,113.73,4.08,45,8,1,DIJKSTRA,1
ROUTE_000167,PLANT02,2023-06-19,PICKER_047,"[1, 2, 3, 6]",4,58.31,3.78,64,2,1,GREEDY,1
ROUTE_000168,PLANT15,2023-02-09,PICKER_041,"[11, 14, 19]",3,49.36,2.76,55,9,1,GREEDY,1
ROUTE_000169,PLANT05,2023-07-24,PICKER_011,"[3, 4, 5, 6, 7, 8, 9]",7,125.24,5.41,67,7,1,ASTAR,1
ROUTE_000170,PLANT03,2024-05-12,PICKER_046,"[7, 8]",2,50.27,2.62,51,3,1,GREEDY,0
ROUTE_000171,PLANT01,2023-07-15,PICKER_020,"[3, 7]",2,26.89,3.45,77,1,1,DIJKSTRA,0
ROUTE_000172,PLANT07,2023-01-29,PICKER_025,"[2, 5, 6, 8, 9, 12]",6,107.85,3.88,28,1,1,MANUAL,1
ROUTE_000173,PLANT13,2023-08-15,PICKER_018,"[1, 2, 3, 4, 6, 7, 8, 9, 10]",9,159.01,5.36,12,7,1,ASTAR,1
ROUTE_000174,PLANT06,2023-12-10,PICKER_029,"[4, 6, 8, 10, 14, 15, 19, 20, 25, 27]",10,221.87,6.1,17,4,1,ASTAR,0
ROUTE_000175,PLANT11,2024-04-19,PICKER_016,"[1, 2, 3, 5]",4,77.21,2.5,75,3,1,DIJKSTRA,1
ROUTE_000176,PLANT17,2023-07-01,PICKER_002,"[4, 7, 10, 11, 12, 15, 16, 17, 20, 23]",10,168.19,4.29,53,1,1,MANUAL,1
ROUTE_000177,PLANT19,2024-03-28,PICKER_002,"[5, 6, 13, 19, 21, 22]",6,117.51,4.73,73,6,1,MANUAL,1
ROUTE_000178,PLANT01,2023-03-29,PICKER_007,"[4, 6, 15, 19, 20, 21]",6,98.71,3.85,42,7,1,MANUAL,0
ROUTE_000179,PLANT19,2023-12-02,PICKER_022,"[2, 7, 14, 17, 20, 22]",6,127.92,4.67,17,6,1,ASTAR,1
ROUTE_000180,PLANT20,2023-10-20,PICKER_032,"[1, 4, 7]",3,51.05,1.96,71,8,1,ASTAR,1
ROUTE_000181,PLANT01,2024-11-06,PICKER_011,"[1, 4, 8, 17, 18, 19, 20, 23, 25]",9,164.86,6.2,20,6,1,DIJKSTRA,0
ROUTE_000182,PLANT14,2024-11-25,PICKER_003,"[15, 16, 19, 24, 25]",5,61.87,2.13,70,3,1,GREEDY,0
ROUTE_000183,PLANT16,2024-08-14,PICKER_005,"[3, 6, 8, 10, 12, 15]",6,108.07,4.23,41,10,1,GREEDY,1
ROUTE_000184,PLANT06,2024-01-07,PICKER_009,"[1, 4, 7, 16, 17, 18, 27, 28]",8,120.14,4.5,12,4,1,GREEDY,1
ROUTE_000185,PLANT14,2024-04-04,PICKER_048,"[1, 2, 5, 9, 10, 17, 20, 22, 27, 28]",10,214.54,5.46,62,3,1,DIJKSTRA,0
ROUTE_000186,PLANT05,2023-11-13,PICKER_023,"[1, 2, 3, 5, 6]",5,68.63,2.41,53,6,1,MANUAL,0
ROUTE_000187,PLANT16,2024-11-17,PICKER_030,"[1, 2, 6, 8, 10, 11, 12, 15]",8,123.44,4.13,18,3,1,DIJKSTRA,1
ROUTE_000188,PLANT10,2023-01-10,PICKER_047,"[5, 8, 9, 10, 11, 12]",6,69.63,4.21,12,9,1,DIJKSTRA,0
ROUTE_000189,PLANT14,2023-07-20,PICKER_025,"[4, 6, 15, 17, 23, 29]",6,110.21,3.69,31,2,1,MANUAL,0
ROUTE_000190,PLANT07,2024-10-09,PICKER_041,"[2, 5, 6, 7, 8, 10]",6,122.63,3.24,60,9,1,MANUAL,0
ROUTE_000191,PLANT03,2024-09-15,PICKER_026,"[1, 2, 3, 4, 5, 6, 7]",7,115.71,4.51,61,1,1,GREEDY,1
ROUTE_000192,PLANT16,2024-07-30,PICKER_042,"[2, 6, 8, 9, 10, 11, 13, 14, 15, 16]",10,155.3,5.92,52,4,1,MANUAL,1
ROUTE_000193,PLANT16,2024-05-13,PICKER_001,"[2, 7, 8, 10, 11, 16]",6,119.8,5.24,50,3,1,GREEDY,1
ROUTE_000194,PLANT06,2024-05-08,PICKER_026,"[1, 3, 7, 8, 10, 15, 18]",7,90.76,3.47,36,8,1,MANUAL,0
ROUTE_000195,PLANT16,2023-07-20,PICKER_027,"[1, 5, 7, 8, 9, 13, 16]",7,105.0,2.76,44,2,1,GREEDY,0
ROUTE_000196,PLANT04,2024-10-29,PICKER_036,"[1, 2, 4, 6, 11, 16, 17, 20]",8,152.9,5.73,26,6,1,DIJKSTRA,1
ROUTE_000197,PLANT12,2023-02-10,PICKER_012,"[1, 4, 15, 17, 19, 23, 24]",7,97.49,4.15,19,8,1,ASTAR,0
ROUTE_000198,PLANT03,2023-09-21,PICKER_014,"[2, 3, 8]",3,63.05,4.04,32,9,1,GREEDY,1
ROUTE_000199,PLANT14,2024-10-04,PICKER_032,"[1, 3, 4, 7, 12, 14, 18, 21, 26, 27]",10,167.9,4.0,31,8,1,MANUAL,0
ROUTE_000200,PLANT17,2023-04-27,PICKER_034,"[3, 7, 8, 12, 18, 22]",6,96.58,3.66,42,2,1,MANUAL,1
ROUTE_000201,PLANT08,2024-07-09,PICKER_019,"[15, 23]",2,38.28,2.01,19,2,1,GREEDY,1
ROUTE_000202,PLANT08,2023-09-13,PICKER_024,"[7, 14, 15, 18, 19, 20, 21, 25, 27, 29]",10,176.87,5.3,15,6,1,DIJKSTRA,0
ROUTE_000203,PLANT19,2024-10-12,PICKER_016,"[1, 2, 3, 7, 8, 11, 14, 16, 22, 23]",10,197.26,6.28,56,4,1,GREEDY,1
ROUTE_000204,PLANT17,2023-08-21,PICKER_024,"[1, 2, 5, 9, 10, 11, 12, 16, 17, 18]",10,156.89,5.87,54,10,1,ASTAR,0
ROUTE_000205,PLANT06,2024-01-30,PICKER_025,"[1, 4, 8, 12, 14, 16, 17, 20, 26, 27]",10,160.99,3.91,57,5,1,GREEDY,0
ROUTE_000206,PLANT15,2024-02-23,PICKER_020,"[5, 6, 7, 14]",4,79.44,4.57,23,5,1,GREEDY,0
ROUTE_000207,PLANT19,2024-09-15,PICKER_044,"[2, 12, 13, 16, 20, 21]",6,79.14,4.06,75,2,1,GREEDY,0
ROUTE_000208,PLANT08,2024-02-15,PICKER_012,"[3, 10, 11, 21, 22, 23, 27, 28, 29]",9,185.93,5.22,42,6,1,ASTAR,1
ROUTE_000209,PLANT03,2024-10-25,PICKER_039,"[1, 4, 8, 11]",4,68.5,3.36,41,4,1,MANUAL,1
ROUTE_000210,PLANT20,2023-06-28,PICKER_030,"[1, 3]",2,37.43,2.85,20,7,1,MANUAL,0
ROUTE_000211,PLANT01,2023-08-30,PICKER_032,"[2, 4, 9, 13, 14, 20, 21, 26]",8,120.02,5.05,15,2,1,ASTAR,1
ROUTE_000212,PLANT04,2023-12-22,PICKER_001,"[3, 4, 6, 9, 12, 17, 18]",7,131.47,4.8,67,10,1,MANUAL,0
ROUTE_000213,PLANT11,2024-07-06,PICKER_021,"[2, 3, 4]",3,37.28,2.92,27,5,1,GREEDY,0
ROUTE_000214,PLANT04,2024-01-01,PICKER_017,"[6, 12]",2,27.12,3.37,24,6,1,GREEDY,1
ROUTE_000215,PLANT16,2023-01-10,PICKER_017,"[1, 2, 4, 5, 7, 8, 10, 11, 12, 14]",10,170.68,5.02,15,5,1,DIJKSTRA,0
ROUTE_000216,PLANT13,2023-10-30,PICKER_020,"[1, 2, 6, 7, 9, 10]",6,103.2,2.92,14,3,1,ASTAR,0
ROUTE_000217,PLANT15,2024-06-20,PICKER_023,"[7, 9, 21]",3,56.5,3.8,30,7,1,DIJKSTRA,0
ROUTE_000218,PLANT14,2023-11-22,PICKER_017,"[12, 15]",2,52.52,4.01,63,10,1,DIJKSTRA,0
ROUTE_000219,PLANT20,2023-05-31,PICKER_001,"[4, 5]",2,40.56,2.59,11,8,1,DIJKSTRA,1
ROUTE_000220,PLANT05,2024-01-22,PICKER_046,"[3, 7, 9]",3,62.62,3.3,38,5,1,DIJKSTRA,1
ROUTE_000221,PLANT05,2024-05-16,PICKER_003,"[3, 9]",2,31.21,1.33,16,1,1,ASTAR,0
ROUTE_000222,PLANT16,2023-11-24,PICKER_015,"[2, 3, 4, 5, 7, 8, 11, 12, 14, 15]",10,252.84,7.5,9,4,1,GREEDY,0
ROUTE_000223,PLANT01,2024-04-26,PICKER_032,"[7, 9, 10, 12, 16, 19, 22]",7,110.99,3.83,63,7,1,DIJKSTRA,0
ROUTE_000224,PLANT08,2023-05-14,PICKER_018,"[2, 4, 5, 12, 14, 15, 16, 17, 22]",9,168.25,6.01,60,2,1,GREEDY,1
ROUTE_000225,PLANT17,2023-02-24,PICKER_015,"[4, 12, 16]",3,32.83,3.29,34,3,1,MANUAL,0
ROUTE_000226,PLANT02,2024-02-04,PICKER_024,"[1, 3, 5, 6]",4,58.11,3.41,43,4,1,GREEDY,1
ROUTE_000227,PLANT07,2023-09-26,PICKER_046,"[2, 3, 4, 5, 6, 7, 9, 10, 11, 12]",10,122.13,3.4,61,5,1,MANUAL,0
ROUTE_000228,PLANT02,2024-02-17,PICKER_026,"[1, 2, 4, 5, 6]",5,81.02,4.58,63,3,1,GREEDY,0
ROUTE_000229,PLANT19,2023-12-23,PICKER_023,"[13, 20]",2,18.91,3.1,18,10,1,MANUAL,1
ROUTE_000230,PLANT09,2024-11-11,PICKER_037,"[1, 2, 3, 4, 5, 6, 7, 8, 9, 10]",10,118.74,4.15,46,7,1,MANUAL,0
ROUTE_000231,PLANT16,2023-05-14,PICKER_013,"[1, 7, 8, 10]",4,69.12,3.24,62,9,1,ASTAR,1
ROUTE_000232,PLANT09,2024-05-11,PICKER_033,"[1, 2, 5, 6, 7, 8, 9, 10]",8,80.63,3.47,6,3,1,GREEDY,1
ROUTE_000233,PLANT13,2024-05-27,PICKER_023,"[1, 4, 5, 6, 7, 8, 9, 10]",8,170.54,4.59,39,4,1,ASTAR,0
ROUTE_000234,PLANT01,2024-11-08,PICKER_018,"[2, 6, 8, 15, 16, 21, 22, 25, 26]",9,133.33,4.97,48,5,1,DIJKSTRA,0
ROUTE_000235,PLANT09,2024-08-02,PICKER_033,"[1, 6, 7]",3,39.0,2.79,53,10,1,DIJKSTRA,0
ROUTE_000236,PLANT06,2023-02-23,PICKER_043,"[8, 13, 19, 21]",4,66.03,4.31,23,9,1,DIJKSTRA,1
ROUTE_000237,PLANT04,2023-12-18,PICKER_009,"[1, 2, 7, 10, 11, 12, 16, 19]",8,126.77,3.72,28,10,1,ASTAR,0
ROUTE_000238,PLANT15,2023-09-17,PICKER_037,"[15, 19, 25]",3,55.05,3.21,21,7,1,GREEDY,1
ROUTE_000239,PLANT14,2023-03-19,PICKER_028,"[3, 8, 11, 14, 20, 25, 26, 27, 28, 29]",10,127.11,3.63,54,5,1,ASTAR,0
ROUTE_000240,PLANT14,2024-04-07,PICKER_003,"[1, 2, 8, 14, 24, 26]",6,132.21,4.05,8,8,1,ASTAR,1
ROUTE_000241,PLANT10,2024-10-13,PICKER_046,"[1, 10, 14, 15, 20, 23, 24]",7,122.13,3.12,64,5,1,DIJKSTRA,0
ROUTE_000242,PLANT06,2024-04-28,PICKER_034,"[13, 14, 19, 25]",4,57.34,2.04,12,9,1,DIJKSTRA,1
ROUTE_000243,PLANT16,2024-10-11,PICKER_029,"[3, 5, 6, 8, 9, 11, 13, 14]",8,128.54,3.72,37,6,1,DIJKSTRA,1
ROUTE_000244,PLANT08,2023-05-18,PICKER_048,"[5, 9, 13, 16, 29]",5,110.76,4.67,77,4,1,MANUAL,0
ROUTE_000245,PLANT16,2023-11-02,PICKER_012,"[2, 3, 9]",3,33.92,1.94,32,6,1,MANUAL,1
ROUTE_000246,PLANT14,2023-11-14,PICKER_044,"[5, 11, 17, 18, 20, 23, 24, 25, 28]",9,156.73,6.03,80,3,1,GREEDY,1
ROUTE_000247,PLANT02,2024-12-31,PICKER_016,"[1, 3, 4, 5]",4,67.48,2.27,63,8,1,MANUAL,1
ROUTE_000248,PLANT15,2024-07-06,PICKER_039,"[1, 9, 11]",3,43.98,1.71,58,3,1,GREEDY,1
ROUTE_000249,PLANT06,2023-03-14,PICKER_002,"[4, 26, 27]",3,56.85,2.14,79,3,1,DIJKSTRA,1
ROUTE_000250,PLANT13,2023-03-30,PICKER_023,"[2, 5, 7, 9]",4,65.01,2.15,25,5,1,GREEDY,1
ROUTE_000251,PLANT15,2024-09-04,PICKER_024,"[2, 6, 11, 12, 15, 17, 21]",7,138.37,4.29,39,7,1,MANUAL,1
ROUTE_000252,PLANT08,2023-04-18,PICKER_024,"[4, 15, 28]",3,61.22,2.73,67,1,1,DIJKSTRA,0
ROUTE_000253,PLANT20,2023-07-17,PICKER_050,"[1, 2, 3, 6, 7]",5,77.74,2.5,6,2,1,GREEDY,1
ROUTE_000254,PLANT09,2023-09-18,PICKER_010,"[2, 3, 4, 5, 7, 8, 9, 10]",8,155.63,4.58,53,2,1,ASTAR,1
ROUTE_000255,PLANT08,2024-11-12,PICKER_004,"[13, 15, 20, 21]",4,102.53,3.8,55,10,1,ASTAR,1
ROUTE_000256,PLANT13,2024-06-12,PICKER_009,"[2, 6]",2,45.1,3.67,73,9,1,MANUAL,1
ROUTE_000257,PLANT16,2024-03-02,PICKER_008,"[1, 2, 4]",3,59.31,2.1,25,2,1,ASTAR,1
ROUTE_000258,PLANT06,2023-04-29,PICKER_045,"[1, 4, 6, 15, 18, 19, 21, 25, 26, 27]",10,167.5,4.85,27,5,1,GREEDY,0
ROUTE_000259,PLANT02,2023-11-24,PICKER_001,"[1, 2, 3, 4, 5, 6]",6,79.65,3.17,72,4,1,GREEDY,1
ROUTE_000260,PLANT05,2024-06-07,PICKER_043,"[4, 5, 6, 8]",4,102.2,4.81,13,9,1,DIJKSTRA,1
ROUTE_000261,PLANT20,2024-01-23,PICKER_048,"[1, 2, 3, 4, 5, 6, 7]",7,98.5,2.91,38,9,1,DIJKSTRA,0
ROUTE_000262,PLANT09,2023-04-13,PICKER_011,"[1, 6, 8, 9]",4,84.62,4.39,27,2,1,ASTAR,1
ROUTE_000263,PLANT15,2024-08-10,PICKER_025,"[7, 17, 20]",3,56.15,1.64,8,8,1,ASTAR,0
ROUTE_000264,PLANT02,2023-11-22,PICKER_035,"[1, 2, 3, 4, 5, 6]",6,111.93,4.23,67,6,1,DIJKSTRA,1
ROUTE_000265,PLANT11,2023-05-11,PICKER_030,"[2, 4, 5]",3,41.26,3.02,8,8,1,DIJKSTRA,0
ROUTE_000266,PLANT06,2023-10-05,PICKER_010,"[2, 7, 8, 9, 15, 23, 28]",7,102.46,3.72,80,6,1,DIJKSTRA,1
ROUTE_000267,PLANT19,2024-03-07,PICKER_007,"[1, 3, 5, 9, 11, 12, 17]",7,113.09,4.48,67,3,1,DIJKSTRA,0
ROUTE_000268,PLANT01,2023-10-27,PICKER_006,"[1, 11]",2,52.41,2.48,80,4,1,GREEDY,0
ROUTE_000269,PLANT12,2024-07-26,PICKER_034,"[4, 8, 9, 10, 13, 16, 20, 21, 23]",9,180.08,5.85,26,2,1,MANUAL,1
ROUTE_000270,PLANT01,2023-03-20,PICKER_021,"[1, 4, 6, 9, 20, 22, 24, 25, 26]",9,169.43,6.27,37,10,1,GREEDY,1
ROUTE_000271,PLANT10,2024-04-21,PICKER_026,"[16, 21]",2,54.85,3.62,18,5,1,ASTAR,0
ROUTE_000272,PLANT02,2023-11-21,PICKER_028,"[2, 4, 5, 6]",4,72.54,4.34,9,2,1,MANUAL,0
ROUTE_000273,PLANT10,2023-09-03,PICKER_004,"[3, 4, 6, 12, 17, 20]",6,101.2,3.15,53,6,1,ASTAR,0
ROUTE_000274,PLANT19,2023-04-26,PICKER_034,"[12, 19]",2,38.17,3.33,18,10,1,DIJKSTRA,0
ROUTE_000275,PLANT05,2024-02-05,PICKER_044,"[1, 4, 6, 7, 8, 9]",6,99.33,4.23,78,5,1,GREEDY,1
ROUTE_000276,PLANT12,2024-01-11,PICKER_006,"[1, 3, 8, 11, 14, 15, 16, 17, 25]",9,156.26,3.95,75,6,1,GREEDY,1
ROUTE_000277,PLANT02,2024-01-11,PICKER_028,"[1, 2, 3, 4, 5, 6]",6,80.03,3.28,58,2,1,ASTAR,1
ROUTE_000278,PLANT09,2023-10-19,PICKER_022,"[1, 2, 5, 6, 7, 8, 9, 10]",8,148.71,3.71,8,9,1,MANUAL,0
ROUTE_000279,PLANT14,2023-11-21,PICKER_039,"[9, 10, 19, 22]",4,66.07,2.61,40,3,1,ASTAR,0
ROUTE_000280,PLANT01,2023-03-25,PICKER_019,"[1, 11, 22, 26]",4,96.53,3.03,61,6,1,DIJKSTRA,0
ROUTE_000281,PLANT19,2023-07-18,PICKER_006,"[1, 5, 10, 12, 13, 14, 15, 17, 23]",9,147.88,4.89,9,10,1,DIJKSTRA,0
ROUTE_000282,PLANT19,2024-12-31,PICKER_010,"[5, 8, 15]",3,59.12,2.06,79,10,1,MANUAL,0
ROUTE_000283,PLANT07,2023-08-26,PICKER_030,"[2, 6, 9]",3,61.82,4.19,73,8,1,MANUAL,1
ROUTE_000284,PLANT15,2024-08-29,PICKER_034,"[4, 7, 8, 9, 10, 21]",6,81.22,3.41,76,6,1,GREEDY,0
ROUTE_000285,PLANT13,2024-08-08,PICKER_017,"[1, 2, 4, 7, 9, 10]",6,121.78,3.86,53,5,1,GREEDY,1
ROUTE_000286,PLANT11,2024-04-28,PICKER_014,"[2, 5]",2,46.38,1.48,71,6,1,MANUAL,1
ROUTE_000287,PLANT15,2024-12-08,PICKER_038,"[1, 5, 6, 7, 9, 10, 11, 14, 17, 21]",10,120.4,5.26,63,5,1,GREEDY,0
ROUTE_000288,PLANT03,2024-12-20,PICKER_032,"[1, 2, 4, 5, 6, 7, 8, 9, 10, 11]",10,158.98,4.52,8,2,1,DIJKSTRA,1
ROUTE_000289,PLANT17,2024-11-03,PICKER_008,"[10, 12, 18]",3,54.85,2.44,29,3,1,DIJKSTRA,0
ROUTE_000290,PLANT01,2024-12-24,PICKER_042,"[1, 3, 10, 25, 26]",5,74.74,3.19,68,2,1,MANUAL,0
ROUTE_000291,PLANT03,2023-07-28,PICKER_024,"[4, 6, 10]",3,41.53,2.65,17,7,1,ASTAR,1
ROUTE_000292,PLANT05,2024-08-12,PICKER_022,"[1, 2, 3, 4, 6, 7, 8, 9]",8,158.97,3.92,27,5,1,ASTAR,1
ROUTE_000293,PLANT05,2024-06-02,PICKER_046,"[1, 3, 4]",3,42.16,1.7,42,5,1,DIJKSTRA,1
ROUTE_000294,PLANT10,2023-01-14,PICKER_039,"[3, 8, 13, 16, 20, 21, 23]",7,150.09,5.52,71,2,1,MANUAL,0
ROUTE_000295,PLANT19,2023-09-08,PICKER_003,"[1, 4, 9, 13, 15, 16, 20, 22]",8,150.18,4.42,7,9,1,MANUAL,0
ROUTE_000296,PLANT07,2024-07-26,PICKER_032,"[3, 6]",2,40.37,3.09,66,9,1,GREEDY,0
ROUTE_000297,PLANT05,2024-09-17,PICKER_040,"[1, 2, 3, 4, 5, 6, 7, 8, 9]",9,186.15,6.21,30,8,1,MANUAL,1
ROUTE_000298,PLANT09,2024-11-25,PICKER_027,"[6, 8]",2,25.42,3.27,31,4,1,DIJKSTRA,1
ROUTE_000299,PLANT20,2024-07-02,PICKER_042,"[1, 2, 3, 4, 5, 6, 7]",7,137.64,5.24,12,4,1,MANUAL,1
ROUTE_000300,PLANT12,2024-11-04,PICKER_050,"[1, 4, 10, 15, 16, 17, 20, 21, 24, 25]",10,174.76,5.42,59,10,1,ASTAR,0
ROUTE_000301,PLANT20,2023-01-23,PICKER_009,"[2, 3, 4, 5, 6, 7]",6,101.15,3.45,70,1,1,GREEDY,1
ROUTE_000302,PLANT07,2023-09-09,PICKER_023,"[2, 3, 5, 6, 7, 8, 9, 11, 12]",9,127.34,5.42,57,9,1,DIJKSTRA,1
ROUTE_000303,PLANT12,2024-05-20,PICKER_038,"[13, 14, 18, 19, 24]",5,61.46,4.05,35,1,1,ASTAR,0
ROUTE_000304,PLANT09,2023-12-29,PICKER_005,"[3, 6, 8, 10]",4,97.4,4.9,36,6,1,ASTAR,0
ROUTE_000305,PLANT11,2024-03-22,PICKER_010,"[1, 2]",2,38.71,3.07,13,10,1,DIJKSTRA,0
ROUTE_000306,PLANT13,2023-02-24,PICKER_008,"[3, 6, 7, 9, 10]",5,58.47,3.14,53,5,1,MANUAL,0
ROUTE_000307,PLANT15,2024-11-08,PICKER_045,"[6, 11, 17, 23]",4,53.52,3.89,25,5,1,ASTAR,1
ROUTE_000308,PLANT01,2024-06-27,PICKER_015,"[2, 4, 6, 9, 13, 17, 18, 24]",8,170.12,5.22,53,3,1,GREEDY,1
ROUTE_000309,PLANT19,2024-04-26,PICKER_025,"[10, 13, 17, 19, 22]",5,74.02,3.34,33,8,1,MANUAL,0
ROUTE_000310,PLANT18,2024-03-16,PICKER_034,"[1, 2, 5, 6, 8, 9, 10, 13, 15, 16]",10,153.71,4.75,54,8,1,GREEDY,0
ROUTE_000311,PLANT14,2024-12-28,PICKER_025,"[2, 3, 8, 24, 26]",5,114.3,4.74,54,7,1,GREEDY,0
ROUTE_000312,PLANT15,2023-04-05,PICKER_037,"[4, 12, 18, 20, 21, 24]",6,124.74,4.98,36,10,1,MANUAL,0
ROUTE_000313,PLANT10,2023-08-26,PICKER_005,"[2, 8]",2,17.29,2.92,37,2,1,ASTAR,0
ROUTE_000314,PLANT10,2024-12-22,PICKER_006,"[3, 4, 19, 20, 22, 23]",6,87.62,3.48,76,4,1,MANUAL,0
ROUTE_000315,PLANT11,2024-10-16,PICKER_029,"[1, 2, 4, 5]",4,79.12,2.32,27,7,1,MANUAL,0
ROUTE_000316,PLANT08,2024-07-05,PICKER_042,"[15, 20, 25, 26, 29]",5,105.34,3.27,59,8,1,DIJKSTRA,1
ROUTE_000317,PLANT07,2024-06-04,PICKER_011,"[2, 5, 8]",3,41.99,1.79,75,10,1,MANUAL,0
ROUTE_000318,PLANT07,2024-11-15,PICKER_007,"[1, 3, 4, 8, 9, 10, 11]",7,97.52,2.72,20,8,1,ASTAR,0
ROUTE_000319,PLANT09,2024-04-22,PICKER_041,"[5, 6, 7]",3,28.39,3.29,49,2,1,DIJKSTRA,0
ROUTE_000320,PLANT18,2024-03-28,PICKER_003,"[2, 4, 7, 9, 10, 14, 15]",7,130.32,5.01,43,7,1,GREEDY,0
ROUTE_000321,PLANT09,2024-06-20,PICKER_020,"[1, 2, 5, 7, 9]",5,112.41,5.25,60,3,1,GREEDY,1
ROUTE_000322,PLANT16,2023-09-22,PICKER_036,"[5, 8, 12, 14]",4,102.27,3.37,52,3,1,MANUAL,0
ROUTE_000323,PLANT07,2023-12-23,PICKER_010,"[4, 5, 10]",3,34.75,1.31,53,9,1,ASTAR,1
ROUTE_000324,PLANT13,2023-08-15,PICKER_031,"[3, 10]",2,30.23,2.25,35,9,1,DIJKSTRA,1
ROUTE_000325,PLANT04,2024-04-10,PICKER_003,"[1, 10, 18]",3,65.33,2.38,78,4,1,GREEDY,0
ROUTE_000326,PLANT15,2024-10-21,PICKER_023,"[1, 2, 4, 9, 11, 13]",6,132.7,5.46,48,10,1,ASTAR,1
ROUTE_000327,PLANT10,2023-09-16,PICKER_030,"[1, 2, 3, 15, 18, 19]",6,82.06,4.18,35,2,1,ASTAR,1
ROUTE_000328,PLANT15,2024-10-02,PICKER_002,"[3, 5, 8, 10, 12, 15]",6,89.65,3.61,68,2,1,MANUAL,1
ROUTE_000329,PLANT15,2024-04-13,PICKER_032,"[1, 2, 5, 13, 17, 20, 22, 23]",8,128.67,4.14,74,4,1,DIJKSTRA,0
ROUTE_000330,PLANT15,2024-11-25,PICKER_031,"[1, 7, 9, 10, 15, 17, 18, 20, 23]",9,138.0,5.67,48,2,1,ASTAR,1
ROUTE_000331,PLANT16,2024-09-18,PICKER_043,"[1, 2, 3, 4, 7, 8, 10, 11, 15, 16]",10,151.13,5.55,27,6,1,MANUAL,1
ROUTE_000332,PLANT11,2024-02-17,PICKER_031,"[3, 5]",2,25.86,2.69,31,10,1,GREEDY,0
ROUTE_000333,PLANT12,2023-10-22,PICKER_011,"[1, 5, 6, 7, 8, 13, 14, 20, 21, 24]",10,158.69,5.73,27,9,1,MANUAL,0
ROUTE_000334,PLANT06,2024-01-03,PICKER_004,"[1, 6, 7, 14, 16, 20, 24, 25, 28]",9,177.69,4.43,80,6,1,DIJKSTRA,1
ROUTE_000335,PLANT10,2024-01-10,PICKER_018,"[13, 21]",2,24.28,2.62,76,10,1,ASTAR,1
ROUTE_000336,PLANT05,2024-07-15,PICKER_041,"[2, 3, 4, 7, 9]",5,91.98,3.18,16,9,1,GREEDY,1
ROUTE_000337,PLANT04,2024-11-07,PICKER_003,"[4, 5, 6, 7, 10, 11, 12, 13, 17]",9,162.72,6.05,62,6,1,MANUAL,0
ROUTE_000338,PLANT12,2023-04-08,PICKER_050,"[4, 7, 10, 19, 22]",5,88.66,3.51,35,5,1,DIJKSTRA,0
ROUTE_000339,PLANT14,2023-04-03,PICKER_012,"[3, 8, 13, 18, 25]",5,108.68,3.82,61,5,1,DIJKSTRA,0
ROUTE_000340,PLANT09,2024-01-15,PICKER_033,"[2, 4, 8, 10]",4,68.34,3.65,62,5,1,GREEDY,1
ROUTE_000341,PLANT19,2023-12-15,PICKER_010,"[2, 7, 12, 14, 18, 21]",6,114.72,4.52,54,8,1,MANUAL,0
ROUTE_000342,PLANT18,2023-12-29,PICKER_027,"[1, 2, 4, 6, 8, 9, 14, 15]",8,147.19,5.4,32,1,1,GREEDY,0
ROUTE_000343,PLANT12,2024-10-17,PICKER_035,"[5, 8, 10, 13, 14, 15, 17, 21]",8,183.76,6.38,62,8,1,GREEDY,1
ROUTE_000344,PLANT02,2024-09-22,PICKER_005,"[1, 2, 3, 4, 5, 6]",6,121.7,3.17,56,7,1,GREEDY,1
ROUTE_000345,PLANT04,2023-03-25,PICKER_047,"[1, 4, 7, 9, 10, 15, 18]",7,144.62,3.49,24,1,1,GREEDY,0
ROUTE_000346,PLANT20,2023-08-11,PICKER_041,"[2, 3, 4]",3,56.74,2.94,17,10,1,ASTAR,1
ROUTE_000347,PLANT02,2023-12-13,PICKER_030,"[1, 2, 3, 4, 5]",5,107.74,2.85,17,4,1,DIJKSTRA,0
ROUTE_000348,PLANT09,2024-10-04,PICKER_019,"[1, 3, 4, 5, 6, 8, 10]",7,101.73,3.02,26,9,1,MANUAL,0
ROUTE_000349,PLANT16,2024-05-29,PICKER_034,"[2, 3, 6, 13, 15]",5,72.12,3.12,68,6,1,DIJKSTRA,1
ROUTE_000350,PLANT05,2023-11-30,PICKER_018,"[1, 2, 6]",3,77.48,2.06,31,3,1,DIJKSTRA,1
ROUTE_000351,PLANT07,2023-01-03,PICKER_006,"[1, 5, 6, 11, 12]",5,55.59,2.32,25,5,1,MANUAL,0
ROUTE_000352,PLANT15,2024-02-27,PICKER_022,"[8, 13, 16, 24]",4,80.71,3.08,34,4,1,DIJKSTRA,0
ROUTE_000353,PLANT06,2024-06-03,PICKER_019,"[2, 3, 8, 12, 16, 28]",6,112.3,3.71,63,3,1,ASTAR,0
ROUTE_000354,PLANT05,2023-06-24,PICKER_046,"[4, 5, 6]",3,35.6,3.38,50,8,1,DIJKSTRA,0
ROUTE_000355,PLANT20,2023-10-28,PICKER_028,"[1, 2, 3, 4, 6, 7]",6,82.82,3.75,66,6,1,ASTAR,1
ROUTE_000356,PLANT20,2024-08-17,PICKER_018,"[1, 2, 3, 4, 5, 6, 7]",7,142.7,3.84,78,3,1,GREEDY,0
ROUTE_000357,PLANT01,2023-03-15,PICKER_023,"[5, 13, 14, 17, 26]",5,93.12,2.52,64,5,1,GREEDY,1
ROUTE_000358,PLANT07,2023-04-01,PICKER_012,"[1, 8, 9]",3,35.31,3.14,57,2,1,DIJKSTRA,1
ROUTE_000359,PLANT06,2023-06-28,PICKER_003,"[5, 10, 15, 16]",4,58.06,1.78,43,5,1,ASTAR,1
ROUTE_000360,PLANT06,2023-07-09,PICKER_022,"[3, 10, 12, 14, 19, 22]",6,109.25,3.64,35,7,1,ASTAR,1
ROUTE_000361,PLANT06,2024-07-10,PICKER_012,"[2, 12, 21, 23, 28]",5,80.17,2.16,10,4,1,DIJKSTRA,0
ROUTE_000362,PLANT07,2023-10-07,PICKER_001,"[2, 4, 5, 7, 8]",5,81.86,2.87,18,7,1,GREEDY,1
ROUTE_000363,PLANT12,2024-01-01,PICKER_049,"[2, 5, 9, 10, 13, 19, 24]",7,122.82,3.06,56,10,1,GREEDY,1
ROUTE_000364,PLANT17,2023-10-13,PICKER_009,"[5, 9, 13, 18, 20]",5,80.97,3.97,5,4,1,MANUAL,1
ROUTE_000365,PLANT04,2024-12-26,PICKER_037,"[9, 10, 12, 15, 18]",5,83.94,4.45,33,6,1,DIJKSTRA,0
ROUTE_000366,PLANT08,2024-04-14,PICKER_029,"[1, 2, 15, 16, 21, 23, 26]",7,91.69,3.37,70,3,1,DIJKSTRA,1
ROUTE_000367,PLANT18,2024-04-29,PICKER_040,"[1, 4, 7, 10, 11, 12]",6,134.07,4.06,12,9,1,ASTAR,1
ROUTE_000368,PLANT01,2023-12-05,PICKER_027,"[2, 4, 5, 7, 10, 11, 18, 20, 21, 24]",10,151.8,3.99,50,7,1,GREEDY,1
ROUTE_000369,PLANT12,2024-03-14,PICKER_010,"[1, 6, 11, 12, 15, 19, 21]",7,176.52,4.89,46,9,1,GREEDY,0
ROUTE_000370,PLANT02,2024-08-18,PICKER_033,"[1, 3, 4, 5, 6]",5,68.29,1.99,15,6,1,DIJKSTRA,0
ROUTE_000371,PLANT07,2023-04-13,PICKER_017,"[1, 2, 3, 4, 5, 7, 8, 11]",8,130.66,3.68,9,1,1,DIJKSTRA,1
ROUTE_000372,PLANT15,2023-03-26,PICKER_012,"[3, 4, 13, 14, 21, 24]",6,106.09,3.05,33,9,1,GREEDY,0
ROUTE_000373,PLANT13,2023-07-06,PICKER_023,"[1, 4, 5, 6, 7, 8, 10]",7,117.74,3.03,53,8,1,MANUAL,1
ROUTE_000374,PLANT10,2024-01-26,PICKER_008,"[1, 4, 8, 9, 13]",5,94.76,3.37,56,5,1,MANUAL,0
ROUTE_000375,PLANT09,2024-05-28,PICKER_049,"[5, 6, 9, 10]",4,59.81,3.11,44,3,1,ASTAR,0
ROUTE_000376,PLANT17,2024-11-26,PICKER_016,"[1, 2, 3, 7, 8, 10, 14, 20, 21, 24]",10,160.51,4.0,22,9,1,GREEDY,1
ROUTE_000377,PLANT17,2023-09-03,PICKER_005,"[2, 10, 19, 20]",4,80.72,3.77,24,1,1,DIJKSTRA,1
ROUTE_000378,PLANT14,2023-07-18,PICKER_033,"[1, 3, 4, 7, 10, 13, 17, 21, 22, 27]",10,175.15,4.4,23,1,1,MANUAL,0
ROUTE_000379,PLANT11,2024-03-28,PICKER_013,"[4, 5]",2,25.85,2.11,20,6,1,MANUAL,1
ROUTE_000380,PLANT10,2024-11-20,PICKER_031,"[5, 7, 10, 17, 21, 22, 23]",7,113.89,4.93,8,3,1,ASTAR,1
ROUTE_000381,PLANT10,2024-07-21,PICKER_033,"[1, 20, 24]",3,55.82,1.93,50,1,1,MANUAL,0
ROUTE_000382,PLANT08,2024-10-16,PICKER_012,"[3, 7, 16, 27, 29]",5,67.69,2.07,49,7,1,ASTAR,1
ROUTE_000383,PLANT05,2023-06-21,PICKER_015,"[1, 3, 4, 6, 7]",5,84.65,3.15,66,2,1,DIJKSTRA,0
ROUTE_000384,PLANT12,2023-11-22,PICKER_028,"[2, 6, 8, 9, 10, 12, 15, 16, 20]",9,161.33,5.75,23,3,1,DIJKSTRA,0
ROUTE_000385,PLANT20,2024-11-29,PICKER_003,"[3, 4, 5]",3,59.76,2.0,60,7,1,MANUAL,0
ROUTE_000386,PLANT03,2024-10-21,PICKER_022,"[1, 6, 8, 9, 11]",5,91.81,3.6,74,5,1,DIJKSTRA,1
ROUTE_000387,PLANT07,2024-03-26,PICKER_034,"[3, 5, 6, 9, 10, 11]",6,127.37,4.24,31,5,1,ASTAR,0
ROUTE_000388,PLANT20,2023-02-01,PICKER_003,"[1, 2, 3, 4, 5, 6, 7]",7,155.97,4.74,29,7,1,GREEDY,0
ROUTE_000389,PLANT11,2023-01-23,PICKER_006,"[2, 4, 5]",3,33.15,3.52,33,1,1,DIJKSTRA,0
ROUTE_000390,PLANT06,2024-12-02,PICKER_050,"[3, 9, 11, 17, 23]",5,83.55,4.25,12,5,1,GREEDY,1
ROUTE_000391,PLANT01,2024-06-16,PICKER_016,"[2, 4, 6, 8, 11, 12, 21, 22, 23, 25]",10,191.45,4.53,40,10,1,ASTAR,1
ROUTE_000392,PLANT16,2024-06-23,PICKER_012,"[4, 14]",2,25.22,1.45,32,1,1,GREEDY,0
ROUTE_000393,PLANT04,2023-04-19,PICKER_008,"[2, 4, 5, 6, 11, 12, 16, 18]",8,123.92,3.18,70,9,1,DIJKSTRA,1
ROUTE_000394,PLANT14,2024-10-02,PICKER_011,"[1, 3, 13, 18, 23, 29]",6,89.06,3.59,14,5,1,ASTAR,1
ROUTE_000395,PLANT06,2024-11-20,PICKER_006,"[5, 8, 19, 21, 23, 25]",6,112.02,3.47,49,9,1,DIJKSTRA,1
ROUTE_000396,PLANT19,2023-10-12,PICKER_021,"[7, 9, 11, 13]",4,79.64,3.59,36,3,1,ASTAR,1
ROUTE_000397,PLANT01,2024-11-09,PICKER_013,"[7, 15, 16]",3,78.25,3.47,45,1,1,DIJKSTRA,1
ROUTE_000398,PLANT03,2023-08-31,PICKER_027,"[1, 2, 4, 5, 7, 8]",6,89.37,4.27,17,7,1,ASTAR,1
ROUTE_000399,PLANT16,2023-03-16,PICKER_031,"[2, 3, 7, 8, 13, 14]",6,93.21,3.15,36,7,1,GREEDY,1
ROUTE_000400,PLANT06,2023-11-08,PICKER_038,"[3, 5, 16]",3,54.47,3.7,7,9,1,ASTAR,0
ROUTE_000401,PLANT09,2023-07-25,PICKER_028,"[1, 2, 3, 4, 5, 7, 9, 10]",8,178.8,4.72,50,10,1,GREEDY,1
ROUTE_000402,PLANT01,2024-02-09,PICKER_025,"[3, 5, 7, 10, 11, 12, 13, 16, 26]",9,189.59,4.95,9,8,1,MANUAL,0
ROUTE_000403,PLANT08,2023-03-15,PICKER_032,"[5, 10, 21, 24, 26]",5,57.82,2.79,74,4,1,ASTAR,0
ROUTE_000404,PLANT20,2023-01-03,PICKER_023,"[1, 2, 3, 4, 5, 6]",6,98.51,2.97,34,8,1,DIJKSTRA,0
ROUTE_000405,PLANT14,2023-02-04,PICKER_003,"[4, 10, 18, 23, 24, 26, 29]",7,132.41,4.45,35,4,1,MANUAL,0
ROUTE_000406,PLANT13,2024-08-27,PICKER_032,"[1, 2, 4]",3,55.24,1.74,61,1,1,GREEDY,0
ROUTE_000407,PLANT13,2023-09-23,PICKER_030,"[1, 2, 7, 9]",4,74.52,4.2,14,10,1,GREEDY,0
ROUTE_000408,PLANT06,2024-12-03,PICKER_043,"[3, 6, 8, 10, 25]",5,99.79,3.99,67,5,1,DIJKSTRA,1
ROUTE_000409,PLANT12,2024-05-13,PICKER_037,"[4, 17]",2,43.12,2.01,21,2,1,DIJKSTRA,1
ROUTE_000410,PLANT14,2023-10-16,PICKER_015,"[1, 5, 6, 9, 10, 25]",6,129.77,3.16,78,2,1,ASTAR,1
ROUTE_000411,PLANT09,2023-12-03,PICKER_026,"[1, 2, 3, 5, 6, 7, 9, 10]",8,146.47,5.74,73,6,1,DIJKSTRA,0
ROUTE_000412,PLANT17,2024-09-11,PICKER_032,"[1, 4, 10, 13, 16, 17, 21, 22, 24]",9,146.02,5.4,72,2,1,GREEDY,0
ROUTE_000413,PLANT05,2024-01-09,PICKER_037,"[1, 5, 6, 7, 8]",5,97.6,2.94,37,6,1,MANUAL,1
ROUTE_000414,PLANT18,2024-05-20,PICKER_042,"[6, 12, 14, 16]",4,76.42,4.13,17,10,1,MANUAL,0
ROUTE_000415,PLANT16,2024-02-05,PICKER_018,"[3, 7, 10, 11, 16]",5,99.68,4.79,23,10,1,ASTAR,0
ROUTE_000416,PLANT01,2023-11-01,PICKER_045,"[5, 12, 15, 19, 26]",5,93.17,2.89,29,1,1,MANUAL,0
ROUTE_000417,PLANT03,2024-12-07,PICKER_016,"[2, 3, 4, 5, 6, 7, 8, 9, 11]",9,155.99,4.78,17,10,1,ASTAR,0
ROUTE_000418,PLANT20,2024-05-15,PICKER_042,"[1, 4, 5, 6]",4,77.25,3.41,72,8,1,GREEDY,0
ROUTE_000419,PLANT13,2023-03-19,PICKER_050,"[2, 3, 4, 5]",4,58.74,1.95,32,7,1,DIJKSTRA,0
ROUTE_000420,PLANT12,2023-02-06,PICKER_046,"[10, 21]",2,34.76,3.02,66,10,1,ASTAR,0
ROUTE_000421,PLANT15,2024-04-17,PICKER_042,"[6, 21, 23]",3,61.08,4.05,12,4,1,MANUAL,0
ROUTE_000422,PLANT01,2024-10-25,PICKER_042,"[8, 11]",2,42.37,1.73,79,1,1,DIJKSTRA,0
ROUTE_000423,PLANT13,2024-04-11,PICKER_044,"[6, 7, 8]",3,74.24,3.23,27,9,1,DIJKSTRA,1
ROUTE_000424,PLANT14,2024-04-01,PICKER_014,"[1, 2, 3, 5, 15, 16, 25, 26]",8,162.05,4.88,35,10,1,ASTAR,0
ROUTE_000425,PLANT15,2024-11-23,PICKER_035,"[1, 2, 8, 10, 13, 16, 17, 19, 22, 24]",10,159.91,4.56,46,1,1,MANUAL,0
ROUTE_000426,PLANT05,2023-09-12,PICKER_025,"[1, 2, 3]",3,60.75,3.73,20,3,1,MANUAL,0
ROUTE_000427,PLANT07,2023-09-16,PICKER_029,"[3, 7, 8, 9, 11]",5,89.95,4.01,20,3,1,MANUAL,0
ROUTE_000428,PLANT13,2023-11-29,PICKER_034,"[1, 3, 4, 10]",4,76.42,2.15,11,3,1,DIJKSTRA,0
ROUTE_000429,PLANT09,2023-09-09,PICKER_041,"[5, 6, 8, 9]",4,60.81,2.99,23,6,1,GREEDY,0
ROUTE_000430,PLANT15,2023-06-22,PICKER_040,"[1, 5, 8, 9, 11, 12, 13, 14, 22]",9,191.98,5.09,77,2,1,ASTAR,0
ROUTE_000431,PLANT20,2023-04-23,PICKER_027,"[3, 5, 6, 7]",4,89.49,3.36,73,9,1,GREEDY,0
ROUTE_000432,PLANT18,2024-09-12,PICKER_038,"[1, 4, 5, 12, 14]",5,89.67,2.77,62,8,1,ASTAR,1
ROUTE_000433,PLANT12,2023-06-18,PICKER_017,"[5, 12, 21]",3,57.32,3.38,71,3,1,MANUAL,0
ROUTE_000434,PLANT16,2023-04-04,PICKER_028,"[2, 6, 7, 8, 12, 14, 15, 16]",8,141.47,3.83,75,7,1,ASTAR,0
ROUTE_000435,PLANT04,2024-10-24,PICKER_031,"[5, 10, 13, 15, 16, 18]",6,117.19,3.62,41,6,1,ASTAR,0
ROUTE_000436,PLANT06,2024-05-30,PICKER_010,"[3, 6, 20]",3,74.35,3.76,58,4,1,ASTAR,1
ROUTE_000437,PLANT04,2024-12-21,PICKER_022,"[4, 5, 7, 8, 9, 11, 15, 16, 17, 20]",10,175.11,5.22,79,4,1,DIJKSTRA,0
ROUTE_000438,PLANT03,2024-10-18,PICKER_047,"[1, 5, 7, 8]",4,95.57,4.44,59,7,1,MANUAL,1
ROUTE_000439,PLANT13,2023-10-21,PICKER_025,"[1, 2, 3, 4, 5, 6, 7, 8, 9, 10]",10,191.93,6.71,31,4,1,ASTAR,1
ROUTE_000440,PLANT11,2024-08-29,PICKER_025,"[1, 2, 3, 5]",4,103.28,3.92,62,7,1,MANUAL,1
ROUTE_000441,PLANT12,2024-08-01,PICKER_029,"[11, 12, 20, 21]",4,72.52,3.72,65,10,1,GREEDY,1
ROUTE_000442,PLANT19,2024-02-14,PICKER_033,"[3, 4, 9, 10, 11, 13, 14, 19, 21]",9,170.34,5.98,6,3,1,MANUAL,1
ROUTE_000443,PLANT15,2024-09-30,PICKER_009,"[6, 9, 13, 25]",4,58.48,2.57,6,7,1,GREEDY,0
ROUTE_000444,PLANT14,2024-07-18,PICKER_021,"[11, 12, 14, 15, 24]",5,71.05,4.07,65,2,1,GREEDY,0
ROUTE_000445,PLANT02,2024-01-04,PICKER_031,"[1, 3, 6]",3,64.31,3.03,53,7,1,MANUAL,0
ROUTE_000446,PLANT15,2024-09-12,PICKER_045,"[9, 11, 12, 13, 15, 17, 18, 19]",8,132.67,5.43,15,4,1,MANUAL,1
ROUTE_000447,PLANT11,2023-12-03,PICKER_028,"[1, 2, 3, 4, 5]",5,96.94,4.77,51,8,1,ASTAR,1
ROUTE_000448,PLANT13,2023-10-05,PICKER_044,"[1, 2, 3, 4, 6, 9, 10]",7,124.26,5.18,46,6,1,MANUAL,1
ROUTE_000449,PLANT07,2023-11-21,PICKER_008,"[2, 4, 5, 6, 7, 8, 9, 10, 11]",9,171.51,4.74,53,8,1,DIJKSTRA,1
ROUTE_000450,PLANT09,2024-11-24,PICKER_002,"[1, 2, 3, 4, 5, 6, 7, 8, 9, 10]",10,212.22,5.8,27,9,1,ASTAR,0
ROUTE_000451,PLANT03,2024-12-02,PICKER_041,"[8, 10]",2,24.87,3.05,49,8,1,ASTAR,0
ROUTE_000452,PLANT04,2024-07-22,PICKER_001,"[1, 4, 5, 8, 9, 11, 14, 15, 20]",9,148.2,3.57,54,9,1,DIJKSTRA,0
ROUTE_000453,PLANT16,2023-09-06,PICKER_037,"[7, 16]",2,38.05,2.18,68,2,1,ASTAR,0
ROUTE_000454,PLANT19,2024-07-06,PICKER_036,"[2, 4, 9, 10, 14, 15, 18, 21, 23]",9,181.96,6.14,7,10,1,GREEDY,0
ROUTE_000455,PLANT14,2024-05-27,PICKER_045,"[11, 14, 20]",3,53.47,2.55,30,6,1,DIJKSTRA,1
ROUTE_000456,PLANT10,2024-07-08,PICKER_026,"[2, 22]",2,35.86,1.57,11,7,1,DIJKSTRA,0
ROUTE_000457,PLANT12,2024-04-25,PICKER_021,"[2, 10, 13, 23]",4,72.69,3.01,61,5,1,DIJKSTRA,1
ROUTE_000458,PLANT12,2024-03-14,PICKER_011,"[4, 5, 9, 12, 24, 25]",6,98.0,3.56,76,7,1,ASTAR,0
ROUTE_000459,PLANT18,2023-01-31,PICKER_002,"[9, 12, 15, 16]",4,46.49,2.22,30,7,1,DIJKSTRA,1
ROUTE_000460,PLANT05,2024-07-26,PICKER_021,"[6, 9]",2,41.79,1.34,13,3,1,DIJKSTRA,0
ROUTE_000461,PLANT03,2024-06-12,PICKER_028,"[3, 8]",2,23.99,2.87,48,4,1,GREEDY,1
ROUTE_000462,PLANT03,2024-04-12,PICKER_022,"[1, 2, 3, 4, 5, 6, 9, 10, 11]",9,157.79,5.81,23,5,1,GREEDY,1
ROUTE_000463,PLANT07,2023-07-20,PICKER_016,"[9, 11]",2,46.13,1.87,53,5,1,MANUAL,1
ROUTE_000464,PLANT10,2023-05-30,PICKER_035,"[7, 9, 14, 22, 24]",5,67.2,2.99,39,1,1,ASTAR,0
ROUTE_000465,PLANT14,2024-12-10,PICKER_001,"[2, 22]",2,55.39,1.71,76,7,1,MANUAL,0
ROUTE_000466,PLANT02,2024-06-27,PICKER_049,"[1, 2, 3, 4, 5, 6]",6,109.05,3.0,71,6,1,ASTAR,0
ROUTE_000467,PLANT17,2023-03-03,PICKER_036,"[1, 3, 19, 21]",4,36.08,1.54,39,9,1,ASTAR,0
ROUTE_000468,PLANT10,2023-09-13,PICKER_002,"[1, 4, 5, 7, 8, 11, 12, 15, 18, 24]",10,185.79,4.74,10,9,1,DIJKSTRA,0
ROUTE_000469,PLANT05,2023-11-30,PICKER_010,"[4, 6, 9]",3,51.4,2.01,71,2,1,MANUAL,1
ROUTE_000470,PLANT04,2024-01-12,PICKER_002,"[1, 2, 9, 11, 12, 14, 15, 16, 17, 19]",10,174.67,4.57,10,3,1,ASTAR,0
ROUTE_000471,PLANT02,2024-12-30,PICKER_022,"[3, 4, 5]",3,65.82,3.45,45,1,1,MANUAL,1
ROUTE_000472,PLANT17,2024-10-06,PICKER_009,"[1, 3, 4, 5, 7, 10, 14, 15, 19, 21]",10,172.63,5.77,67,10,1,GREEDY,1
ROUTE_000473,PLANT18,2024-09-11,PICKER_045,"[5, 6, 7, 10, 11, 12, 13, 14, 15]",9,137.4,3.83,14,4,1,DIJKSTRA,1
ROUTE_000474,PLANT20,2024-02-18,PICKER_036,"[3, 4, 7]",3,43.64,3.83,61,4,1,MANUAL,1
ROUTE_000475,PLANT12,2024-12-12,PICKER_041,"[5, 7, 12]",3,60.3,2.68,76,5,1,MANUAL,0
ROUTE_000476,PLANT19,2024-01-27,PICKER_025,"[1, 2, 4, 11, 13, 14, 15, 21]",8,139.76,3.49,34,8,1,ASTAR,1
ROUTE_000477,PLANT20,2024-11-03,PICKER_017,"[2, 6, 7]",3,63.83,2.41,5,3,1,GREEDY,1
ROUTE_000478,PLANT17,2024-02-22,PICKER_041,"[6, 7, 13, 19]",4,76.66,2.97,80,5,1,MANUAL,0
ROUTE_000479,PLANT16,2024-07-28,PICKER_001,"[1, 10]",2,44.91,1.42,28,6,1,MANUAL,0
ROUTE_000480,PLANT17,2024-02-02,PICKER_044,"[1, 2, 6, 9, 11, 12, 13, 14, 22, 24]",10,159.19,4.35,7,4,1,MANUAL,1
ROUTE_000481,PLANT09,2023-11-06,PICKER_028,"[1, 2, 5, 9, 10]",5,78.59,2.39,50,9,1,MANUAL,1
ROUTE_000482,PLANT07,2023-01-09,PICKER_027,"[1, 2, 4, 5, 6, 7, 8, 9, 10, 11]",10,148.39,5.0,16,7,1,GREEDY,0
ROUTE_000483,PLANT16,2024-05-06,PICKER_041,"[1, 3, 5, 6, 7, 10, 13, 14]",8,161.04,5.08,61,5,1,ASTAR,1
ROUTE_000484,PLANT10,2024-08-15,PICKER_013,"[6, 12, 18]",3,46.47,1.51,66,2,1,GREEDY,0
ROUTE_000485,PLANT14,2023-10-19,PICKER_024,"[2, 8, 14]",3,80.77,2.8,30,3,1,ASTAR,1
ROUTE_000486,PLANT18,2024-09-19,PICKER_025,"[1, 5, 6, 8, 11, 12, 13, 14]",8,156.84,5.58,7,3,1,DIJKSTRA,0
ROUTE_000487,PLANT10,2024-05-13,PICKER_050,"[5, 9, 23]",3,44.05,1.78,43,9,1,MANUAL,1
ROUTE_000488,PLANT03,2023-11-28,PICKER_035,"[1, 6, 7, 10]",4,72.04,2.35,9,4,1,GREEDY,1
ROUTE_000489,PLANT10,2023-11-09,PICKER_020,"[6, 13, 15, 20, 22, 23]",6,106.12,4.02,61,6,1,GREEDY,0
ROUTE_000490,PLANT01,2024-02-04,PICKER_039,"[6, 10, 11, 12, 13, 19, 21, 22, 23]",9,135.7,4.76,9,1,1,ASTAR,0
ROUTE_000491,PLANT14,2023-05-07,PICKER_031,"[4, 7, 10, 11, 16, 18, 19, 22, 26, 28]",10,185.75,4.98,10,10,1,ASTAR,0
ROUTE_000492,PLANT12,2024-09-09,PICKER_013,"[1, 4, 13, 18, 21, 22, 23, 24, 25]",9,135.63,4.75,77,8,1,ASTAR,0
ROUTE_000493,PLANT06,2023-06-02,PICKER_009,"[10, 12, 13, 14, 24, 27]",6,70.37,2.21,73,2,1,DIJKSTRA,1
ROUTE_000494,PLANT18,2023-02-28,PICKER_005,"[1, 3, 6, 9, 12]",5,80.76,3.01,46,7,1,MANUAL,0
ROUTE_000495,PLANT01,2024-12-20,PICKER_042,"[5, 10, 11, 21, 22, 23, 24, 26]",8,128.09,4.8,30,4,1,DIJKSTRA,0
ROUTE_000496,PLANT05,2023-11-26,PICKER_006,"[1, 2, 3, 6]",4,89.94,4.17,67,6,1,ASTAR,1
ROUTE_000497,PLANT17,2023-12-10,PICKER_050,"[2, 3, 5, 10, 12, 14, 16, 20]",8,134.85,5.42,23,9,1,GREEDY,1
ROUTE_000498,PLANT06,2024-02-26,PICKER_033,"[4, 7, 10, 11, 13, 14]",6,130.35,4.2,37,1,1,DIJKSTRA,0
ROUTE_000499,PLANT05,2023-02-07,PICKER_024,"[1, 2, 3, 4, 5, 7, 8, 9]",8,120.13,3.47,15,9,1,DIJKSTRA,1
ROUTE_000500,PLANT02,2023-09-24,PICKER_047,"[1, 3, 4]",3,59.19,2.64,23,7,1,MANUAL,1
ROUTE_000501,PLANT03,2024-04-24,PICKER_035,"[1, 7, 9, 10, 11]",5,77.23,2.62,74,10,1,GREEDY,1
ROUTE_000502,PLANT08,2024-01-13,PICKER_041,"[1, 2, 7, 12, 13, 14, 23, 29]",8,100.16,4.48,80,3,1,MANUAL,0
ROUTE_000503,PLANT18,2024-02-27,PICKER_045,"[2, 6, 13]",3,46.02,3.64,46,5,1,GREEDY,1
ROUTE_000504,PLANT05,2023-05-22,PICKER_040,"[2, 5, 6]",3,42.78,2.68,28,1,1,ASTAR,1
ROUTE_000505,PLANT08,2024-10-22,PICKER_012,"[7, 10, 14, 17, 25, 28]",6,102.05,2.98,46,6,1,MANUAL,1
ROUTE_000506,PLANT17,2024-09-02,PICKER_001,"[1, 8]",2,31.46,1.42,71,5,1,GREEDY,0
ROUTE_000507,PLANT02,2024-01-17,PICKER_019,"[1, 2, 4, 5, 6]",5,76.54,4.1,8,8,1,MANUAL,0
ROUTE_000508,PLANT03,2024-07-28,PICKER_019,"[1, 7, 8]",3,58.82,2.34,56,9,1,DIJKSTRA,0
ROUTE_000509,PLANT18,2023-01-28,PICKER_019,"[3, 6, 8, 12, 16]",5,106.29,3.47,79,4,1,GREEDY,1
ROUTE_000510,PLANT02,2024-04-10,PICKER_015,"[1, 2, 3, 5, 6]",5,88.12,2.41,49,9,1,DIJKSTRA,0
ROUTE_000511,PLANT03,2023-08-09,PICKER_034,"[3, 7, 8, 9, 11]",5,79.45,4.32,25,10,1,MANUAL,0
ROUTE_000512,PLANT20,2024-04-09,PICKER_014,"[1, 2, 3, 4, 5, 6, 7]",7,134.91,4.17,62,6,1,MANUAL,0
ROUTE_000513,PLANT13,2024-07-24,PICKER_003,"[1, 3, 6, 8, 9, 10]",6,93.33,3.13,63,10,1,MANUAL,1
ROUTE_000514,PLANT16,2023-10-20,PICKER_020,"[1, 2, 5, 8, 12, 15]",6,94.97,4.08,12,7,1,ASTAR,0
ROUTE_000515,PLANT20,2024-04-12,PICKER_012,"[1, 3]",2,13.54,1.88,28,4,1,DIJKSTRA,0
ROUTE_000516,PLANT07,2024-11-11,PICKER_030,"[2, 3, 8, 9, 12]",5,92.09,3.53,30,6,1,ASTAR,1
ROUTE_000517,PLANT04,2023-05-04,PICKER_014,"[2, 8, 10, 11]",4,104.62,3.14,13,7,1,GREEDY,0
ROUTE_000518,PLANT07,2023-11-11,PICKER_003,"[5, 6, 9, 12]",4,71.53,2.29,75,10,1,GREEDY,0
ROUTE_000519,PLANT19,2024-10-28,PICKER_044,"[3, 7, 10, 14, 17, 19, 20, 21]",8,125.6,5.2,17,8,1,MANUAL,1
ROUTE_000520,PLANT04,2024-06-23,PICKER_004,"[4, 5, 8, 13, 15, 17]",6,118.11,3.04,76,6,1,ASTAR,1
ROUTE_000521,PLANT09,2024-08-21,PICKER_046,"[1, 2, 3, 4, 5, 6, 7, 8]",8,156.26,4.01,26,3,1,GREEDY,0
ROUTE_000522,PLANT01,2023-08-31,PICKER_002,"[4, 13]",2,44.94,3.32,53,6,1,GREEDY,0
ROUTE_000523,PLANT14,2024-09-23,PICKER_007,"[3, 4, 6, 14, 17, 20, 21, 25]",8,159.47,5.46,44,6,1,ASTAR,0
ROUTE_000524,PLANT20,2023-06-29,PICKER_017,"[1, 3, 4, 7]",4,80.74,2.34,77,4,1,ASTAR,1
ROUTE_000525,PLANT16,2024-02-12,PICKER_045,"[1, 2, 3, 9, 13]",5,92.24,4.84,40,1,1,MANUAL,0
ROUTE_000526,PLANT04,2023-07-08,PICKER_015,"[13, 18, 19]",3,43.04,3.71,70,3,1,ASTAR,0
ROUTE_000527,PLANT11,2024-12-08,PICKER_036,"[1, 2, 4, 5]",4,72.17,4.08,9,8,1,GREEDY,0
ROUTE_000528,PLANT04,2024-10-30,PICKER_024,"[1, 3, 5, 6, 11, 14, 19]",7,120.48,3.2,25,10,1,MANUAL,0
ROUTE_000529,PLANT03,2023-06-03,PICKER_008,"[1, 2, 3, 4, 5, 6, 7, 8, 9, 10]",10,157.17,4.18,51,4,1,DIJKSTRA,1
ROUTE_000530,PLANT15,2023-11-28,PICKER_006,"[2, 12, 13, 15, 16, 21]",6,112.83,3.32,60,5,1,MANUAL,0
ROUTE_000531,PLANT02,2024-11-20,PICKER_026,"[1, 2, 3, 4, 5, 6]",6,117.38,2.97,73,10,1,GREEDY,1
ROUTE_000532,PLANT06,2023-09-27,PICKER_050,"[3, 4, 10, 11, 15, 16, 17, 19, 20]",9,130.56,3.48,43,7,1,MANUAL,0
ROUTE_000533,PLANT12,2024-12-18,PICKER_011,"[3, 7, 8, 11, 13, 14, 22, 23, 24, 25]",10,194.81,6.72,80,9,1,GREEDY,1
ROUTE_000534,PLANT13,2023-06-07,PICKER_046,"[1, 2, 3, 4, 5, 6, 7, 8, 9, 10]",10,161.06,5.7,68,3,1,GREEDY,1
ROUTE_000535,PLANT02,2024-04-18,PICKER_041,"[2, 3, 4, 5]",4,60.13,3.37,69,1,1,DIJKSTRA,1
ROUTE_000536,PLANT04,2024-07-02,PICKER_021,"[8, 12, 14, 15]",4,67.09,3.46,69,3,1,MANUAL,0
ROUTE_000537,PLANT03,2024-04-27,PICKER_034,"[2, 5, 6, 7, 8, 9, 10, 11]",8,109.3,3.55,14,6,1,MANUAL,0
ROUTE_000538,PLANT18,2024-11-19,PICKER_046,"[1, 2, 3, 4, 6, 7, 10, 13, 14]",9,195.36,6.78,68,8,1,ASTAR,0
ROUTE_000539,PLANT14,2023-12-27,PICKER_021,"[3, 11, 13, 14, 16, 29]",6,120.45,3.83,34,8,1,ASTAR,1
ROUTE_000540,PLANT03,2024-10-24,PICKER_045,"[1, 2, 3, 4, 6, 7, 8, 9, 10]",9,130.87,4.02,32,7,1,ASTAR,1
ROUTE_000541,PLANT01,2023-01-13,PICKER_019,"[1, 3, 7, 11, 15, 21, 24]",7,121.71,4.51,39,2,1,DIJKSTRA,0
ROUTE_000542,PLANT02,2023-11-27,PICKER_046,"[1, 2, 3, 4, 5, 6]",6,100.27,2.7,19,6,1,DIJKSTRA,0
ROUTE_000543,PLANT03,2023-05-01,PICKER_025,"[5, 8, 9, 10]",4,62.6,2.6,26,6,1,ASTAR,0
ROUTE_000544,PLANT04,2024-08-27,PICKER_045,"[4, 9, 16]",3,47.92,2.09,51,5,1,GREEDY,1
ROUTE_000545,PLANT10,2023-09-20,PICKER_005,"[4, 8, 11, 15, 16, 21, 22]",7,129.81,4.73,40,7,1,DIJKSTRA,1
ROUTE_000546,PLANT15,2024-06-29,PICKER_028,"[2, 8, 13, 15, 19]",5,79.36,2.11,35,10,1,ASTAR,1
ROUTE_000547,PLANT01,2023-08-19,PICKER_005,"[2, 7, 8, 9, 12, 19, 22, 25, 26]",9,133.29,4.75,14,9,1,GREEDY,0
ROUTE_000548,PLANT07,2023-03-02,PICKER_041,"[1, 2, 3, 4, 5, 9, 10, 11, 12]",9,145.57,4.73,15,7,1,ASTAR,1
ROUTE_000549,PLANT01,2024-10-27,PICKER_045,"[4, 14, 16, 17, 23]",5,97.73,2.81,67,9,1,MANUAL,0
ROUTE_000550,PLANT01,2023-02-07,PICKER_045,"[6, 8, 12, 15, 17, 18, 19]",7,150.88,4.12,37,4,1,ASTAR,1
ROUTE_000551,PLANT02,2024-01-04,PICKER_046,"[2, 4, 5, 6]",4,61.82,1.84,73,6,1,ASTAR,0
ROUTE_000552,PLANT01,2023-04-16,PICKER_018,"[3, 10, 16, 20, 22, 23, 24, 26]",8,156.15,5.53,29,1,1,DIJKSTRA,1
ROUTE_000553,PLANT20,2023-11-13,PICKER_049,"[1, 3, 4, 5, 6, 7]",6,96.16,2.95,49,8,1,DIJKSTRA,1
ROUTE_000554,PLANT12,2024-07-03,PICKER_030,"[2, 5, 7, 11, 21]",5,58.13,3.64,28,10,1,DIJKSTRA,0
ROUTE_000555,PLANT05,2024-06-29,PICKER_039,"[6, 7, 9]",3,62.07,3.17,78,9,1,GREEDY,0
ROUTE_000556,PLANT07,2023-02-08,PICKER_024,"[2, 4, 5, 6, 8, 9, 10, 11]",8,158.57,5.28,11,3,1,GREEDY,0
ROUTE_000557,PLANT18,2024-10-29,PICKER_048,"[2, 3, 4, 5, 6, 8, 14, 15]",8,111.59,3.26,34,6,1,DIJKSTRA,1
ROUTE_000558,PLANT05,2023-10-01,PICKER_018,"[1, 2]",2,21.95,1.81,67,1,1,ASTAR,1
ROUTE_000559,PLANT19,2024-06-26,PICKER_032,"[1, 2, 3, 4, 6, 12, 14, 19]",8,123.72,4.58,11,2,1,ASTAR,0
ROUTE_000560,PLANT11,2024-04-01,PICKER_047,"[1, 5]",2,47.76,3.45,54,2,1,DIJKSTRA,1
ROUTE_000561,PLANT17,2023-09-05,PICKER_027,"[1, 7, 9, 11, 16, 20, 22]",7,129.22,3.62,54,7,1,GREEDY,1
ROUTE_000562,PLANT09,2024-09-28,PICKER_001,"[5, 8, 9, 10]",4,60.01,2.55,26,10,1,GREEDY,0
ROUTE_000563,PLANT05,2023-06-18,PICKER_038,"[1, 2, 3, 4, 5, 6, 7, 8, 9]",9,139.79,5.37,43,1,1,ASTAR,0
ROUTE_000564,PLANT18,2024-09-15,PICKER_035,"[1, 6, 7, 11]",4,68.87,2.94,18,4,1,ASTAR,1
ROUTE_000565,PLANT08,2023-09-28,PICKER_022,"[6, 9, 12]",3,32.61,3.17,26,7,1,GREEDY,1
ROUTE_000566,PLANT08,2023-08-12,PICKER_020,"[3, 8, 10, 14, 17, 25]",6,106.09,4.61,58,6,1,MANUAL,1
ROUTE_000567,PLANT13,2023-05-27,PICKER_035,"[2, 3]",2,50.59,3.93,57,9,1,DIJKSTRA,1
ROUTE_000568,PLANT10,2023-10-29,PICKER_045,"[1, 20]",2,19.49,1.1,62,4,1,DIJKSTRA,1
ROUTE_000569,PLANT18,2023-07-28,PICKER_024,"[1, 4, 5, 6, 8, 12, 14, 16]",8,131.4,5.63,69,1,1,ASTAR,1
ROUTE_000570,PLANT20,2024-04-09,PICKER_013,"[2, 6]",2,19.76,1.2,67,4,1,MANUAL,0
ROUTE_000571,PLANT05,2024-05-17,PICKER_042,"[1, 6]",2,46.45,3.43,51,6,1,DIJKSTRA,1
ROUTE_000572,PLANT11,2023-03-31,PICKER_023,"[1, 3, 4]",3,37.3,2.8,54,8,1,GREEDY,1
ROUTE_000573,PLANT02,2024-02-10,PICKER_017,"[2, 3, 4, 6]",4,64.59,1.89,54,4,1,ASTAR,1
ROUTE_000574,PLANT09,2023-10-03,PICKER_015,"[3, 7, 8, 10]",4,64.68,4.14,38,4,1,ASTAR,1
ROUTE_000575,PLANT17,2023-11-30,PICKER_034,"[1, 6, 17, 22]",4,67.26,2.98,79,6,1,MANUAL,1
ROUTE_000576,PLANT03,2023-10-27,PICKER_035,"[1, 2, 3, 4, 5, 7, 9]",7,81.39,2.63,56,9,1,MANUAL,1
ROUTE_000577,PLANT20,2023-05-08,PICKER_043,"[2, 3, 4, 5, 6]",5,74.87,2.89,53,8,1,GREEDY,1
ROUTE_000578,PLANT16,2024-09-28,PICKER_031,"[8, 10, 15]",3,55.89,4.1,73,1,1,DIJKSTRA,0
ROUTE_000579,PLANT16,2023-01-01,PICKER_038,"[12, 14, 16]",3,50.44,2.7,63,3,1,DIJKSTRA,1
ROUTE_000580,PLANT05,2024-07-26,PICKER_020,"[6, 7, 9]",3,37.62,2.97,77,4,1,ASTAR,1
ROUTE_000581,PLANT18,2024-02-12,PICKER_012,"[1, 8]",2,53.7,2.11,70,6,1,MANUAL,1
ROUTE_000582,PLANT04,2023-07-15,PICKER_004,"[1, 2, 3, 6, 8, 9, 15, 18, 20]",9,144.34,3.5,79,10,1,MANUAL,1
ROUTE_000583,PLANT19,2023-11-27,PICKER_012,"[2, 4, 5, 6, 11, 13, 18, 19, 22]",9,149.3,5.12,23,3,1,MANUAL,1
ROUTE_000584,PLANT02,2023-05-08,PICKER_001,"[1, 2, 3, 4, 6]",5,97.46,3.83,50,8,1,ASTAR,0
ROUTE_000585,PLANT07,2024-12-12,PICKER_044,"[1, 3, 6, 7, 8, 10, 11, 12]",8,172.38,5.27,10,6,1,MANUAL,1
ROUTE_000586,PLANT17,2023-05-08,PICKER_015,"[7, 16]",2,49.72,3.17,31,5,1,GREEDY,0
ROUTE_000587,PLANT16,2023-05-27,PICKER_048,"[4, 9, 11, 12, 15, 16]",6,123.52,5.44,29,2,1,MANUAL,1
ROUTE_000588,PLANT08,2023-05-26,PICKER_021,"[3, 5, 9, 17, 18, 25, 26, 28]",8,126.62,3.37,56,3,1,ASTAR,0
ROUTE_000589,PLANT02,2024-04-23,PICKER_024,"[1, 2, 5, 6]",4,95.87,4.27,17,9,1,GREEDY,0
ROUTE_000590,PLANT17,2023-03-27,PICKER_032,"[14, 18, 22, 24]",4,61.12,2.62,50,2,1,ASTAR,1
ROUTE_000591,PLANT08,2023-08-21,PICKER_018,"[2, 6, 7, 11, 15, 17, 25, 27, 28]",9,130.15,5.48,18,6,1,MANUAL,0
ROUTE_000592,PLANT08,2023-12-12,PICKER_001,"[2, 4, 5, 9, 10, 12, 25, 26]",8,125.16,3.97,34,1,1,GREEDY,0
ROUTE_000593,PLANT15,2023-04-05,PICKER_023,"[10, 11, 15, 16, 18, 24]",6,103.63,2.67,29,6,1,GREEDY,1
ROUTE_000594,PLANT19,2023-09-23,PICKER_036,"[1, 9, 11, 12, 15, 18, 19, 21, 23]",9,159.06,3.91,70,10,1,MANUAL,1
ROUTE_000595,PLANT19,2023-01-20,PICKER_022,"[3, 5, 6, 8, 9, 10, 14, 16, 17, 22]",10,192.75,5.6,64,7,1,GREEDY,0
ROUTE_000596,PLANT01,2024-05-17,PICKER_039,"[1, 10, 16, 18, 25, 26]",6,81.7,3.75,70,1,1,ASTAR,1
ROUTE_000597,PLANT10,2023-05-03,PICKER_050,"[1, 12, 21, 22]",4,71.78,3.65,61,6,1,GREEDY,0
ROUTE_000598,PLANT10,2023-09-05,PICKER_047,"[8, 9, 15, 16]",4,73.54,2.09,39,3,1,DIJKSTRA,1
ROUTE_000599,PLANT06,2023-07-02,PICKER_007,"[1, 2, 10, 11, 13, 18, 19, 23]",8,106.96,2.66,41,1,1,DIJKSTRA,0
ROUTE_000600,PLANT05,2024-08-30,PICKER_044,"[2, 4, 6, 7]",4,53.75,2.4,61,7,1,GREEDY,0
ROUTE_000601,PLANT08,2023-02-16,PICKER_011,"[5, 17, 19, 26]",4,73.57,4.06,10,2,1,DIJKSTRA,1
ROUTE_000602,PLANT04,2023-06-29,PICKER_049,"[1, 6, 7, 8, 10, 11, 13, 17, 18]",9,152.73,4.38,72,8,1,ASTAR,0
ROUTE_000603,PLANT13,2024-11-08,PICKER_008,"[1, 2, 3, 4, 5, 6, 7, 8, 9, 10]",10,178.83,6.34,19,6,1,GREEDY,1
ROUTE_000604,PLANT02,2023-08-23,PICKER_022,"[1, 2, 5]",3,67.56,2.76,28,9,1,ASTAR,0
ROUTE_000605,PLANT11,2024-10-24,PICKER_009,"[2, 4]",2,43.17,2.93,32,2,1,ASTAR,1
ROUTE_000606,PLANT03,2023-09-26,PICKER_049,"[1, 2, 3, 4, 6, 7, 8, 9, 11]",9,127.51,4.71,79,2,1,DIJKSTRA,0
ROUTE_000607,PLANT17,2023-11-04,PICKER_015,"[2, 3, 8, 9, 15, 19, 21]",7,159.01,3.77,57,4,1,MANUAL,1
ROUTE_000608,PLANT02,2023-08-23,PICKER_013,"[1, 2, 3, 4, 5, 6]",6,123.45,3.97,7,9,1,ASTAR,0
ROUTE_000609,PLANT14,2023-11-11,PICKER_032,"[12, 17, 18, 20, 21, 23, 24]",7,133.2,3.38,40,7,1,GREEDY,1
ROUTE_000610,PLANT15,2023-05-06,PICKER_025,"[14, 21, 25]",3,57.18,3.05,60,10,1,MANUAL,0
ROUTE_000611,PLANT06,2024-05-29,PICKER_026,"[5, 16, 23, 25, 26, 27]",6,97.31,3.63,34,2,1,DIJKSTRA,1
ROUTE_000612,PLANT16,2023-03-20,PICKER_030,"[1, 5, 8, 13, 14, 16]",6,98.38,4.03,18,9,1,ASTAR,0
ROUTE_000613,PLANT15,2023-01-25,PICKER_033,"[1, 17, 18, 19]",4,97.29,4.17,48,6,1,ASTAR,1
ROUTE_000614,PLANT07,2024-07-08,PICKER_030,"[1, 5, 7, 10]",4,71.63,2.5,39,3,1,DIJKSTRA,0
ROUTE_000615,PLANT17,2023-03-28,PICKER_019,"[2, 7, 11, 18]",4,88.48,4.35,33,10,1,DIJKSTRA,1
ROUTE_000616,PLANT03,2024-11-26,PICKER_026,"[1, 2, 4, 5, 7, 8, 9, 10, 11]",9,150.44,5.51,80,2,1,MANUAL,0
ROUTE_000617,PLANT07,2023-12-26,PICKER_013,"[1, 2, 3, 4, 5, 6, 7, 10, 11, 12]",10,176.14,4.44,48,4,1,ASTAR,1
ROUTE_000618,PLANT20,2024-04-03,PICKER_015,"[5, 6, 7]",3,55.02,3.33,76,4,1,ASTAR,1
ROUTE_000619,PLANT09,2023-11-02,PICKER_040,"[5, 6, 7, 8, 9]",5,125.46,5.32,22,3,1,GREEDY,1
ROUTE_000620,PLANT08,2023-04-19,PICKER_035,"[2, 6, 9, 10, 12, 13, 17, 20, 25, 26]",10,177.99,4.84,36,9,1,ASTAR,1
ROUTE_000621,PLANT19,2023-03-12,PICKER_013,"[2, 5, 7, 14, 15, 19]",6,123.73,3.81,23,3,1,MANUAL,1
ROUTE_000622,PLANT19,2023-07-04,PICKER_038,"[1, 20]",2,42.3,1.39,57,9,1,GREEDY,1
ROUTE_000623,PLANT18,2023-05-22,PICKER_011,"[1, 3, 5, 8, 11, 13, 14, 16]",8,163.68,5.44,65,3,1,ASTAR,0
ROUTE_000624,PLANT04,2024-03-08,PICKER_024,"[2, 8, 16, 18]",4,84.29,3.33,37,1,1,DIJKSTRA,1
ROUTE_000625,PLANT16,2024-06-15,PICKER_003,"[1, 2, 3, 4, 10, 11, 12, 16]",8,149.18,4.14,52,7,1,GREEDY,0
ROUTE_000626,PLANT02,2023-06-20,PICKER_007,"[1, 3, 4, 5]",4,51.15,2.98,70,3,1,DIJKSTRA,0
ROUTE_000627,PLANT17,2024-08-02,PICKER_049,"[2, 3, 6, 8, 10, 14, 16, 17, 20, 24]",10,170.98,5.2,73,7,1,DIJKSTRA,0
ROUTE_000628,PLANT02,2023-06-17,PICKER_037,"[1, 2, 3, 5, 6]",5,88.94,3.25,28,2,1,MANUAL,0
ROUTE_000629,PLANT16,2024-05-12,PICKER_044,"[2, 4, 5, 11, 12, 15]",6,121.57,4.22,72,2,1,MANUAL,0
ROUTE_000630,PLANT06,2023-09-09,PICKER_007,"[6, 7, 15, 16, 18, 20, 21, 26]",8,175.26,6.2,32,9,1,GREEDY,1
ROUTE_000631,PLANT01,2024-09-30,PICKER_037,"[1, 2, 3, 9, 10, 13, 14, 18, 20, 22]",10,180.12,4.96,75,4,1,DIJKSTRA,1
ROUTE_000632,PLANT13,2024-10-31,PICKER_022,"[1, 2, 4, 6, 7, 8, 9]",7,133.96,3.71,46,2,1,DIJKSTRA,0
ROUTE_000633,PLANT07,2024-01-18,PICKER_019,"[2, 3, 4, 5, 7, 8, 9, 10, 11, 12]",10,192.34,6.03,51,9,1,ASTAR,1
ROUTE_000634,PLANT08,2024-07-31,PICKER_018,"[14, 16, 18, 19]",4,62.23,3.44,53,5,1,MANUAL,0
ROUTE_000635,PLANT09,2023-11-01,PICKER_048,"[1, 2, 3, 7, 9, 10]",6,103.61,3.43,31,5,1,ASTAR,1
ROUTE_000636,PLANT01,2024-04-28,PICKER_021,"[2, 3, 6, 12, 16, 20, 24, 25]",8,171.84,6.0,52,5,1,DIJKSTRA,0
ROUTE_000637,PLANT15,2024-10-13,PICKER_009,"[1, 17]",2,55.24,2.0,14,4,1,DIJKSTRA,0
ROUTE_000638,PLANT01,2024-05-25,PICKER_024,"[3, 7, 8, 10, 13, 20]",6,106.0,4.56,78,2,1,ASTAR,0
ROUTE_000639,PLANT16,2024-02-10,PICKER_008,"[2, 5, 6, 7, 9, 11, 12, 13, 15, 16]",10,213.21,6.95,42,1,1,DIJKSTRA,1
ROUTE_000640,PLANT08,2024-12-27,PICKER_006,"[2, 5, 12, 16, 18, 22, 24]",7,120.19,4.83,63,9,1,DIJKSTRA,0
ROUTE_000641,PLANT10,2024-08-07,PICKER_008,"[1, 2, 9, 10, 11, 14, 15, 21, 22]",9,117.13,3.77,12,5,1,GREEDY,0
ROUTE_000642,PLANT03,2023-01-14,PICKER_026,"[2, 4, 5, 6, 7, 8, 9, 10]",8,158.45,5.93,25,7,1,ASTAR,0
ROUTE_000643,PLANT09,2023-02-15,PICKER_036,"[2, 4, 5, 7, 8, 9, 10]",7,145.53,4.41,41,9,1,DIJKSTRA,0
ROUTE_000644,PLANT19,2023-04-09,PICKER_001,"[13, 14]",2,36.44,3.16,41,6,1,DIJKSTRA,0
ROUTE_000645,PLANT06,2024-02-05,PICKER_020,"[6, 23]",2,30.91,2.37,64,3,1,MANUAL,0
ROUTE_000646,PLANT18,2023-03-08,PICKER_013,"[1, 2, 4, 13, 14]",5,108.26,3.12,52,7,1,DIJKSTRA,0
ROUTE_000647,PLANT14,2023-05-30,PICKER_047,"[2, 22]",2,40.0,3.77,33,5,1,DIJKSTRA,0
ROUTE_000648,PLANT20,2024-06-11,PICKER_041,"[1, 2, 3, 7]",4,59.74,3.68,14,4,1,MANUAL,1
ROUTE_000649,PLANT01,2023-05-07,PICKER_044,"[2, 4, 5, 10, 11, 16, 17, 18, 20, 25]",10,171.46,4.79,35,1,1,GREEDY,1
ROUTE_000650,PLANT08,2023-04-22,PICKER_012,"[8, 16, 17, 19, 23, 25]",6,93.65,4.36,76,10,1,DIJKSTRA,1
ROUTE_000651,PLANT04,2024-03-15,PICKER_017,"[1, 2, 3, 7, 8, 11, 12, 14]",8,149.18,4.62,78,10,1,MANUAL,0
ROUTE_000652,PLANT18,2023-03-10,PICKER_008,"[1, 2, 3, 4, 5, 6, 11, 13, 14, 16]",10,155.07,4.88,30,8,1,MANUAL,0
ROUTE_000653,PLANT17,2024-08-16,PICKER_001,"[3, 9, 13, 14, 23]",5,98.17,3.25,13,10,1,ASTAR,0
ROUTE_000654,PLANT03,2024-01-11,PICKER_024,"[2, 6, 7]",3,53.2,1.59,27,3,1,MANUAL,1
ROUTE_000655,PLANT01,2023-07-03,PICKER_039,"[6, 7, 15, 23, 26]",5,73.53,3.55,9,10,1,DIJKSTRA,0
ROUTE_000656,PLANT19,2023-05-23,PICKER_032,"[1, 4, 5, 6, 7, 10, 11, 13, 15, 22]",10,206.97,4.92,50,6,1,ASTAR,1
ROUTE_000657,PLANT18,2024-12-17,PICKER_021,"[1, 8, 13]",3,53.8,1.63,32,8,1,GREEDY,1
ROUTE_000658,PLANT10,2023-03-25,PICKER_018,"[4, 17]",2,46.02,3.77,42,1,1,ASTAR,0
ROUTE_000659,PLANT06,2023-10-14,PICKER_048,"[8, 25]",2,35.3,2.02,55,10,1,GREEDY,0
ROUTE_000660,PLANT15,2023-05-17,PICKER_043,"[8, 10, 15, 16, 21]",5,90.31,3.21,78,6,1,DIJKSTRA,1
ROUTE_000661,PLANT09,2023-10-07,PICKER_037,"[1, 2, 3, 4, 5, 6, 7, 8, 9]",9,124.87,3.28,26,5,1,DIJKSTRA,1
ROUTE_000662,PLANT02,2023-05-01,PICKER_014,"[1, 2, 3, 4, 5, 6]",6,117.01,4.67,22,8,1,MANUAL,1
ROUTE_000663,PLANT17,2024-08-11,PICKER_017,"[3, 5, 8, 15]",4,68.69,3.76,75,1,1,MANUAL,0
ROUTE_000664,PLANT15,2023-09-19,PICKER_033,"[1, 8, 9, 12, 13, 17, 18, 21]",8,152.93,4.27,11,1,1,ASTAR,0
ROUTE_000665,PLANT15,2023-12-03,PICKER_010,"[10, 12, 15]",3,64.74,2.81,47,8,1,ASTAR,1
ROUTE_000666,PLANT02,2024-01-16,PICKER_024,"[2, 3, 6]",3,72.3,3.59,13,7,1,ASTAR,1
ROUTE_000667,PLANT03,2024-10-30,PICKER_024,"[1, 2, 3, 4, 6, 7, 8, 9, 10, 11]",10,182.32,5.48,11,8,1,GREEDY,1
ROUTE_000668,PLANT02,2023-01-29,PICKER_027,"[2, 4, 5]",3,53.75,2.52,8,2,1,ASTAR,1
ROUTE_000669,PLANT05,2024-05-25,PICKER_005,"[2, 6, 7, 8, 9]",5,70.67,2.74,7,6,1,MANUAL,1
ROUTE_000670,PLANT20,2024-08-22,PICKER_026,"[1, 2, 4, 6, 7]",5,106.89,4.32,80,3,1,DIJKSTRA,0
ROUTE_000671,PLANT12,2024-11-28,PICKER_027,"[10, 13, 14, 16, 18, 19, 20]",7,118.82,4.9,46,5,1,DIJKSTRA,0
ROUTE_000672,PLANT16,2024-07-13,PICKER_006,"[2, 3, 8, 12, 13, 14]",6,122.86,5.3,57,10,1,ASTAR,1
ROUTE_000673,PLANT13,2024-03-05,PICKER_031,"[5, 6, 7, 8, 10]",5,75.73,2.89,9,5,1,DIJKSTRA,0
ROUTE_000674,PLANT11,2023-05-24,PICKER_021,"[3, 5]",2,25.76,3.13,22,9,1,ASTAR,0
ROUTE_000675,PLANT19,2023-02-25,PICKER_034,"[5, 14, 23]",3,63.03,2.22,46,10,1,MANUAL,0
ROUTE_000676,PLANT08,2024-08-08,PICKER_015,"[4, 5, 6, 10, 13, 14, 15, 18, 21, 28]",10,206.7,6.72,25,7,1,MANUAL,0
ROUTE_000677,PLANT12,2024-06-26,PICKER_019,"[4, 10, 15, 17, 20]",5,99.66,3.38,41,9,1,GREEDY,1
ROUTE_000678,PLANT20,2023-01-09,PICKER_010,"[4, 5, 7]",3,65.12,3.19,50,9,1,MANUAL,1
ROUTE_000679,PLANT16,2023-04-15,PICKER_021,"[1, 3, 5, 9, 10, 13, 14, 16]",8,105.75,3.08,8,4,1,MANUAL,0
ROUTE_000680,PLANT04,2024-10-17,PICKER_005,"[4, 6, 8, 13, 16, 17, 18, 20]",8,121.6,3.31,43,8,1,ASTAR,1
ROUTE_000681,PLANT05,2023-10-06,PICKER_002,"[1, 2, 3, 5, 7, 8, 9]",7,124.74,5.4,52,2,1,MANUAL,0
ROUTE_000682,PLANT09,2023-07-26,PICKER_017,"[1, 2, 4, 6, 7, 8, 9]",7,128.82,5.18,31,7,1,MANUAL,0
ROUTE_000683,PLANT10,2024-02-20,PICKER_036,"[2, 3, 4, 7, 10, 11, 20, 24]",8,158.32,5.85,70,5,1,ASTAR,1
ROUTE_000684,PLANT03,2024-02-11,PICKER_043,"[4, 6, 11]",3,33.04,1.42,79,5,1,ASTAR,0
ROUTE_000685,PLANT14,2024-04-07,PICKER_015,"[14, 17]",2,32.49,3.64,5,1,1,MANUAL,1
ROUTE_000686,PLANT13,2024-03-31,PICKER_007,"[1, 2, 3, 4, 5, 6, 7, 8, 9, 10]",10,129.23,4.49,21,10,1,MANUAL,1
ROUTE_000687,PLANT06,2023-01-10,PICKER_025,"[2, 6, 7, 12, 14, 18, 19, 21]",8,151.2,3.91,29,1,1,ASTAR,0
ROUTE_000688,PLANT12,2023-08-19,PICKER_020,"[2, 15, 25]",3,47.21,3.51,57,5,1,DIJKSTRA,0
ROUTE_000689,PLANT05,2024-01-12,PICKER_033,"[1, 2, 3, 5, 7, 8, 9]",7,116.28,4.35,51,3,1,GREEDY,1
ROUTE_000690,PLANT06,2023-02-17,PICKER_033,"[4, 14, 28]",3,51.52,1.58,54,6,1,ASTAR,1
ROUTE_000691,PLANT09,2024-06-13,PICKER_002,"[1, 8]",2,40.5,3.24,16,5,1,DIJKSTRA,1
ROUTE_000692,PLANT03,2023-01-23,PICKER_033,"[4, 7, 8]",3,60.63,3.18,60,5,1,GREEDY,0
ROUTE_000693,PLANT04,2023-05-26,PICKER_044,"[1, 5, 6, 7, 13]",5,80.16,3.66,41,5,1,GREEDY,0
ROUTE_000694,PLANT10,2024-02-25,PICKER_030,"[10, 11, 12, 16]",4,89.48,3.29,46,8,1,ASTAR,1
ROUTE_000695,PLANT06,2023-08-11,PICKER_009,"[6, 15, 17, 22, 24, 25]",6,128.81,5.29,58,5,1,MANUAL,1
ROUTE_000696,PLANT14,2024-09-30,PICKER_010,"[2, 3, 4, 6, 9, 13, 23, 25, 26, 28]",10,124.28,4.88,35,2,1,GREEDY,1
ROUTE_000697,PLANT08,2024-05-02,PICKER_008,"[1, 3, 11, 12, 15, 16, 20, 29]",8,141.22,5.19,63,7,1,MANUAL,0
ROUTE_000698,PLANT02,2024-05-25,PICKER_010,"[1, 2, 4, 5, 6]",5,99.96,4.03,61,10,1,DIJKSTRA,1
ROUTE_000699,PLANT20,2024-02-14,PICKER_039,"[1, 2, 3, 4, 5, 6, 7]",7,133.69,4.79,13,2,1,GREEDY,1
ROUTE_000700,PLANT06,2024-06-06,PICKER_037,"[1, 7, 12, 14, 19, 25]",6,106.06,4.77,50,5,1,DIJKSTRA,1
ROUTE_000701,PLANT08,2023-12-11,PICKER_042,"[3, 13]",2,53.87,2.41,53,2,1,DIJKSTRA,0
ROUTE_000702,PLANT11,2023-09-28,PICKER_015,"[1, 2]",2,46.88,1.64,56,6,1,MANUAL,0
ROUTE_000703,PLANT19,2023-07-11,PICKER_030,"[3, 4, 6, 11, 12, 13, 14, 16, 19]",9,177.14,4.2,30,2,1,DIJKSTRA,0
ROUTE_000704,PLANT18,2023-02-06,PICKER_006,"[1, 3, 5, 10, 11, 16]",6,99.39,2.5,17,6,1,ASTAR,1
ROUTE_000705,PLANT07,2023-07-23,PICKER_048,"[2, 3, 5, 7, 9, 12]",6,81.16,2.21,79,4,1,ASTAR,1
ROUTE_000706,PLANT06,2023-02-26,PICKER_004,"[1, 3, 4, 7, 8, 15, 19, 20]",8,128.05,4.08,6,5,1,GREEDY,1
ROUTE_000707,PLANT12,2023-10-28,PICKER_015,"[1, 4, 6, 8, 10, 11, 17, 19, 23]",9,134.45,3.2,52,7,1,DIJKSTRA,0
ROUTE_000708,PLANT20,2023-07-15,PICKER_027,"[1, 3, 7]",3,49.33,3.56,19,7,1,GREEDY,0
ROUTE_000709,PLANT03,2023-12-02,PICKER_033,"[1, 2, 3, 4, 6, 7, 10, 11]",8,147.03,5.03,15,5,1,DIJKSTRA,1
ROUTE_000710,PLANT10,2024-04-30,PICKER_012,"[3, 13]",2,44.57,3.85,21,10,1,MANUAL,0
ROUTE_000711,PLANT12,2023-10-14,PICKER_042,"[4, 8, 9, 18, 25]",5,126.38,3.03,62,9,1,MANUAL,0
ROUTE_000712,PLANT07,2023-10-09,PICKER_031,"[1, 3, 4, 5, 6, 7, 8, 10, 12]",9,197.25,6.84,73,9,1,GREEDY,1
ROUTE_000713,PLANT14,2024-02-19,PICKER_024,"[2, 3, 4, 5, 16, 26, 29]",7,144.66,5.84,61,2,1,GREEDY,0
ROUTE_000714,PLANT05,2023-07-05,PICKER_029,"[1, 2, 3, 4, 6, 8, 9]",7,125.9,3.48,42,9,1,ASTAR,1
ROUTE_000715,PLANT08,2023-06-24,PICKER_037,"[2, 12, 16, 28]",4,68.55,3.25,38,1,1,MANUAL,1
ROUTE_000716,PLANT02,2024-03-16,PICKER_046,"[2, 3, 4, 5]",4,62.87,2.56,74,5,1,DIJKSTRA,1
ROUTE_000717,PLANT04,2024-05-14,PICKER_003,"[1, 2, 3, 9, 14, 20]",6,104.97,5.04,18,8,1,DIJKSTRA,1
ROUTE_000718,PLANT02,2024-10-11,PICKER_037,"[1, 5, 6]",3,55.66,2.03,17,5,1,GREEDY,0
ROUTE_000719,PLANT11,2024-09-07,PICKER_045,"[1, 2]",2,25.78,1.44,76,6,1,MANUAL,0
ROUTE_000720,PLANT05,2023-03-16,PICKER_001,"[1, 2, 3, 4, 5, 6, 7, 8, 9]",9,177.48,5.92,27,4,1,MANUAL,1
ROUTE_000721,PLANT18,2024-12-30,PICKER_029,"[3, 6, 14]",3,48.97,3.87,11,1,1,DIJKSTRA,1
ROUTE_000722,PLANT01,2023-08-26,PICKER_017,"[5, 8, 11, 17]",4,54.61,2.7,49,1,1,DIJKSTRA,1
ROUTE_000723,PLANT06,2023-09-22,PICKER_001,"[12, 15, 17, 19, 23, 24, 26, 27, 28]",9,169.47,5.01,77,10,1,MANUAL,1
ROUTE_000724,PLANT16,2023-04-22,PICKER_013,"[1, 5, 6, 10, 11, 12, 13, 14, 16]",9,134.87,5.66,30,8,1,ASTAR,0
ROUTE_000725,PLANT18,2024-03-24,PICKER_002,"[3, 6, 7, 14, 15]",5,96.61,2.88,34,4,1,DIJKSTRA,0
ROUTE_000726,PLANT07,2024-07-17,PICKER_050,"[5, 9]",2,36.54,2.89,61,9,1,MANUAL,0
ROUTE_000727,PLANT14,2023-12-27,PICKER_039,"[4, 5, 16]",3,23.12,2.25,46,3,1,GREEDY,0
ROUTE_000728,PLANT15,2023-04-12,PICKER_006,"[18, 22, 25]",3,37.11,1.27,37,9,1,DIJKSTRA,1
ROUTE_000729,PLANT12,2023-12-19,PICKER_011,"[3, 4, 6]",3,72.78,4.31,68,1,1,DIJKSTRA,1
ROUTE_000730,PLANT14,2023-03-13,PICKER_022,"[3, 4, 5, 7, 9, 10, 18, 20, 23, 25]",10,175.74,4.12,9,10,1,ASTAR,0
ROUTE_000731,PLANT18,2023-01-29,PICKER_035,"[3, 5, 7, 9, 11, 12, 13, 15, 16]",9,190.78,5.1,18,10,1,MANUAL,0
ROUTE_000732,PLANT16,2024-04-09,PICKER_036,"[2, 6, 8, 9, 10]",5,66.99,3.41,39,1,1,DIJKSTRA,0
ROUTE_000733,PLANT19,2023-06-19,PICKER_011,"[2, 4, 5, 6, 9, 14, 18, 19, 20, 21]",10,166.72,4.59,12,1,1,GREEDY,0
ROUTE_000734,PLANT17,2023-01-07,PICKER_012,"[5, 7, 9, 13, 14, 15, 16, 17, 20, 24]",10,176.82,4.79,77,9,1,DIJKSTRA,1
ROUTE_000735,PLANT05,2024-04-30,PICKER_035,"[2, 3, 4, 5, 6, 8, 9]",7,136.12,3.8,79,9,1,ASTAR,0
ROUTE_000736,PLANT14,2024-11-19,PICKER_024,"[2, 4, 7, 10, 12, 15, 21, 22, 23]",9,168.65,5.21,32,10,1,MANUAL,0
ROUTE_000737,PLANT03,2023-08-31,PICKER_009,"[2, 3, 4, 6, 8, 10]",6,132.97,5.16,11,2,1,GREEDY,1
ROUTE_000738,PLANT18,2023-09-07,PICKER_046,"[2, 3, 7, 9, 10, 11, 16]",7,107.54,3.68,74,7,1,ASTAR,1
ROUTE_000739,PLANT20,2024-08-09,PICKER_001,"[1, 3, 4, 7]",4,83.41,3.16,36,2,1,GREEDY,1
ROUTE_000740,PLANT03,2023-11-22,PICKER_023,"[1, 2, 3, 6, 7, 10]",6,97.06,3.73,28,7,1,GREEDY,0
ROUTE_000741,PLANT13,2024-02-20,PICKER_010,"[1, 3, 4, 5, 7, 8, 9, 10]",8,166.99,4.75,26,5,1,ASTAR,1
ROUTE_000742,PLANT16,2023-04-22,PICKER_020,"[5, 10, 14]",3,42.74,1.76,44,2,1,MANUAL,1
ROUTE_000743,PLANT07,2023-05-31,PICKER_028,"[3, 5, 7, 10, 11]",5,81.4,3.42,11,3,1,ASTAR,0
ROUTE_000744,PLANT04,2023-04-17,PICKER_034,"[1, 4, 8, 13, 17, 18, 19]",7,127.67,4.04,13,3,1,DIJKSTRA,1
ROUTE_000745,PLANT19,2024-12-02,PICKER_011,"[1, 11, 17, 20]",4,69.68,4.0,33,8,1,ASTAR,0
ROUTE_000746,PLANT08,2024-08-27,PICKER_035,"[1, 4, 9, 11, 12, 13, 18, 21, 22, 24]",10,177.28,6.1,22,4,1,DIJKSTRA,1
ROUTE_000747,PLANT03,2024-04-29,PICKER_020,"[2, 4, 5, 7]",4,85.55,2.83,49,1,1,GREEDY,0
ROUTE_000748,PLANT05,2024-11-29,PICKER_023,"[1, 2, 4, 5, 7, 9]",6,125.27,4.63,13,5,1,MANUAL,0
ROUTE_000749,PLANT03,2023-02-20,PICKER_050,"[1, 2, 3, 4, 5, 6, 7, 8, 10, 11]",10,166.25,5.55,45,2,1,GREEDY,1
ROUTE_000750,PLANT04,2024-07-22,PICKER_011,"[3, 5, 6, 7, 8, 10, 17, 20]",8,98.08,2.53,73,7,1,ASTAR,0
ROUTE_000751,PLANT09,2024-02-28,PICKER_001,"[2, 8]",2,25.36,2.6,53,1,1,DIJKSTRA,0
ROUTE_000752,PLANT14,2024-03-07,PICKER_031,"[1, 10, 16, 19, 20, 24, 27]",7,134.89,5.14,21,10,1,GREEDY,1
ROUTE_000753,PLANT08,2023-03-01,PICKER_033,"[3, 5, 7, 12, 14, 17, 18, 19, 20]",9,153.65,4.27,46,9,1,MANUAL,1
ROUTE_000754,PLANT20,2023-07-21,PICKER_050,"[1, 5, 6]",3,64.44,3.9,35,1,1,GREEDY,0
ROUTE_000755,PLANT18,2023-06-27,PICKER_024,"[2, 7, 9, 12, 14, 15, 16]",7,120.33,4.29,22,4,1,GREEDY,0
ROUTE_000756,PLANT13,2023-07-07,PICKER_021,"[1, 2, 3, 4, 5, 7, 8, 9, 10]",9,108.8,3.48,51,8,1,MANUAL,1
ROUTE_000757,PLANT13,2023-07-15,PICKER_047,"[4, 5]",2,42.28,3.7,25,5,1,DIJKSTRA,0
ROUTE_000758,PLANT08,2024-10-17,PICKER_012,"[1, 3, 7, 8, 15, 16, 24, 25, 27, 28]",10,191.25,5.45,44,2,1,GREEDY,0
ROUTE_000759,PLANT01,2023-05-06,PICKER_045,"[4, 5, 6, 8, 16, 19, 20, 21, 22, 24]",10,173.88,6.48,35,5,1,MANUAL,1
ROUTE_000760,PLANT05,2023-04-25,PICKER_034,"[5, 9]",2,38.01,2.7,61,10,1,ASTAR,1
ROUTE_000761,PLANT10,2024-06-18,PICKER_018,"[3, 10, 19]",3,62.56,3.92,56,5,1,MANUAL,1
ROUTE_000762,PLANT04,2024-09-27,PICKER_034,"[4, 6, 7, 14, 18]",5,72.1,4.42,41,3,1,DIJKSTRA,1
ROUTE_000763,PLANT09,2024-08-08,PICKER_020,"[1, 5, 8, 9]",4,70.22,2.07,19,7,1,ASTAR,0
ROUTE_000764,PLANT09,2024-01-10,PICKER_008,"[1, 3, 4, 6, 7, 10]",6,76.2,2.99,20,10,1,DIJKSTRA,1
ROUTE_000765,PLANT16,2023-10-29,PICKER_034,"[3, 4, 6, 7, 11, 16]",6,98.32,3.19,23,4,1,GREEDY,1
ROUTE_000766,PLANT14,2023-04-27,PICKER_039,"[1, 3, 4, 5, 12, 14, 18, 21, 24, 26]",10,183.03,6.64,68,2,1,ASTAR,1
ROUTE_000767,PLANT18,2024-09-25,PICKER_041,"[1, 2, 5, 6, 10, 11, 12, 13]",8,160.51,4.74,10,10,1,MANUAL,1
ROUTE_000768,PLANT03,2024-07-31,PICKER_001,"[1, 2, 8]",3,68.31,3.04,24,6,1,DIJKSTRA,0
ROUTE_000769,PLANT09,2024-02-03,PICKER_031,"[1, 2, 3, 4, 5, 6, 7, 8, 9, 10]",10,197.0,5.5,24,8,1,DIJKSTRA,0
ROUTE_000770,PLANT07,2024-05-17,PICKER_046,"[1, 4, 11]",3,74.89,2.43,45,10,1,DIJKSTRA,0
ROUTE_000771,PLANT01,2024-01-16,PICKER_039,"[3, 4]",2,39.07,1.48,40,10,1,GREEDY,1
ROUTE_000772,PLANT08,2024-12-20,PICKER_001,"[2, 9, 12, 18, 21, 22, 23, 25, 27, 29]",10,201.97,5.59,15,9,1,DIJKSTRA,1
ROUTE_000773,PLANT18,2024-06-11,PICKER_028,"[1, 5, 7, 8, 10, 14, 15]",7,105.25,3.85,23,6,1,GREEDY,1
ROUTE_000774,PLANT03,2023-06-22,PICKER_025,"[1, 2, 3, 4, 6]",5,105.54,4.66,62,6,1,DIJKSTRA,0
ROUTE_000775,PLANT03,2023-09-19,PICKER_050,"[1, 5, 8, 9, 10, 11]",6,89.49,3.29,5,6,1,GREEDY,1
ROUTE_000776,PLANT13,2024-01-25,PICKER_047,"[1, 2, 4, 5, 6, 7, 8, 9, 10]",9,164.31,4.72,72,5,1,ASTAR,1
ROUTE_000777,PLANT13,2024-08-27,PICKER_019,"[4, 6, 7, 10]",4,59.63,3.36,21,6,1,GREEDY,1
ROUTE_000778,PLANT05,2023-11-11,PICKER_001,"[1, 3, 5, 6, 8]",5,85.67,4.45,68,7,1,DIJKSTRA,1
ROUTE_000779,PLANT20,2024-11-01,PICKER_014,"[1, 3, 4, 5, 6, 7]",6,83.41,4.41,16,6,1,DIJKSTRA,0
ROUTE_000780,PLANT06,2023-03-07,PICKER_020,"[11, 14, 20, 23, 25]",5,100.21,2.8,42,2,1,MANUAL,1
ROUTE_000781,PLANT16,2023-01-10,PICKER_045,"[10, 15]",2,51.61,3.01,59,7,1,DIJKSTRA,1
ROUTE_000782,PLANT20,2024-02-17,PICKER_042,"[3, 7]",2,37.68,3.72,8,4,1,DIJKSTRA,1
ROUTE_000783,PLANT18,2023-04-11,PICKER_040,"[6, 8, 14, 15]",4,68.04,2.76,7,5,1,DIJKSTRA,1
ROUTE_000784,PLANT01,2023-08-31,PICKER_007,"[1, 3, 6, 13, 14, 18, 21, 22]",8,155.01,5.44,53,2,1,DIJKSTRA,0
ROUTE_000785,PLANT01,2023-03-17,PICKER_046,"[1, 2, 3, 6, 10, 12, 14, 15, 22, 25]",10,165.44,4.7,52,4,1,ASTAR,1
ROUTE_000786,PLANT20,2024-07-10,PICKER_026,"[1, 2, 3, 4, 5, 7]",6,106.47,3.71,11,1,1,ASTAR,1
ROUTE_000787,PLANT06,2023-08-24,PICKER_042,"[2, 4, 11, 12, 16, 20, 21, 22, 24, 27]",10,194.45,6.06,40,4,1,GREEDY,1
ROUTE_000788,PLANT20,2023-07-07,PICKER_049,"[1, 2, 3, 6, 7]",5,98.92,4.17,30,10,1,DIJKSTRA,1
ROUTE_000789,PLANT20,2023-08-25,PICKER_030,"[1, 4, 6, 7]",4,79.89,3.7,16,3,1,ASTAR,0
ROUTE_000790,PLANT11,2023-01-18,PICKER_035,"[1, 3, 4, 5]",4,95.99,3.23,32,9,1,GREEDY,1
ROUTE_000791,PLANT08,2024-08-19,PICKER_002,"[6, 10]",2,43.44,1.95,52,2,1,MANUAL,0
ROUTE_000792,PLANT20,2023-09-01,PICKER_037,"[1, 2, 4, 5, 6, 7]",6,134.62,4.59,36,3,1,MANUAL,1
ROUTE_000793,PLANT12,2023-10-14,PICKER_036,"[2, 3, 6, 10, 18, 21, 24]",7,142.55,4.76,71,2,1,DIJKSTRA,0
ROUTE_000794,PLANT16,2024-01-19,PICKER_029,"[3, 4, 6, 8, 11, 12, 13]",7,125.72,3.67,78,2,1,MANUAL,0
ROUTE_000795,PLANT06,2024-08-27,PICKER_040,"[17, 21]",2,38.11,3.02,28,6,1,DIJKSTRA,1
ROUTE_000796,PLANT09,2023-06-14,PICKER_002,"[2, 3, 5, 6, 8, 9]",6,101.42,4.71,64,5,1,DIJKSTRA,0
ROUTE_000797,PLANT04,2023-02-27,PICKER_040,"[1, 5, 6, 10, 11, 13, 15, 17]",8,93.12,2.76,57,1,1,MANUAL,1
ROUTE_000798,PLANT19,2023-04-22,PICKER_037,"[7, 13]",2,56.82,2.2,24,2,1,MANUAL,0
ROUTE_000799,PLANT11,2024-08-04,PICKER_017,"[1, 2, 3, 4, 5]",5,88.0,4.63,20,10,1,MANUAL,0
ROUTE_000800,PLANT07,2024-09-15,PICKER_043,"[1, 4, 7, 11]",4,57.7,2.84,57,9,1,ASTAR,1
ROUTE_000801,PLANT20,2024-08-01,PICKER_048,"[1, 5, 7]",3,37.78,2.34,52,10,1,MANUAL,1
ROUTE_000802,PLANT02,2024-01-27,PICKER_011,"[1, 2, 3, 4, 5, 6]",6,98.69,4.52,16,8,1,DIJKSTRA,0
ROUTE_000803,PLANT08,2024-12-16,PICKER_048,"[3, 7, 15, 17, 22]",5,63.95,3.63,31,3,1,ASTAR,1
ROUTE_000804,PLANT03,2023-03-29,PICKER_043,"[1, 3, 5, 6, 7, 10]",6,117.12,3.09,25,7,1,GREEDY,1
ROUTE_000805,PLANT13,2023-12-15,PICKER_010,"[1, 2, 4, 6, 7, 8]",6,111.24,4.94,39,2,1,MANUAL,0
ROUTE_000806,PLANT17,2023-11-01,PICKER_029,"[5, 12, 14]",3,51.34,2.91,54,8,1,MANUAL,0
ROUTE_000807,PLANT03,2024-03-16,PICKER_018,"[1, 2, 3, 4, 5, 7, 9, 10, 11]",9,171.61,5.11,44,4,1,GREEDY,1
ROUTE_000808,PLANT19,2024-11-19,PICKER_045,"[1, 4, 6, 7, 12, 13, 14, 19, 20, 22]",10,148.59,5.18,21,7,1,MANUAL,0
ROUTE_000809,PLANT10,2023-12-30,PICKER_014,"[1, 2, 3, 4, 5, 7, 10, 17, 20]",9,162.52,5.65,53,5,1,DIJKSTRA,0
ROUTE_000810,PLANT17,2023-10-28,PICKER_045,"[1, 9, 12, 14, 17]",5,89.68,3.72,6,1,1,MANUAL,1
ROUTE_000811,PLANT07,2024-06-01,PICKER_048,"[1, 5, 11]",3,29.97,1.9,67,10,1,GREEDY,0
ROUTE_000812,PLANT13,2024-11-04,PICKER_001,"[1, 2, 8, 9]",4,74.07,3.63,36,10,1,GREEDY,0
ROUTE_000813,PLANT20,2023-05-10,PICKER_022,"[2, 4, 5, 6]",4,61.8,3.66,27,1,1,GREEDY,1
ROUTE_000814,PLANT12,2023-11-28,PICKER_043,"[3, 4, 8, 16, 21, 24]",6,92.69,4.33,33,1,1,GREEDY,0
ROUTE_000815,PLANT14,2023-06-24,PICKER_016,"[8, 15, 21, 25]",4,66.89,3.7,29,3,1,ASTAR,1
ROUTE_000816,PLANT18,2023-03-01,PICKER_049,"[1, 2, 8, 11, 13, 16]",6,88.2,2.27,9,9,1,MANUAL,0
ROUTE_000817,PLANT03,2024-04-12,PICKER_012,"[1, 2, 3, 4, 5, 7, 8, 9, 10, 11]",10,178.89,5.09,23,9,1,MANUAL,0
ROUTE_000818,PLANT06,2023-02-02,PICKER_042,"[9, 10]",2,29.53,2.59,6,6,1,GREEDY,1
ROUTE_000819,PLANT13,2023-12-13,PICKER_032,"[2, 4, 7]",3,45.65,2.74,12,9,1,DIJKSTRA,0
ROUTE_000820,PLANT01,2024-05-31,PICKER_037,"[2, 19]",2,44.6,2.13,42,7,1,MANUAL,0
ROUTE_000821,PLANT12,2023-07-08,PICKER_009,"[2, 6, 7, 9, 13, 22, 23, 24, 25]",9,164.0,6.22,20,2,1,MANUAL,0
ROUTE_000822,PLANT10,2024-05-11,PICKER_036,"[14, 17, 23]",3,41.64,1.99,76,7,1,GREEDY,1
ROUTE_000823,PLANT15,2023-04-20,PICKER_042,"[11, 13, 17]",3,40.87,3.78,79,8,1,ASTAR,1
ROUTE_000824,PLANT12,2023-06-11,PICKER_010,"[7, 23, 24]",3,48.56,1.66,56,3,1,DIJKSTRA,1
ROUTE_000825,PLANT08,2024-04-17,PICKER_045,"[10, 26, 28]",3,44.55,3.65,52,6,1,DIJKSTRA,1
ROUTE_000826,PLANT15,2024-02-03,PICKER_049,"[2, 4, 13, 16, 18, 20, 22, 24, 25]",9,140.38,3.33,63,5,1,MANUAL,0
ROUTE_000827,PLANT16,2023-04-04,PICKER_002,"[8, 15]",2,43.86,2.54,79,4,1,DIJKSTRA,0
ROUTE_000828,PLANT19,2024-03-29,PICKER_005,"[2, 10]",2,14.22,2.48,80,4,1,GREEDY,0
ROUTE_000829,PLANT14,2023-05-30,PICKER_016,"[12, 16, 17, 21, 22]",5,93.4,2.75,68,7,1,DIJKSTRA,1
ROUTE_000830,PLANT17,2023-06-15,PICKER_006,"[2, 17, 22, 24]",4,104.78,3.84,46,2,1,MANUAL,1
ROUTE_000831,PLANT07,2023-03-20,PICKER_049,"[3, 11]",2,35.51,3.18,31,3,1,GREEDY,0
ROUTE_000832,PLANT13,2023-10-04,PICKER_035,"[1, 2, 9]",3,58.75,1.7,5,2,1,ASTAR,0
ROUTE_000833,PLANT04,2023-06-29,PICKER_050,"[9, 20]",2,35.62,1.46,73,3,1,DIJKSTRA,1
ROUTE_000834,PLANT08,2024-12-15,PICKER_007,"[3, 10, 12, 13, 16, 20, 21, 22, 23]",9,151.27,5.56,33,9,1,MANUAL,0
ROUTE_000835,PLANT06,2023-06-02,PICKER_023,"[12, 16, 26]",3,50.83,1.52,24,10,1,GREEDY,1
ROUTE_000836,PLANT14,2024-05-19,PICKER_028,"[1, 19]",2,35.81,1.8,30,1,1,GREEDY,0
ROUTE_000837,PLANT09,2023-08-10,PICKER_016,"[1, 2, 3, 5, 6, 7, 9, 10]",8,151.84,5.23,76,3,1,MANUAL,1
ROUTE_000838,PLANT19,2023-05-11,PICKER_019,"[1, 14]",2,33.57,1.88,40,10,1,MANUAL,1
ROUTE_000839,PLANT01,2024-08-01,PICKER_038,"[4, 7, 8, 11, 16, 20, 22]",7,117.87,4.92,71,8,1,GREEDY,1
ROUTE_000840,PLANT12,2024-10-01,PICKER_037,"[1, 3, 4, 8, 10, 21, 22]",7,102.14,4.85,78,9,1,ASTAR,1
ROUTE_000841,PLANT11,2024-10-25,PICKER_019,"[1, 4, 5]",3,52.42,4.03,40,8,1,MANUAL,0
ROUTE_000842,PLANT20,2023-10-21,PICKER_009,"[1, 6]",2,36.74,1.91,74,1,1,DIJKSTRA,1
ROUTE_000843,PLANT06,2023-03-09,PICKER_017,"[1, 4, 6, 7, 10, 15, 17, 18, 26]",9,148.08,5.83,48,4,1,MANUAL,1
ROUTE_000844,PLANT07,2023-07-03,PICKER_014,"[1, 2, 3, 4, 5, 6, 7, 11, 12]",9,168.12,5.07,68,7,1,MANUAL,1
ROUTE_000845,PLANT03,2023-05-24,PICKER_002,"[3, 4, 7, 10]",4,76.44,3.52,37,7,1,MANUAL,1
ROUTE_000846,PLANT02,2024-04-06,PICKER_007,"[1, 3, 6]",3,66.63,4.22,68,6,1,ASTAR,0
ROUTE_000847,PLANT17,2024-12-21,PICKER_002,"[3, 4, 6, 11, 17, 23]",6,124.39,4.19,28,5,1,MANUAL,0
ROUTE_000848,PLANT07,2023-01-20,PICKER_046,"[5, 6, 11]",3,45.47,1.52,27,9,1,GREEDY,1
ROUTE_000849,PLANT06,2023-12-16,PICKER_029,"[11, 23]",2,14.93,2.06,62,9,1,DIJKSTRA,1
ROUTE_000850,PLANT15,2023-07-09,PICKER_043,"[5, 14, 18, 22, 25]",5,67.82,2.1,45,3,1,ASTAR,1
ROUTE_000851,PLANT02,2024-08-05,PICKER_031,"[1, 3]",2,41.48,3.53,28,3,1,MANUAL,0
ROUTE_000852,PLANT11,2023-06-16,PICKER_018,"[1, 2, 4, 5]",4,36.04,3.6,64,2,1,MANUAL,1
ROUTE_000853,PLANT02,2024-10-27,PICKER_019,"[1, 2, 3, 4, 5, 6]",6,84.77,4.35,31,4,1,GREEDY,1
ROUTE_000854,PLANT02,2023-09-03,PICKER_041,"[3, 4]",2,25.8,1.5,44,1,1,ASTAR,1
ROUTE_000855,PLANT06,2023-08-21,PICKER_038,"[3, 4, 5, 11, 14, 17]",6,86.88,4.18,30,10,1,DIJKSTRA,1
ROUTE_000856,PLANT14,2024-03-22,PICKER_008,"[19, 22, 28]",3,50.48,3.46,76,1,1,MANUAL,1
ROUTE_000857,PLANT05,2023-10-21,PICKER_026,"[1, 2, 5, 6, 7, 9]",6,105.33,4.71,44,1,1,DIJKSTRA,0
ROUTE_000858,PLANT02,2023-05-15,PICKER_003,"[2, 3, 5, 6]",4,48.36,3.43,64,1,1,MANUAL,1
ROUTE_000859,PLANT10,2024-04-18,PICKER_024,"[2, 3, 4, 7, 8, 9, 18, 19, 20, 22]",10,159.61,6.05,49,10,1,MANUAL,1
ROUTE_000860,PLANT18,2023-04-05,PICKER_047,"[3, 7, 16]",3,53.29,2.68,47,3,1,ASTAR,0
ROUTE_000861,PLANT12,2023-12-29,PICKER_034,"[9, 12, 20, 21]",4,55.22,3.11,65,3,1,ASTAR,0
ROUTE_000862,PLANT13,2024-06-08,PICKER_018,"[3, 4, 7]",3,70.78,3.85,7,4,1,GREEDY,0
ROUTE_000863,PLANT16,2023-08-10,PICKER_042,"[2, 5, 13, 15]",4,76.07,3.46,69,7,1,ASTAR,0
ROUTE_000864,PLANT16,2024-05-31,PICKER_035,"[1, 3, 7, 9, 10, 11, 12, 14, 16]",9,161.52,5.31,45,2,1,MANUAL,1
ROUTE_000865,PLANT15,2023-01-16,PICKER_030,"[1, 18]",2,27.55,2.02,33,3,1,ASTAR,1
ROUTE_000866,PLANT19,2024-04-23,PICKER_028,"[1, 3, 5, 6, 8, 12, 13, 14, 17, 23]",10,195.05,6.03,9,2,1,ASTAR,0
ROUTE_000867,PLANT17,2024-07-27,PICKER_050,"[14, 18]",2,49.45,2.51,74,8,1,ASTAR,1
ROUTE_000868,PLANT20,2024-05-27,PICKER_023,"[1, 2, 3, 5, 6, 7]",6,85.09,2.91,30,7,1,DIJKSTRA,1
ROUTE_000869,PLANT12,2024-02-07,PICKER_024,"[8, 10, 12, 16, 19]",5,70.39,2.28,72,2,1,ASTAR,1
ROUTE_000870,PLANT10,2023-01-03,PICKER_014,"[2, 14, 21, 24]",4,80.96,3.89,34,8,1,MANUAL,1
ROUTE_000871,PLANT15,2023-12-26,PICKER_020,"[13, 14, 16, 17, 19, 24]",6,120.62,3.85,30,1,1,DIJKSTRA,0
ROUTE_000872,PLANT20,2023-09-25,PICKER_016,"[1, 2, 3, 5, 6, 7]",6,102.43,3.51,22,4,1,DIJKSTRA,1
ROUTE_000873,PLANT01,2023-02-07,PICKER_046,"[3, 5, 12, 14, 16, 17, 18, 25]",8,112.22,3.8,54,9,1,GREEDY,1
ROUTE_000874,PLANT08,2024-03-14,PICKER_027,"[4, 7, 10, 13, 20, 21, 22, 23]",8,145.8,5.71,68,4,1,MANUAL,1
ROUTE_000875,PLANT02,2024-11-02,PICKER_026,"[1, 2, 3, 4, 5, 6]",6,111.01,4.53,12,4,1,DIJKSTRA,0
ROUTE_000876,PLANT18,2023-06-14,PICKER_039,"[2, 4, 5, 9, 10, 11, 13, 14, 15, 16]",10,204.03,6.35,36,2,1,GREEDY,0
ROUTE_000877,PLANT14,2024-05-21,PICKER_037,"[4, 6, 9, 11, 13, 15, 17, 19, 24, 25]",10,161.97,6.14,55,2,1,DIJKSTRA,0
ROUTE_000878,PLANT07,2024-11-13,PICKER_013,"[2, 3, 4, 8, 9, 11, 12]",7,119.68,3.06,20,2,1,ASTAR,0
ROUTE_000879,PLANT01,2024-09-04,PICKER_015,"[2, 13, 14, 17, 18, 25]",6,112.93,5.18,37,1,1,DIJKSTRA,1
ROUTE_000880,PLANT10,2023-09-15,PICKER_028,"[10, 19, 21]",3,53.19,3.34,8,6,1,ASTAR,0
ROUTE_000881,PLANT03,2024-06-23,PICKER_027,"[2, 3, 6, 8, 10]",5,70.93,2.56,75,5,1,GREEDY,1
ROUTE_000882,PLANT14,2023-05-28,PICKER_042,"[17, 19, 20, 23, 24, 25, 29]",7,98.17,3.24,58,7,1,DIJKSTRA,0
ROUTE_000883,PLANT05,2024-04-04,PICKER_014,"[2, 7, 8, 9]",4,92.06,2.58,37,2,1,GREEDY,0
ROUTE_000884,PLANT19,2024-02-03,PICKER_040,"[2, 10, 14, 19]",4,83.37,4.45,75,10,1,DIJKSTRA,1
ROUTE_000885,PLANT19,2024-04-02,PICKER_023,"[2, 3, 7, 8, 12, 15, 17, 19, 23]",9,129.2,4.01,72,10,1,MANUAL,0
ROUTE_000886,PLANT11,2024-07-03,PICKER_024,"[1, 2, 4]",3,52.53,2.91,28,7,1,DIJKSTRA,0
ROUTE_000887,PLANT20,2023-01-03,PICKER_028,"[1, 2, 3, 4, 5, 7]",6,89.47,3.15,65,6,1,DIJKSTRA,0
ROUTE_000888,PLANT07,2024-07-27,PICKER_024,"[3, 6, 7, 9, 11, 12]",6,122.02,3.58,66,2,1,GREEDY,1
ROUTE_000889,PLANT03,2024-07-30,PICKER_009,"[1, 2, 3, 4, 5, 8, 9, 10, 11]",9,169.08,5.11,35,4,1,ASTAR,1
ROUTE_000890,PLANT09,2024-08-06,PICKER_003,"[6, 10]",2,21.24,3.24,43,8,1,MANUAL,0
ROUTE_000891,PLANT03,2023-10-11,PICKER_028,"[1, 3, 4, 5, 6, 7, 8, 9, 10]",9,137.76,3.79,45,4,1,DIJKSTRA,1
ROUTE_000892,PLANT13,2024-08-20,PICKER_023,"[2, 5, 6]",3,53.04,4.05,61,1,1,DIJKSTRA,1
ROUTE_000893,PLANT13,2024-07-04,PICKER_031,"[1, 2, 3, 4, 5, 6, 8, 9, 10]",9,153.89,4.36,13,2,1,MANUAL,0
ROUTE_000894,PLANT13,2023-01-04,PICKER_021,"[2, 3, 4, 5, 6, 8]",6,143.1,3.68,46,5,1,MANUAL,1
ROUTE_000895,PLANT08,2024-06-30,PICKER_031,"[1, 4, 8, 12, 14, 18, 21, 22, 25]",9,180.16,4.64,74,4,1,DIJKSTRA,0
ROUTE_000896,PLANT19,2023-10-13,PICKER_029,"[13, 16]",2,44.03,1.52,68,4,1,MANUAL,1
ROUTE_000897,PLANT02,2023-01-24,PICKER_044,"[2, 3, 6]",3,22.25,1.47,10,7,1,GREEDY,0
ROUTE_000898,PLANT08,2023-08-11,PICKER_013,"[2, 14, 15, 21, 26, 29]",6,107.06,2.98,14,9,1,MANUAL,0
ROUTE_000899,PLANT11,2024-03-02,PICKER_004,"[1, 4]",2,53.86,2.29,69,1,1,MANUAL,1
ROUTE_000900,PLANT10,2024-11-19,PICKER_001,"[6, 10, 11, 14, 15, 16, 19, 20]",8,111.83,4.64,18,4,1,MANUAL,0
ROUTE_000901,PLANT18,2023-10-08,PICKER_017,"[1, 3, 4, 5, 7, 9, 13, 16]",8,163.45,5.84,74,3,1,ASTAR,1
ROUTE_000902,PLANT06,2023-11-28,PICKER_035,"[5, 11, 14, 15]",4,63.27,3.47,71,2,1,DIJKSTRA,1
ROUTE_000903,PLANT13,2024-10-23,PICKER_022,"[1, 2, 3, 4, 5, 6, 7, 8, 9, 10]",10,139.03,5.17,65,2,1,ASTAR,1
ROUTE_000904,PLANT07,2023-05-18,PICKER_044,"[2, 3, 4, 7, 8, 9, 10, 11, 12]",9,140.26,4.16,10,10,1,DIJKSTRA,0
ROUTE_000905,PLANT10,2024-10-14,PICKER_036,"[2, 6, 10, 16, 17, 18, 20, 23]",8,180.07,5.68,19,1,1,GREEDY,0
ROUTE_000906,PLANT10,2023-03-02,PICKER_048,"[3, 5, 12, 20]",4,52.17,3.07,26,3,1,DIJKSTRA,0
ROUTE_000907,PLANT09,2024-05-21,PICKER_048,"[2, 3, 4, 5, 7, 8, 9, 10]",8,107.93,4.94,41,10,1,GREEDY,1
ROUTE_000908,PLANT06,2024-07-22,PICKER_023,"[1, 4, 9, 12, 16, 21, 23, 27]",8,151.68,5.11,42,7,1,MANUAL,0
ROUTE_000909,PLANT06,2024-05-10,PICKER_009,"[24, 28]",2,47.44,3.77,42,7,1,GREEDY,1
ROUTE_000910,PLANT02,2023-05-29,PICKER_039,"[1, 2, 3, 4, 6]",5,89.62,2.7,42,3,1,MANUAL,1
ROUTE_000911,PLANT17,2024-08-22,PICKER_028,"[1, 4, 6, 10, 14, 18, 19, 23, 24]",9,173.04,4.12,69,8,1,DIJKSTRA,0
ROUTE_000912,PLANT02,2023-02-12,PICKER_035,"[1, 3, 4, 5]",4,85.71,4.21,54,5,1,ASTAR,0
ROUTE_000913,PLANT08,2023-01-28,PICKER_032,"[2, 9, 10, 11, 12, 14, 15, 27, 28]",9,141.58,4.81,28,4,1,GREEDY,1
ROUTE_000914,PLANT10,2023-12-17,PICKER_048,"[7, 9, 12, 16, 20, 22, 23]",7,130.8,3.67,25,1,1,DIJKSTRA,1
ROUTE_000915,PLANT16,2023-12-10,PICKER_022,"[2, 3, 5, 6, 8, 11, 12, 13, 14]",9,153.71,4.21,21,9,1,MANUAL,0
ROUTE_000916,PLANT17,2024-02-07,PICKER_039,"[4, 5, 8, 11]",4,73.15,4.36,14,10,1,MANUAL,0
ROUTE_000917,PLANT20,2023-12-20,PICKER_035,"[1, 3, 4, 6]",4,70.12,4.12,21,9,1,DIJKSTRA,1
ROUTE_000918,PLANT03,2024-03-13,PICKER_039,"[1, 3, 5, 6, 7, 8, 9, 10, 11]",9,184.49,5.51,26,7,1,DIJKSTRA,0
ROUTE_000919,PLANT13,2024-01-16,PICKER_039,"[4, 8]",2,28.1,1.58,44,6,1,DIJKSTRA,0
ROUTE_000920,PLANT12,2023-02-03,PICKER_015,"[3, 5, 8, 12, 15, 17, 21, 23, 24, 25]",10,162.37,5.29,57,9,1,ASTAR,0
ROUTE_000921,PLANT04,2023-12-09,PICKER_031,"[3, 5, 7, 10, 11, 12, 17, 18, 19, 20]",10,152.85,5.94,59,7,1,MANUAL,0
ROUTE_000922,PLANT03,2024-10-26,PICKER_014,"[1, 2, 3, 4, 5, 6, 7, 8, 10, 11]",10,192.2,6.36,15,10,1,DIJKSTRA,0
ROUTE_000923,PLANT06,2024-06-18,PICKER_014,"[11, 12]",2,45.25,1.71,20,8,1,ASTAR,1
ROUTE_000924,PLANT01,2024-10-24,PICKER_010,"[5, 18]",2,34.32,2.68,15,4,1,ASTAR,0
ROUTE_000925,PLANT04,2024-07-25,PICKER_016,"[1, 3, 5, 7, 8, 9, 12, 15, 16, 18]",10,190.19,5.91,55,1,1,ASTAR,0
ROUTE_000926,PLANT03,2023-07-22,PICKER_030,"[1, 2, 4, 5, 6, 7, 8, 9, 10, 11]",10,189.5,4.65,26,10,1,DIJKSTRA,0
ROUTE_000927,PLANT08,2024-08-30,PICKER_031,"[3, 5, 8, 10, 19, 21, 24]",7,95.59,4.07,54,8,1,DIJKSTRA,1
ROUTE_000928,PLANT12,2023-08-15,PICKER_046,"[7, 8, 10, 12, 15, 16, 19, 23]",8,101.89,4.79,53,2,1,MANUAL,1
ROUTE_000929,PLANT20,2024-11-21,PICKER_049,"[1, 3]",2,32.81,2.5,71,5,1,MANUAL,1
ROUTE_000930,PLANT09,2023-08-06,PICKER_034,"[3, 4, 6, 7, 9]",5,112.34,4.29,51,8,1,GREEDY,1
ROUTE_000931,PLANT15,2024-05-28,PICKER_042,"[3, 4, 8, 9, 10, 18, 24]",7,130.47,4.01,42,9,1,GREEDY,0
ROUTE_000932,PLANT07,2024-10-28,PICKER_020,"[2, 6, 12]",3,24.53,3.25,14,1,1,DIJKSTRA,1
ROUTE_000933,PLANT05,2024-12-01,PICKER_014,"[1, 2, 3, 4, 6, 7, 9]",7,106.22,3.86,33,3,1,ASTAR,0
ROUTE_000934,PLANT14,2023-07-10,PICKER_028,"[15, 16, 22]",3,72.18,3.78,65,1,1,GREEDY,0
ROUTE_000935,PLANT11,2024-05-12,PICKER_017,"[1, 2, 3, 5]",4,59.12,3.36,13,7,1,GREEDY,0
ROUTE_000936,PLANT06,2023-01-02,PICKER_015,"[8, 10, 13, 17, 19, 24, 25, 27]",8,110.24,4.46,5,6,1,MANUAL,0
ROUTE_000937,PLANT13,2023-10-19,PICKER_015,"[2, 3, 4, 5, 8]",5,94.79,3.19,20,4,1,GREEDY,0
ROUTE_000938,PLANT12,2024-01-14,PICKER_033,"[2, 5, 8, 13, 16, 19, 20, 25]",8,162.14,6.23,64,3,1,MANUAL,1
ROUTE_000939,PLANT20,2024-07-23,PICKER_007,"[1, 2, 3, 4, 5, 6, 7]",7,94.55,4.44,76,8,1,DIJKSTRA,0
ROUTE_000940,PLANT03,2024-11-04,PICKER_011,"[2, 3, 4, 5, 6, 7, 11]",7,128.88,4.2,50,3,1,GREEDY,1
ROUTE_000941,PLANT14,2024-06-04,PICKER_046,"[6, 18, 26]",3,76.64,3.46,7,6,1,GREEDY,1
ROUTE_000942,PLANT17,2024-05-08,PICKER_022,"[17, 20, 21, 22]",4,72.51,3.02,79,3,1,MANUAL,1
ROUTE_000943,PLANT13,2024-10-14,PICKER_032,"[1, 2, 3, 4, 5, 7, 8, 9, 10]",9,160.76,4.74,35,9,1,GREEDY,1
ROUTE_000944,PLANT10,2023-12-21,PICKER_018,"[1, 2, 3, 4, 6, 10, 17, 18, 20, 23]",10,201.87,4.68,15,1,1,GREEDY,1
ROUTE_000945,PLANT18,2024-10-23,PICKER_039,"[2, 5, 6, 8, 11]",5,103.18,2.77,13,7,1,DIJKSTRA,0
ROUTE_000946,PLANT01,2024-10-03,PICKER_025,"[19, 20, 22, 25]",4,60.36,2.33,47,3,1,GREEDY,1
ROUTE_000947,PLANT12,2023-08-23,PICKER_025,"[11, 14]",2,30.33,2.62,68,6,1,DIJKSTRA,1
ROUTE_000948,PLANT09,2023-08-20,PICKER_002,"[2, 3, 4, 5, 8]",5,100.91,4.14,31,2,1,DIJKSTRA,0
ROUTE_000949,PLANT07,2023-04-28,PICKER_015,"[1, 3, 4, 6, 7, 8, 10, 12]",8,155.55,5.16,54,7,1,DIJKSTRA,0
ROUTE_000950,PLANT04,2024-07-20,PICKER_001,"[2, 3, 6, 12, 14, 17]",6,99.88,3.09,73,7,1,MANUAL,1
ROUTE_000951,PLANT14,2024-07-23,PICKER_049,"[1, 2, 8, 12, 15, 18, 23]",7,114.06,3.43,21,2,1,MANUAL,0
ROUTE_000952,PLANT14,2023-03-08,PICKER_025,"[1, 23, 24, 26]",4,69.81,1.99,15,3,1,GREEDY,0
ROUTE_000953,PLANT02,2024-05-12,PICKER_032,"[1, 2, 3, 5, 6]",5,67.79,2.36,76,10,1,ASTAR,1
ROUTE_000954,PLANT15,2023-08-04,PICKER_039,"[1, 9, 21]",3,63.02,2.76,45,9,1,MANUAL,0
ROUTE_000955,PLANT05,2024-06-05,PICKER_029,"[2, 4, 9]",3,58.56,1.68,40,2,1,DIJKSTRA,1
ROUTE_000956,PLANT03,2023-09-30,PICKER_015,"[1, 2, 3, 4, 5, 6, 7, 9, 10, 11]",10,169.64,5.73,14,3,1,ASTAR,1
ROUTE_000957,PLANT02,2024-11-12,PICKER_016,"[5, 6]",2,37.68,2.83,61,4,1,DIJKSTRA,1
ROUTE_000958,PLANT12,2023-04-04,PICKER_045,"[5, 7, 8, 18]",4,71.07,3.65,33,10,1,MANUAL,1
ROUTE_000959,PLANT09,2024-10-04,PICKER_036,"[1, 2, 3, 4, 5, 7, 8, 9, 10]",9,137.29,4.05,18,3,1,DIJKSTRA,1
ROUTE_000960,PLANT03,2024-11-07,PICKER_047,"[2, 4, 6, 8]",4,46.64,2.37,61,3,1,GREEDY,0
ROUTE_000961,PLANT05,2024-09-21,PICKER_030,"[1, 5, 7]",3,62.14,3.08,66,1,1,ASTAR,1
ROUTE_000962,PLANT06,2023-05-19,PICKER_008,"[3, 4, 10, 21, 22]",5,62.01,2.6,78,6,1,GREEDY,0
ROUTE_000963,PLANT07,2023-07-11,PICKER_034,"[3, 4, 6, 9, 12]",5,86.66,2.38,80,2,1,GREEDY,0
ROUTE_000964,PLANT09,2024-03-09,PICKER_037,"[1, 2, 3, 4, 5, 6, 7, 8, 9, 10]",10,183.94,6.58,42,10,1,DIJKSTRA,1
ROUTE_000965,PLANT07,2024-08-06,PICKER_017,"[7, 8]",2,44.63,3.2,66,5,1,GREEDY,0
ROUTE_000966,PLANT16,2024-09-07,PICKER_009,"[1, 2, 3, 5, 9, 13, 14, 16]",8,135.98,4.91,77,9,1,ASTAR,0
ROUTE_000967,PLANT18,2023-10-28,PICKER_020,"[2, 3, 5, 8, 9, 11, 12, 13, 15]",9,192.45,5.26,7,3,1,ASTAR,1
ROUTE_000968,PLANT15,2024-10-26,PICKER_001,"[3, 4, 7, 14]",4,63.21,3.0,69,10,1,MANUAL,1
ROUTE_000969,PLANT18,2024-09-17,PICKER_040,"[1, 2, 5, 12, 15, 16]",6,107.03,4.32,49,5,1,DIJKSTRA,1
ROUTE_000970,PLANT19,2023-05-10,PICKER_014,"[3, 18]",2,29.0,2.61,29,1,1,GREEDY,1
ROUTE_000971,PLANT13,2023-04-26,PICKER_046,"[1, 2, 3, 5, 6, 7, 8, 9]",8,157.06,3.95,52,9,1,GREEDY,1
ROUTE_000972,PLANT02,2024-04-16,PICKER_049,"[1, 2, 4, 6]",4,73.29,3.72,48,5,1,GREEDY,0
ROUTE_000973,PLANT01,2024-03-06,PICKER_040,"[3, 4, 9, 12, 18, 21, 25]",7,81.04,2.38,63,10,1,MANUAL,0
ROUTE_000974,PLANT09,2024-12-30,PICKER_015,"[2, 4]",2,31.06,1.45,75,3,1,GREEDY,1
ROUTE_000975,PLANT08,2023-05-11,PICKER_026,"[2, 7, 8, 9, 10, 13, 15, 17, 23, 25]",10,159.53,4.86,27,3,1,GREEDY,1
ROUTE_000976,PLANT12,2023-03-13,PICKER_006,"[4, 7, 14, 17, 21]",5,100.38,2.59,36,1,1,ASTAR,1
ROUTE_000977,PLANT10,2023-03-08,PICKER_009,"[3, 9, 16, 19, 22, 23]",6,73.85,2.54,25,7,1,DIJKSTRA,1
ROUTE_000978,PLANT17,2024-11-30,PICKER_011,"[9, 13, 15, 18, 20, 23]",6,99.52,4.14,57,10,1,DIJKSTRA,1
ROUTE_000979,PLANT15,2024-07-23,PICKER_047,"[2, 4, 6, 7, 8, 10, 14, 16, 19, 21]",10,165.63,4.02,75,8,1,DIJKSTRA,0
ROUTE_000980,PLANT08,2023-05-24,PICKER_009,"[1, 2, 12, 14, 18, 21, 27]",7,138.54,3.44,75,7,1,ASTAR,1
ROUTE_000981,PLANT07,2024-10-21,PICKER_035,"[1, 9, 11]",3,61.81,2.21,34,8,1,MANUAL,1
ROUTE_000982,PLANT03,2024-12-02,PICKER_036,"[2, 3, 4, 5, 7]",5,88.85,4.01,26,4,1,MANUAL,0
ROUTE_000983,PLANT06,2023-05-29,PICKER_011,"[2, 7, 17, 18, 20]",5,74.35,3.05,46,2,1,DIJKSTRA,1
ROUTE_000984,PLANT06,2024-10-31,PICKER_011,"[1, 11, 14, 28]",4,86.0,3.13,10,6,1,GREEDY,1
ROUTE_000985,PLANT13,2024-04-18,PICKER_018,"[1, 2, 3, 4, 5, 6, 7, 8, 9, 10]",10,208.54,6.32,20,9,1,MANUAL,1
ROUTE_000986,PLANT17,2023-05-18,PICKER_019,"[14, 18, 19, 21, 23, 24]",6,161.84,4.45,49,10,1,ASTAR,0
ROUTE_000987,PLANT01,2024-02-06,PICKER_047,"[1, 6, 11, 14, 15, 16, 18]",7,130.12,3.6,80,8,1,GREEDY,1
ROUTE_000988,PLANT13,2023-09-11,PICKER_005,"[1, 2, 3, 4, 5, 6, 7, 8, 9, 10]",10,149.84,3.55,62,3,1,ASTAR,1
ROUTE_000989,PLANT09,2024-08-10,PICKER_015,"[3, 4, 7, 10]",4,82.28,4.1,65,9,1,GREEDY,1
ROUTE_000990,PLANT03,2023-11-28,PICKER_037,"[1, 2, 3, 4, 5, 6, 7, 8, 9, 10]",10,197.99,5.56,79,7,1,MANUAL,0
ROUTE_000991,PLANT16,2023-07-28,PICKER_012,"[1, 3, 4, 6, 7, 9, 10, 12, 14, 15]",10,177.47,4.31,20,8,1,GREEDY,0
ROUTE_000992,PLANT13,2024-09-19,PICKER_050,"[2, 3]",2,20.57,2.77,51,2,1,GREEDY,0
ROUTE_000993,PLANT01,2023-10-02,PICKER_048,"[5, 8, 10, 15, 16]",5,78.65,3.04,27,6,1,GREEDY,1
ROUTE_000994,PLANT08,2023-10-23,PICKER_039,"[1, 2, 8, 22]",4,63.56,2.95,55,8,1,DIJKSTRA,0
ROUTE_000995,PLANT08,2023-02-19,PICKER_048,"[1, 15, 16, 17, 25]",5,83.93,4.06,36,10,1,GREEDY,0
ROUTE_000996,PLANT20,2023-12-19,PICKER_018,"[1, 3, 4]",3,48.0,2.3,24,3,1,MANUAL,1
ROUTE_000997,PLANT13,2024-07-28,PICKER_045,"[2, 9]",2,24.29,1.99,25,6,1,ASTAR,0
ROUTE_000998,PLANT13,2023-07-03,PICKER_001,"[1, 2, 3, 4, 5, 6, 7, 8, 9, 10]",10,172.61,4.47,20,9,1,DIJKSTRA,0
ROUTE_000999,PLANT11,2023-06-12,PICKER_036,"[1, 2, 3, 4, 5]",5,90.26,4.23,75,5,1,MANUAL,1
ROUTE_001000,PLANT09,2024-02-15,PICKER_043,"[1, 3, 4, 6, 8, 9]",6,115.85,3.24,53,7,1,GREEDY,1
ROUTE_001001,PLANT15,2023-10-25,PICKER_023,"[4, 5, 11, 12, 13, 15]",6,98.91,4.64,22,4,1,DIJKSTRA,1
ROUTE_001002,PLANT19,2024-12-08,PICKER_011,"[14, 22]",2,53.92,2.8,40,1,1,MANUAL,0
ROUTE_001003,PLANT19,2024-10-09,PICKER_027,"[1, 2, 4, 6, 13, 18]",6,112.48,4.54,15,9,1,GREEDY,0
ROUTE_001004,PLANT16,2023-07-14,PICKER_005,"[10, 15]",2,35.19,2.88,64,1,1,ASTAR,1
ROUTE_001005,PLANT15,2024-05-04,PICKER_041,"[4, 5, 6, 9, 10, 14, 16, 20, 21]",9,169.58,4.39,22,8,1,MANUAL,1
ROUTE_001006,PLANT09,2023-01-10,PICKER_031,"[1, 3, 4, 6, 9, 10]",6,100.83,2.52,55,2,1,MANUAL,0
ROUTE_001007,PLANT19,2024-06-11,PICKER_013,"[1, 2, 9, 17, 22, 23]",6,148.9,4.91,23,10,1,DIJKSTRA,1
ROUTE_001008,PLANT20,2023-04-06,PICKER_021,"[1, 5, 7]",3,47.96,2.98,80,10,1,MANUAL,0
ROUTE_001009,PLANT17,2023-01-13,PICKER_036,"[6, 21]",2,21.92,2.03,49,8,1,ASTAR,1
ROUTE_001010,PLANT09,2024-11-15,PICKER_037,"[1, 2, 3, 4, 5, 6, 7, 8, 10]",9,147.78,4.59,48,7,1,DIJKSTRA,1
ROUTE_001011,PLANT07,2024-07-21,PICKER_013,"[3, 7, 10]",3,53.78,2.05,69,1,1,DIJKSTRA,1
ROUTE_001012,PLANT19,2023-04-10,PICKER_006,"[3, 6, 10, 13, 18, 20, 23]",7,109.87,4.68,27,2,1,GREEDY,0
ROUTE_001013,PLANT11,2023-03-13,PICKER_022,"[1, 2, 3, 4, 5]",5,92.46,4.7,24,7,1,MANUAL,0
ROUTE_001014,PLANT04,2024-02-25,PICKER_017,"[1, 3, 4, 6, 7, 8, 13, 18, 20]",9,90.88,2.42,80,9,1,DIJKSTRA,1
ROUTE_001015,PLANT04,2024-08-24,PICKER_018,"[3, 10, 12, 16, 17]",5,104.37,4.85,64,9,1,MANUAL,1
ROUTE_001016,PLANT07,2023-08-05,PICKER_036,"[2, 3, 5, 11, 12]",5,95.21,3.28,21,7,1,DIJKSTRA,1
ROUTE_001017,PLANT18,2024-03-28,PICKER_002,"[3, 6, 11, 13]",4,45.94,1.96,68,7,1,MANUAL,0
ROUTE_001018,PLANT14,2023-06-17,PICKER_004,"[1, 3, 11, 12, 16, 18, 21, 27]",8,139.7,4.13,22,10,1,DIJKSTRA,0
ROUTE_001019,PLANT12,2024-10-03,PICKER_050,"[2, 3, 7, 11, 16, 19, 21, 23]",8,118.43,3.89,54,8,1,GREEDY,1
ROUTE_001020,PLANT10,2023-01-14,PICKER_022,"[1, 5, 8, 13, 14, 21]",6,134.08,3.38,69,9,1,MANUAL,1
ROUTE_001021,PLANT02,2023-09-11,PICKER_028,"[1, 5, 6]",3,54.08,3.52,75,1,1,GREEDY,0
ROUTE_001022,PLANT17,2023-09-12,PICKER_009,"[2, 5, 8, 10, 13, 15, 20]",7,143.44,5.76,57,1,1,ASTAR,1
ROUTE_001023,PLANT20,2023-05-26,PICKER_043,"[2, 5]",2,18.04,1.7,49,9,1,ASTAR,1
ROUTE_001024,PLANT06,2024-07-30,PICKER_015,"[11, 12, 14, 15, 21, 28]",6,134.76,3.52,16,2,1,MANUAL,1
ROUTE_001025,PLANT16,2024-06-27,PICKER_037,"[3, 5, 8, 9, 10, 11, 12, 13, 15]",9,147.36,3.95,49,5,1,MANUAL,0
ROUTE_001026,PLANT18,2024-06-04,PICKER_028,"[9, 10]",2,12.38,3.02,30,8,1,DIJKSTRA,0
ROUTE_001027,PLANT15,2024-12-31,PICKER_015,"[1, 8, 9, 10, 14, 18]",6,113.05,4.75,64,4,1,MANUAL,1
ROUTE_001028,PLANT14,2024-05-28,PICKER_048,"[1, 2, 5, 10, 11, 12, 17, 20, 25, 27]",10,213.36,7.02,74,7,1,MANUAL,0
ROUTE_001029,PLANT01,2024-07-10,PICKER_050,"[1, 2, 10, 11, 22, 26]",6,105.18,5.02,19,1,1,MANUAL,1
ROUTE_001030,PLANT11,2023-07-01,PICKER_016,"[1, 3, 4, 5]",4,96.04,2.45,20,7,1,DIJKSTRA,0
ROUTE_001031,PLANT19,2024-07-19,PICKER_040,"[2, 5, 19]",3,39.61,2.7,51,2,1,DIJKSTRA,0
ROUTE_001032,PLANT04,2024-06-02,PICKER_015,"[1, 3, 4, 5, 7, 8, 11, 20]",8,139.62,4.74,57,8,1,GREEDY,1
ROUTE_001033,PLANT06,2024-07-13,PICKER_050,"[1, 7, 8, 10, 11, 14, 20, 24]",8,130.1,5.35,50,8,1,DIJKSTRA,0
ROUTE_001034,PLANT19,2024-07-31,PICKER_032,"[8, 10, 13, 15, 18, 20, 21, 22]",8,121.7,4.61,30,3,1,DIJKSTRA,1
ROUTE_001035,PLANT19,2023-06-18,PICKER_031,"[1, 6, 18]",3,38.86,2.35,8,8,1,ASTAR,0
ROUTE_001036,PLANT05,2023-05-16,PICKER_002,"[8, 9]",2,40.27,3.25,71,4,1,ASTAR,0
ROUTE_001037,PLANT14,2023-12-12,PICKER_030,"[4, 6, 9, 14, 20, 21, 22]",7,106.05,3.57,61,5,1,DIJKSTRA,0
ROUTE_001038,PLANT12,2024-05-28,PICKER_046,"[6, 9, 16, 18, 20, 22]",6,92.88,4.66,70,8,1,GREEDY,0
ROUTE_001039,PLANT19,2024-01-15,PICKER_043,"[3, 5, 20, 23]",4,68.07,4.32,25,9,1,GREEDY,1
ROUTE_001040,PLANT10,2023-12-28,PICKER_050,"[2, 10, 15, 20, 24]",5,100.64,4.7,47,3,1,DIJKSTRA,1
ROUTE_001041,PLANT09,2023-11-15,PICKER_031,"[1, 2, 3, 5, 6, 7, 8, 9, 10]",9,121.45,4.59,78,2,1,GREEDY,0
ROUTE_001042,PLANT11,2024-12-07,PICKER_001,"[1, 2, 5]",3,43.37,3.66,45,2,1,GREEDY,1
ROUTE_001043,PLANT07,2024-04-27,PICKER_048,"[1, 2, 4, 7, 9, 10, 11, 12]",8,174.87,4.11,42,8,1,GREEDY,0
ROUTE_001044,PLANT09,2023-06-28,PICKER_023,"[7, 8, 10]",3,60.73,2.68,25,5,1,DIJKSTRA,0
ROUTE_001045,PLANT16,2023-09-28,PICKER_022,"[3, 4, 6, 12, 13]",5,81.22,2.21,26,9,1,GREEDY,0
ROUTE_001046,PLANT06,2023-12-10,PICKER_032,"[2, 7]",2,34.37,1.94,51,5,1,DIJKSTRA,1
ROUTE_001047,PLANT18,2023-03-25,PICKER_041,"[1, 11]",2,44.47,3.15,62,9,1,ASTAR,0
ROUTE_001048,PLANT07,2023-11-16,PICKER_047,"[5, 6, 7, 9, 11, 12]",6,94.82,2.64,33,5,1,DIJKSTRA,1
ROUTE_001049,PLANT12,2023-01-17,PICKER_043,"[6, 7, 12, 18, 25]",5,88.71,4.0,10,9,1,MANUAL,0
ROUTE_001050,PLANT14,2024-04-01,PICKER_033,"[7, 11, 15, 16, 29]",5,88.91,3.7,16,4,1,DIJKSTRA,1
ROUTE_001051,PLANT12,2023-08-25,PICKER_050,"[1, 3, 4, 12, 16, 19, 24]",7,144.95,3.71,42,2,1,DIJKSTRA,0
ROUTE_001052,PLANT17,2024-09-28,PICKER_025,"[2, 5, 12, 13, 14, 15, 18, 20, 24]",9,169.49,5.28,13,2,1,MANUAL,0
ROUTE_001053,PLANT14,2023-04-10,PICKER_021,"[8, 12, 14, 15, 21, 26]",6,88.03,3.36,55,8,1,ASTAR,0
ROUTE_001054,PLANT14,2023-01-22,PICKER_019,"[13, 21, 28]",3,28.26,2.01,19,6,1,DIJKSTRA,1
ROUTE_001055,PLANT05,2024-09-03,PICKER_040,"[3, 6]",2,42.39,1.47,70,2,1,DIJKSTRA,1
ROUTE_001056,PLANT09,2023-09-08,PICKER_009,"[2, 5, 8, 10]",4,71.34,4.18,5,8,1,DIJKSTRA,1
ROUTE_001057,PLANT02,2024-05-01,PICKER_044,"[1, 3, 4, 6]",4,36.64,3.28,66,7,1,DIJKSTRA,0
ROUTE_001058,PLANT05,2024-06-02,PICKER_009,"[1, 2, 5, 8]",4,57.75,4.01,19,10,1,MANUAL,0
ROUTE_001059,PLANT11,2023-12-28,PICKER_030,"[2, 4, 5]",3,58.32,2.58,44,10,1,MANUAL,1
ROUTE_001060,PLANT03,2024-10-30,PICKER_032,"[7, 8, 10]",3,52.69,2.41,58,2,1,ASTAR,0
ROUTE_001061,PLANT03,2023-06-24,PICKER_010,"[1, 4, 7, 8, 10, 11]",6,136.05,5.68,63,4,1,DIJKSTRA,0
ROUTE_001062,PLANT02,2024-05-03,PICKER_012,"[1, 2, 3, 4, 5, 6]",6,96.82,4.47,80,10,1,GREEDY,1
ROUTE_001063,PLANT18,2023-09-29,PICKER_019,"[1, 2, 3, 5, 6, 9, 10, 14, 15, 16]",10,176.34,4.75,45,2,1,GREEDY,0
ROUTE_001064,PLANT07,2023-12-18,PICKER_040,"[1, 4, 5, 7, 8, 10, 11]",7,106.13,2.89,70,9,1,GREEDY,0
ROUTE_001065,PLANT14,2024-12-12,PICKER_036,"[5, 16, 17, 19, 20, 21, 29]",7,132.89,4.59,13,6,1,ASTAR,0
ROUTE_001066,PLANT10,2023-09-22,PICKER_041,"[4, 6, 8, 10, 15, 18, 23, 24]",8,147.6,4.96,7,6,1,MANUAL,1
ROUTE_001067,PLANT06,2023-01-06,PICKER_041,"[7, 21, 22]",3,57.26,2.57,15,2,1,MANUAL,1
ROUTE_001068,PLANT16,2024-05-23,PICKER_006,"[1, 9, 10, 14, 15]",5,80.84,3.77,80,4,1,ASTAR,0
ROUTE_001069,PLANT15,2024-06-05,PICKER_003,"[9, 11, 12, 13, 14, 20, 23, 25]",8,159.62,5.73,29,4,1,GREEDY,0
ROUTE_001070,PLANT06,2023-11-24,PICKER_026,"[2, 3, 5, 6, 8, 12, 20, 22, 23, 28]",10,154.17,6.06,7,6,1,ASTAR,1
ROUTE_001071,PLANT12,2023-12-26,PICKER_047,"[2, 4, 5, 13, 19]",5,71.23,3.29,46,6,1,MANUAL,0
ROUTE_001072,PLANT02,2024-09-07,PICKER_011,"[3, 4, 6]",3,59.1,2.04,41,8,1,DIJKSTRA,1
ROUTE_001073,PLANT04,2023-07-22,PICKER_021,"[8, 17]",2,21.59,2.17,23,6,1,ASTAR,0
ROUTE_001074,PLANT07,2023-07-15,PICKER_032,"[1, 2, 4, 7, 10]",5,112.19,2.95,15,6,1,GREEDY,1
ROUTE_001075,PLANT17,2024-06-08,PICKER_022,"[2, 3, 6, 11, 13, 19, 20]",7,111.66,4.17,72,2,1,ASTAR,1
ROUTE_001076,PLANT16,2023-05-07,PICKER_035,"[2, 4, 5, 6, 9, 10, 11, 12, 14, 16]",10,162.7,5.59,37,4,1,DIJKSTRA,0
ROUTE_001077,PLANT02,2024-05-28,PICKER_038,"[1, 6]",2,27.23,2.66,75,1,1,DIJKSTRA,1
ROUTE_001078,PLANT09,2023-01-02,PICKER_041,"[6, 8, 9, 10]",4,69.42,3.67,13,6,1,MANUAL,1
ROUTE_001079,PLANT11,2023-09-17,PICKER_037,"[1, 2, 3, 4]",4,53.35,2.63,30,9,1,GREEDY,1
ROUTE_001080,PLANT13,2023-06-16,PICKER_043,"[1, 4, 9]",3,67.54,2.35,77,3,1,DIJKSTRA,1
ROUTE_001081,PLANT11,2023-09-29,PICKER_010,"[1, 2, 3, 4, 5]",5,78.93,4.34,75,4,1,DIJKSTRA,0
ROUTE_001082,PLANT20,2024-07-10,PICKER_021,"[1, 2, 6]",3,60.79,1.99,20,1,1,MANUAL,1
ROUTE_001083,PLANT15,2023-08-02,PICKER_035,"[6, 11, 12, 18, 22]",5,88.83,4.06,12,3,1,DIJKSTRA,1
ROUTE_001084,PLANT12,2024-01-09,PICKER_003,"[1, 3, 8, 9, 14, 16]",6,115.76,3.41,22,4,1,GREEDY,1
ROUTE_001085,PLANT19,2023-06-13,PICKER_034,"[15, 20, 22]",3,67.09,4.32,78,1,1,ASTAR,1
ROUTE_001086,PLANT02,2023-05-24,PICKER_035,"[1, 3, 4, 5, 6]",5,80.68,2.42,23,3,1,ASTAR,1
ROUTE_001087,PLANT04,2023-09-02,PICKER_034,"[5, 9, 10, 13, 15, 20]",6,105.66,5.01,37,2,1,MANUAL,1
ROUTE_001088,PLANT14,2023-01-30,PICKER_028,"[8, 10, 14, 18, 24, 26, 27]",7,113.7,4.92,70,8,1,ASTAR,0
ROUTE_001089,PLANT08,2023-05-06,PICKER_017,"[2, 3, 9, 10, 13, 18, 22, 25]",8,116.29,2.86,11,6,1,MANUAL,1
ROUTE_001090,PLANT13,2024-05-02,PICKER_042,"[1, 2, 3, 4, 5, 6, 7, 8, 9, 10]",10,173.43,4.87,41,3,1,DIJKSTRA,1
ROUTE_001091,PLANT08,2023-10-16,PICKER_037,"[1, 2, 4, 11, 13, 22, 28, 29]",8,107.47,2.95,40,10,1,ASTAR,0
ROUTE_001092,PLANT04,2024-05-01,PICKER_004,"[2, 5, 18, 19, 20]",5,114.55,4.34,64,9,1,GREEDY,1
ROUTE_001093,PLANT16,2024-01-05,PICKER_036,"[3, 4, 11, 12]",4,74.93,4.28,78,8,1,DIJKSTRA,1
ROUTE_001094,PLANT09,2023-05-05,PICKER_006,"[2, 3, 5, 7]",4,70.06,3.3,17,8,1,GREEDY,0
ROUTE_001095,PLANT17,2024-05-18,PICKER_049,"[1, 3, 5, 15, 20, 24]",6,129.03,4.95,5,8,1,MANUAL,1
ROUTE_001096,PLANT17,2023-09-12,PICKER_049,"[5, 17, 21, 22, 24]",5,76.54,4.34,44,1,1,DIJKSTRA,0
ROUTE_001097,PLANT01,2024-09-26,PICKER_032,"[1, 4, 5, 7, 10, 11, 17, 26]",8,126.98,3.09,68,1,1,DIJKSTRA,0
ROUTE_001098,PLANT03,2024-02-04,PICKER_021,"[1, 2, 3, 5, 6, 7, 8, 9, 11]",9,166.53,5.34,17,6,1,GREEDY,0
ROUTE_001099,PLANT15,2023-05-05,PICKER_031,"[13, 14, 15, 16, 22, 25]",6,99.76,4.55,64,1,1,MANUAL,1
ROUTE_001100,PLANT14,2023-03-29,PICKER_015,"[2, 6, 8, 16, 18, 19]",6,85.99,2.43,15,9,1,MANUAL,1
ROUTE_001101,PLANT04,2024-04-22,PICKER_024,"[3, 6, 7, 11, 12]",5,97.73,4.93,13,9,1,ASTAR,0
ROUTE_001102,PLANT01,2024-02-04,PICKER_041,"[6, 8, 16]",3,48.4,2.86,80,10,1,DIJKSTRA,1
ROUTE_001103,PLANT01,2023-04-12,PICKER_008,"[5, 6, 8, 21, 22, 23]",6,102.91,4.15,79,10,1,MANUAL,1
ROUTE_001104,PLANT03,2023-01-10,PICKER_027,"[7, 8, 10, 11]",4,63.11,3.39,33,2,1,ASTAR,0
ROUTE_001105,PLANT19,2023-07-28,PICKER_008,"[2, 11, 13, 14, 15, 17, 20, 22]",8,151.46,4.83,35,8,1,GREEDY,0
ROUTE_001106,PLANT10,2023-03-08,PICKER_015,"[4, 9, 11, 12, 17, 18]",6,93.09,4.28,69,5,1,MANUAL,1
ROUTE_001107,PLANT13,2023-09-13,PICKER_018,"[5, 8]",2,16.0,2.38,36,5,1,DIJKSTRA,1
ROUTE_001108,PLANT11,2023-03-24,PICKER_035,"[1, 2, 5]",3,58.22,3.58,63,8,1,ASTAR,1
ROUTE_001109,PLANT08,2024-06-08,PICKER_043,"[1, 2, 11, 14, 21, 22, 29]",7,114.16,3.14,49,4,1,DIJKSTRA,0
ROUTE_001110,PLANT06,2023-09-09,PICKER_026,"[1, 2, 3, 5, 7, 9, 14, 18, 21, 24]",10,188.56,5.23,47,4,1,ASTAR,1
ROUTE_001111,PLANT11,2023-07-04,PICKER_010,"[3, 4]",2,26.13,2.74,54,9,1,ASTAR,1
ROUTE_001112,PLANT04,2023-05-22,PICKER_050,"[3, 5, 8, 16, 19]",5,93.81,3.03,17,3,1,DIJKSTRA,0
ROUTE_001113,PLANT11,2023-01-18,PICKER_009,"[1, 4, 5]",3,32.05,2.12,17,3,1,ASTAR,1
ROUTE_001114,PLANT17,2024-07-22,PICKER_021,"[16, 20, 21]",3,82.17,3.22,5,2,1,GREEDY,1
ROUTE_001115,PLANT13,2023-03-05,PICKER_046,"[1, 3, 4, 5, 7, 8, 9]",7,132.08,3.42,12,1,1,MANUAL,0
ROUTE_001116,PLANT15,2023-04-08,PICKER_042,"[4, 9, 11, 12, 17, 20]",6,82.72,3.16,48,6,1,DIJKSTRA,1
ROUTE_001117,PLANT16,2023-12-07,PICKER_020,"[4, 7, 10, 12]",4,67.45,3.97,42,5,1,DIJKSTRA,0
ROUTE_001118,PLANT01,2023-10-28,PICKER_007,"[8, 13, 14, 26]",4,71.64,3.7,65,2,1,MANUAL,1
ROUTE_001119,PLANT10,2023-08-21,PICKER_002,"[3, 4, 5, 7, 9, 15, 16, 17, 18, 22]",10,157.01,4.57,76,8,1,DIJKSTRA,1
ROUTE_001120,PLANT13,2023-07-02,PICKER_003,"[1, 2, 4, 6, 7, 10]",6,88.81,3.5,80,7,1,ASTAR,0
ROUTE_001121,PLANT06,2023-10-07,PICKER_036,"[4, 5, 8, 13, 15, 20, 21, 26, 28]",9,161.28,5.73,77,8,1,DIJKSTRA,0
ROUTE_001122,PLANT20,2023-11-11,PICKER_045,"[1, 2, 3, 4, 5, 6, 7]",7,133.03,3.23,79,6,1,ASTAR,0
ROUTE_001123,PLANT10,2024-09-17,PICKER_019,"[4, 12, 15, 18, 20]",5,92.04,2.7,42,8,1,MANUAL,1
ROUTE_001124,PLANT17,2023-07-26,PICKER_032,"[1, 11, 12, 14, 18, 19, 23, 24]",8,157.41,4.63,41,4,1,GREEDY,1
ROUTE_001125,PLANT19,2024-01-23,PICKER_016,"[4, 6, 15]",3,66.77,2.88,32,1,1,DIJKSTRA,0
ROUTE_001126,PLANT11,2023-07-26,PICKER_015,"[1, 2, 3, 4, 5]",5,82.04,3.64,39,2,1,DIJKSTRA,0
ROUTE_001127,PLANT19,2023-04-17,PICKER_006,"[10, 14]",2,16.54,1.26,19,7,1,MANUAL,1
ROUTE_001128,PLANT10,2024-02-07,PICKER_006,"[5, 7, 8, 10, 17, 18, 19, 21, 23]",9,142.24,4.13,13,8,1,ASTAR,1
ROUTE_001129,PLANT01,2023-10-20,PICKER_041,"[8, 14, 25, 26]",4,87.01,4.59,27,10,1,ASTAR,0
ROUTE_001130,PLANT05,2024-10-02,PICKER_038,"[1, 3, 4, 5, 9]",5,106.57,4.79,22,10,1,DIJKSTRA,1
ROUTE_001131,PLANT15,2023-04-20,PICKER_008,"[2, 9, 11, 12, 13, 14, 16, 22, 25]",9,131.13,3.71,44,7,1,ASTAR,1
ROUTE_001132,PLANT12,2024-01-13,PICKER_041,"[8, 16, 21]",3,64.52,1.85,70,7,1,MANUAL,1
ROUTE_001133,PLANT04,2024-06-27,PICKER_019,"[5, 9, 16]",3,62.69,2.73,50,5,1,GREEDY,0
ROUTE_001134,PLANT03,2023-12-28,PICKER_005,"[1, 2, 3, 6, 7, 8, 9, 10, 11]",9,143.01,3.82,68,3,1,MANUAL,1
ROUTE_001135,PLANT06,2024-05-25,PICKER_028,"[9, 10, 13, 16, 17, 18, 23, 26]",8,126.67,5.26,33,5,1,MANUAL,0
ROUTE_001136,PLANT18,2024-01-15,PICKER_047,"[2, 3, 5, 6, 7, 8, 9, 12, 13, 14]",10,218.64,6.0,26,2,1,DIJKSTRA,0
ROUTE_001137,PLANT20,2023-01-09,PICKER_012,"[1, 6, 7]",3,69.43,3.73,29,4,1,MANUAL,0
ROUTE_001138,PLANT07,2024-10-11,PICKER_038,"[2, 4, 10, 12]",4,84.23,4.25,57,4,1,ASTAR,1
ROUTE_001139,PLANT14,2024-06-03,PICKER_005,"[10, 24, 25, 26]",4,57.27,2.86,68,8,1,ASTAR,0
ROUTE_001140,PLANT13,2023-12-23,PICKER_032,"[1, 3, 4, 7, 8]",5,74.3,3.92,12,6,1,GREEDY,0
ROUTE_001141,PLANT17,2024-09-20,PICKER_019,"[2, 5, 8, 10, 20, 23, 24]",7,152.11,4.98,63,6,1,DIJKSTRA,0
ROUTE_001142,PLANT04,2024-10-15,PICKER_039,"[3, 20]",2,36.71,3.23,78,7,1,ASTAR,1
ROUTE_001143,PLANT17,2023-04-04,PICKER_033,"[7, 8, 11, 14, 23]",5,69.66,2.61,6,3,1,GREEDY,0
ROUTE_001144,PLANT13,2024-11-23,PICKER_048,"[2, 3, 4, 5, 6, 7, 8, 9, 10]",9,146.18,5.07,66,3,1,DIJKSTRA,0
ROUTE_001145,PLANT13,2024-11-03,PICKER_032,"[1, 2, 3, 4, 6, 7, 8, 9, 10]",9,127.99,4.0,42,10,1,DIJKSTRA,0
ROUTE_001146,PLANT09,2024-05-29,PICKER_028,"[2, 4, 5, 7]",4,89.38,3.8,38,6,1,DIJKSTRA,1
ROUTE_001147,PLANT04,2023-02-27,PICKER_005,"[1, 4, 6, 10, 11, 12, 13, 17]",8,137.65,5.6,5,9,1,ASTAR,0
ROUTE_001148,PLANT18,2023-03-14,PICKER_031,"[3, 10, 14, 15]",4,60.58,2.05,42,10,1,GREEDY,0
ROUTE_001149,PLANT19,2024-09-19,PICKER_025,"[1, 4, 9, 13, 16, 19]",6,136.79,3.31,18,7,1,GREEDY,1
ROUTE_001150,PLANT15,2024-02-09,PICKER_007,"[1, 2, 22, 23]",4,94.25,4.21,73,2,1,DIJKSTRA,1
ROUTE_001151,PLANT20,2023-01-19,PICKER_027,"[2, 6, 7]",3,61.62,3.9,44,10,1,ASTAR,0
ROUTE_001152,PLANT20,2023-05-06,PICKER_007,"[1, 2, 3, 4, 5, 7]",6,109.08,3.9,26,9,1,ASTAR,0
ROUTE_001153,PLANT06,2024-05-23,PICKER_003,"[1, 5, 6, 7, 10, 14, 19, 21, 22]",9,173.18,4.16,18,1,1,DIJKSTRA,1
ROUTE_001154,PLANT07,2023-11-03,PICKER_035,"[3, 5, 6, 10]",4,81.18,2.62,73,7,1,DIJKSTRA,0
ROUTE_001155,PLANT06,2024-08-22,PICKER_045,"[3, 5, 6, 12, 17, 18, 22, 27]",8,103.04,3.69,37,3,1,DIJKSTRA,1
ROUTE_001156,PLANT03,2023-02-12,PICKER_001,"[1, 2, 4, 6, 7, 11]",6,123.96,5.1,38,1,1,GREEDY,0
ROUTE_001157,PLANT06,2024-08-23,PICKER_031,"[14, 15, 20, 25, 27, 28]",6,119.64,4.57,31,10,1,ASTAR,0
ROUTE_001158,PLANT08,2024-06-25,PICKER_033,"[1, 2, 3, 15, 16, 24, 28]",7,112.77,3.91,37,8,1,MANUAL,1
ROUTE_001159,PLANT09,2024-05-12,PICKER_022,"[2, 7, 8, 9]",4,71.68,3.69,8,2,1,DIJKSTRA,0
ROUTE_001160,PLANT08,2024-09-01,PICKER_049,"[18, 20, 21, 22, 29]",5,112.06,4.48,11,1,1,MANUAL,1
ROUTE_001161,PLANT02,2024-06-17,PICKER_005,"[2, 3, 4, 6]",4,78.69,4.03,73,2,1,ASTAR,0
ROUTE_001162,PLANT01,2024-01-14,PICKER_004,"[2, 5, 9, 11, 12, 16, 17, 18, 19, 23]",10,191.85,5.87,53,4,1,DIJKSTRA,0
ROUTE_001163,PLANT11,2024-08-11,PICKER_015,"[1, 2, 3, 4, 5]",5,86.69,2.33,44,3,1,MANUAL,0
ROUTE_001164,PLANT20,2023-07-25,PICKER_040,"[2, 7]",2,34.49,3.3,38,5,1,GREEDY,0
ROUTE_001165,PLANT20,2023-10-11,PICKER_023,"[2, 3, 4, 7]",4,61.0,3.21,22,9,1,GREEDY,0
ROUTE_001166,PLANT06,2024-11-14,PICKER_011,"[21, 24]",2,48.78,2.25,17,7,1,ASTAR,0
ROUTE_001167,PLANT07,2024-10-02,PICKER_035,"[2, 4, 6, 7, 8, 9, 12]",7,124.75,3.87,55,3,1,ASTAR,1
ROUTE_001168,PLANT04,2023-12-26,PICKER_013,"[1, 2, 6, 10, 12, 16, 19]",7,123.61,5.47,56,3,1,GREEDY,1
ROUTE_001169,PLANT16,2023-03-10,PICKER_031,"[1, 4, 6, 7, 8, 10, 14, 15, 16]",9,157.24,5.9,66,2,1,GREEDY,0
ROUTE_001170,PLANT04,2024-09-28,PICKER_029,"[2, 7, 11, 13, 15, 16, 17, 19, 20]",9,153.86,4.11,75,9,1,ASTAR,0
ROUTE_001171,PLANT04,2024-09-22,PICKER_024,"[1, 3, 5, 6, 10, 11, 14, 15, 20]",9,163.26,3.84,26,6,1,ASTAR,0
ROUTE_001172,PLANT10,2023-12-07,PICKER_010,"[1, 2, 4, 8, 10, 12, 15, 17, 19, 20]",10,165.89,4.61,41,1,1,DIJKSTRA,0
ROUTE_001173,PLANT13,2024-01-08,PICKER_047,"[2, 3, 4, 6, 7, 8, 9, 10]",8,137.44,4.52,45,9,1,GREEDY,0
ROUTE_001174,PLANT04,2024-07-09,PICKER_020,"[1, 3, 5, 6, 7, 10, 13, 15]",8,136.82,3.95,71,5,1,MANUAL,0
ROUTE_001175,PLANT01,2023-12-14,PICKER_048,"[9, 13, 15, 16, 19, 21, 23]",7,143.38,3.62,59,7,1,GREEDY,1
ROUTE_001176,PLANT01,2023-03-18,PICKER_034,"[8, 17, 25]",3,63.56,3.54,27,6,1,GREEDY,1
ROUTE_001177,PLANT18,2024-07-03,PICKER_034,"[2, 11, 12, 14, 16]",5,102.66,4.23,39,9,1,ASTAR,1
ROUTE_001178,PLANT06,2024-07-12,PICKER_046,"[3, 5, 7, 8, 10, 15, 16, 25, 26]",9,166.2,3.85,17,9,1,ASTAR,1
ROUTE_001179,PLANT02,2024-02-24,PICKER_031,"[1, 2, 6]",3,60.43,3.74,46,4,1,GREEDY,1
ROUTE_001180,PLANT09,2023-09-01,PICKER_003,"[1, 2, 3, 4, 5, 6, 8, 10]",8,129.57,3.92,5,5,1,GREEDY,0
ROUTE_001181,PLANT01,2024-07-22,PICKER_006,"[13, 17]",2,35.15,2.95,58,9,1,ASTAR,1
ROUTE_001182,PLANT11,2024-05-23,PICKER_039,"[1, 5]",2,30.35,2.75,65,3,1,ASTAR,1
ROUTE_001183,PLANT09,2024-07-15,PICKER_016,"[1, 3, 5, 7, 8]",5,79.89,3.75,27,3,1,MANUAL,1
ROUTE_001184,PLANT18,2023-08-09,PICKER_017,"[1, 3, 4, 7, 8, 11, 13, 14, 15, 16]",10,170.2,6.23,43,3,1,DIJKSTRA,1
ROUTE_001185,PLANT14,2024-04-08,PICKER_006,"[3, 13, 28]",3,54.4,2.38,66,7,1,MANUAL,1
ROUTE_001186,PLANT01,2023-03-01,PICKER_011,"[9, 24]",2,38.57,2.58,42,4,1,MANUAL,0
ROUTE_001187,PLANT04,2023-04-05,PICKER_034,"[4, 7, 9, 10, 12, 13, 14, 17, 20]",9,150.71,4.99,68,3,1,ASTAR,0
ROUTE_001188,PLANT10,2024-12-27,PICKER_030,"[5, 12, 13, 15]",4,52.63,2.62,66,9,1,MANUAL,0
ROUTE_001189,PLANT03,2023-11-01,PICKER_028,"[3, 6, 8, 9, 10]",5,91.18,2.54,66,5,1,DIJKSTRA,0
ROUTE_001190,PLANT20,2024-10-09,PICKER_001,"[1, 2, 3, 4, 5, 6, 7]",7,142.81,4.94,20,10,1,MANUAL,0
ROUTE_001191,PLANT20,2024-02-27,PICKER_001,"[3, 4, 5, 7]",4,63.1,2.74,62,7,1,MANUAL,1
ROUTE_001192,PLANT13,2023-05-15,PICKER_033,"[1, 8]",2,42.39,2.21,33,10,1,ASTAR,0
ROUTE_001193,PLANT11,2023-10-11,PICKER_003,"[1, 2, 3, 4, 5]",5,82.02,4.07,12,7,1,ASTAR,0
ROUTE_001194,PLANT12,2024-10-21,PICKER_034,"[4, 7, 12, 14, 17, 21, 22, 24, 25]",9,159.6,5.57,64,5,1,GREEDY,1
ROUTE_001195,PLANT01,2023-09-13,PICKER_006,"[3, 11, 18, 24]",4,33.63,1.45,42,4,1,GREEDY,0
ROUTE_001196,PLANT06,2023-03-09,PICKER_015,"[4, 19]",2,38.51,3.51,56,5,1,DIJKSTRA,0
ROUTE_001197,PLANT05,2024-07-26,PICKER_041,"[1, 3, 4, 5, 6, 7, 8, 9]",8,134.51,5.45,68,3,1,MANUAL,0
ROUTE_001198,PLANT04,2024-07-22,PICKER_021,"[6, 8, 10, 12, 14, 15, 16]",7,126.34,3.76,14,3,1,ASTAR,0
ROUTE_001199,PLANT01,2024-04-30,PICKER_007,"[1, 3, 5, 6, 8, 10, 13, 14, 22, 23]",10,173.68,4.48,76,10,1,GREEDY,1
ROUTE_001200,PLANT10,2024-06-21,PICKER_041,"[2, 3, 4, 7, 9, 12, 20, 23, 24]",9,130.49,4.0,50,9,1,DIJKSTRA,1
ROUTE_001201,PLANT04,2024-11-25,PICKER_032,"[3, 5, 8, 10, 12, 14, 19, 20]",8,156.33,3.79,48,5,1,DIJKSTRA,1
ROUTE_001202,PLANT10,2023-09-13,PICKER_002,"[1, 5, 10, 11, 14, 19, 22, 23]",8,120.79,3.55,41,4,1,GREEDY,0
ROUTE_001203,PLANT09,2024-11-04,PICKER_004,"[1, 2, 3, 4, 5, 6, 7, 8, 9, 10]",10,177.2,4.98,58,7,1,DIJKSTRA,0
ROUTE_001204,PLANT10,2024-01-03,PICKER_032,"[8, 12, 14]",3,68.32,3.89,48,10,1,ASTAR,0
ROUTE_001205,PLANT04,2024-01-13,PICKER_023,"[3, 4, 5, 6, 8, 9, 13, 16, 18]",9,140.46,4.15,35,9,1,ASTAR,1
ROUTE_001206,PLANT18,2023-04-04,PICKER_023,"[1, 3, 5, 6, 8, 11, 12, 13, 16]",9,190.37,5.92,22,10,1,GREEDY,0
ROUTE_001207,PLANT04,2024-07-01,PICKER_012,"[4, 19]",2,45.67,3.52,55,6,1,GREEDY,1
ROUTE_001208,PLANT10,2023-09-06,PICKER_034,"[3, 6, 12, 15, 16, 19]",6,120.34,4.6,78,2,1,ASTAR,0
ROUTE_001209,PLANT19,2024-06-14,PICKER_040,"[1, 11, 21, 23]",4,73.69,3.32,23,4,1,DIJKSTRA,1
ROUTE_001210,PLANT03,2024-12-24,PICKER_011,"[1, 2, 3, 4, 5, 6, 7, 8, 10, 11]",10,185.73,6.7,25,4,1,MANUAL,0
ROUTE_001211,PLANT11,2024-01-01,PICKER_024,"[1, 4, 5]",3,57.4,2.71,52,7,1,MANUAL,0
ROUTE_001212,PLANT12,2023-08-11,PICKER_032,"[3, 4, 9, 11, 13, 20, 22, 23, 24]",9,140.69,5.62,9,8,1,MANUAL,0
ROUTE_001213,PLANT18,2023-11-10,PICKER_026,"[5, 14]",2,30.48,3.14,55,10,1,DIJKSTRA,0
ROUTE_001214,PLANT05,2024-05-31,PICKER_034,"[1, 2, 3, 4, 5, 6, 7, 9]",8,141.57,5.34,40,9,1,ASTAR,0
ROUTE_001215,PLANT07,2023-08-08,PICKER_015,"[4, 6, 7, 11]",4,89.9,4.58,19,2,1,ASTAR,0
ROUTE_001216,PLANT09,2024-02-23,PICKER_020,"[2, 4, 5, 6, 7, 10]",6,102.04,4.62,66,2,1,DIJKSTRA,1
ROUTE_001217,PLANT16,2024-10-28,PICKER_023,"[2, 4, 6, 7, 8, 11, 12, 13, 15, 16]",10,182.37,5.62,52,3,1,DIJKSTRA,0
ROUTE_001218,PLANT16,2023-02-02,PICKER_001,"[1, 2, 4, 5, 6, 8, 10, 13, 14, 15]",10,218.91,7.1,12,9,1,GREEDY,0
ROUTE_001219,PLANT09,2024-09-27,PICKER_016,"[2, 3, 5, 8, 10]",5,87.11,3.1,61,3,1,ASTAR,1
ROUTE_001220,PLANT08,2023-05-20,PICKER_039,"[4, 7, 11, 14, 17, 18, 29]",7,112.0,3.29,80,5,1,DIJKSTRA,1
ROUTE_001221,PLANT04,2023-06-26,PICKER_017,"[2, 3, 7, 9, 10, 15, 17, 18, 19, 20]",10,210.5,6.94,67,4,1,MANUAL,1
ROUTE_001222,PLANT18,2023-08-11,PICKER_035,"[1, 3, 6, 7, 9, 11, 16]",7,155.21,4.89,62,9,1,MANUAL,0
ROUTE_001223,PLANT13,2024-11-22,PICKER_010,"[4, 5, 7]",3,43.74,3.41,32,8,1,GREEDY,1
ROUTE_001224,PLANT11,2024-12-17,PICKER_045,"[1, 2, 3, 4, 5]",5,108.61,4.88,55,7,1,MANUAL,1
ROUTE_001225,PLANT14,2023-11-04,PICKER_041,"[12, 27]",2,40.63,3.31,49,8,1,MANUAL,1
ROUTE_001226,PLANT11,2023-11-27,PICKER_034,"[1, 2, 3, 4, 5]",5,75.63,3.26,16,5,1,ASTAR,0
ROUTE_001227,PLANT19,2024-09-12,PICKER_005,"[1, 2, 3, 4, 5, 9, 11, 12, 15, 19]",10,164.16,4.4,33,8,1,ASTAR,0
ROUTE_001228,PLANT19,2023-12-06,PICKER_004,"[1, 2, 4, 5, 12, 13, 14, 15, 16, 18]",10,184.75,5.32,76,9,1,ASTAR,0
ROUTE_001229,PLANT19,2024-03-20,PICKER_045,"[2, 3, 4, 8, 10, 13, 14, 15, 18]",9,181.28,4.7,47,3,1,MANUAL,0
ROUTE_001230,PLANT07,2023-12-29,PICKER_045,"[1, 2, 4, 5, 8, 10, 11, 12]",8,113.79,2.8,29,5,1,GREEDY,1
ROUTE_001231,PLANT06,2023-07-27,PICKER_045,"[6, 7, 9, 10, 12, 17, 20, 22, 27]",9,136.46,5.62,64,9,1,ASTAR,1
ROUTE_001232,PLANT07,2023-05-01,PICKER_022,"[3, 4, 7, 11]",4,64.57,2.46,20,10,1,GREEDY,0
ROUTE_001233,PLANT11,2024-06-14,PICKER_010,"[1, 2, 3, 4, 5]",5,110.15,4.85,43,9,1,MANUAL,1
ROUTE_001234,PLANT10,2023-11-09,PICKER_014,"[12, 15, 18, 20, 22, 23]",6,113.87,4.87,47,9,1,GREEDY,0
ROUTE_001235,PLANT20,2024-09-20,PICKER_001,"[3, 4]",2,15.32,1.66,67,2,1,GREEDY,1
ROUTE_001236,PLANT02,2024-06-27,PICKER_024,"[1, 2, 3, 4, 6]",5,69.01,3.99,37,3,1,ASTAR,1
ROUTE_001237,PLANT07,2023-09-28,PICKER_020,"[2, 3, 4, 5, 6, 7, 8, 9, 10, 11]",10,134.53,5.14,67,6,1,MANUAL,1
ROUTE_001238,PLANT11,2023-06-06,PICKER_010,"[1, 3, 4, 5]",4,64.33,4.2,65,7,1,DIJKSTRA,0
ROUTE_001239,PLANT14,2023-08-30,PICKER_019,"[6, 15, 20, 21, 24, 26, 27, 29]",8,187.16,6.7,76,3,1,MANUAL,1
ROUTE_001240,PLANT03,2023-03-13,PICKER_024,"[2, 3, 4, 5, 6, 7, 8, 9, 10, 11]",10,217.49,6.19,59,6,1,GREEDY,0
ROUTE_001241,PLANT12,2024-09-23,PICKER_014,"[8, 11, 14, 17, 19, 20, 21, 23, 25]",9,170.87,4.26,12,4,1,GREEDY,1
ROUTE_001242,PLANT09,2023-03-31,PICKER_005,"[1, 2, 4, 5, 8, 10]",6,86.74,3.9,20,5,1,DIJKSTRA,0
ROUTE_001243,PLANT02,2023-02-13,PICKER_013,"[4, 5]",2,36.35,1.99,51,3,1,ASTAR,0
ROUTE_001244,PLANT13,2023-02-14,PICKER_005,"[5, 6, 7, 9]",4,70.11,1.99,18,10,1,GREEDY,0
ROUTE_001245,PLANT16,2024-08-07,PICKER_010,"[4, 5, 6, 9, 10, 11, 14, 15, 16]",9,167.56,6.28,33,7,1,GREEDY,0
ROUTE_001246,PLANT04,2023-11-21,PICKER_049,"[2, 7, 10, 12, 13, 14, 16, 18, 20]",9,150.97,3.53,56,4,1,ASTAR,0
ROUTE_001247,PLANT17,2024-09-05,PICKER_031,"[1, 6, 7, 11, 14, 22]",6,81.57,2.15,13,4,1,DIJKSTRA,1
ROUTE_001248,PLANT11,2024-01-19,PICKER_034,"[1, 2, 3, 5]",4,64.64,3.22,77,6,1,MANUAL,0
ROUTE_001249,PLANT09,2024-05-30,PICKER_022,"[1, 7, 10]",3,44.65,2.45,56,5,1,DIJKSTRA,0
ROUTE_001250,PLANT11,2024-08-28,PICKER_012,"[1, 2, 3, 5]",4,54.73,3.0,37,1,1,DIJKSTRA,1
ROUTE_001251,PLANT02,2023-04-08,PICKER_049,"[1, 2, 3]",3,83.54,3.08,49,1,1,ASTAR,0
ROUTE_001252,PLANT12,2023-07-21,PICKER_014,"[1, 3, 6, 12, 15, 24]",6,121.58,4.27,58,7,1,ASTAR,1
ROUTE_001253,PLANT10,2024-05-06,PICKER_043,"[1, 4, 6, 8, 13, 14, 16, 23]",8,149.04,3.49,24,1,1,MANUAL,0
ROUTE_001254,PLANT01,2023-08-29,PICKER_012,"[8, 15, 23]",3,66.65,3.97,13,9,1,GREEDY,0
ROUTE_001255,PLANT07,2024-02-29,PICKER_033,"[1, 4, 5, 8, 10, 11, 12]",7,112.31,3.6,46,6,1,DIJKSTRA,0
ROUTE_001256,PLANT04,2023-03-11,PICKER_001,"[5, 6, 12, 14]",4,79.58,2.34,14,5,1,MANUAL,1
ROUTE_001257,PLANT13,2023-03-05,PICKER_014,"[1, 2, 3, 5, 6, 7, 8, 9, 10]",9,142.5,4.93,73,7,1,DIJKSTRA,1
ROUTE_001258,PLANT04,2023-04-17,PICKER_013,"[7, 16, 19]",3,54.45,2.47,28,6,1,DIJKSTRA,0
ROUTE_001259,PLANT12,2024-08-07,PICKER_002,"[1, 6, 9, 14, 15, 16, 19, 21, 23, 25]",10,180.45,4.12,30,9,1,GREEDY,1
ROUTE_001260,PLANT15,2023-12-26,PICKER_017,"[1, 5, 8, 9, 15, 17, 18]",7,111.89,4.68,66,6,1,GREEDY,0
ROUTE_001261,PLANT08,2024-10-04,PICKER_031,"[2, 6, 7, 8, 12, 14, 21, 24, 26]",9,172.42,4.25,47,7,1,DIJKSTRA,1
ROUTE_001262,PLANT17,2023-05-29,PICKER_031,"[4, 6, 15, 17, 21, 24]",6,103.56,3.79,41,10,1,DIJKSTRA,0
ROUTE_001263,PLANT11,2023-12-21,PICKER_050,"[2, 3, 4, 5]",4,82.13,3.18,65,2,1,DIJKSTRA,1
ROUTE_001264,PLANT07,2023-10-02,PICKER_034,"[2, 3, 4, 5, 6, 8, 9, 10, 11]",9,138.17,4.64,25,5,1,DIJKSTRA,1
ROUTE_001265,PLANT20,2024-12-28,PICKER_007,"[1, 2, 4, 5, 6, 7]",6,77.41,2.91,62,4,1,GREEDY,1
ROUTE_001266,PLANT07,2024-11-18,PICKER_001,"[1, 9]",2,36.89,1.69,76,9,1,ASTAR,0
ROUTE_001267,PLANT16,2023-05-21,PICKER_005,"[1, 3, 5, 6, 8, 9, 10, 13, 15, 16]",10,185.52,6.61,46,9,1,GREEDY,0
ROUTE_001268,PLANT10,2024-04-08,PICKER_024,"[12, 14, 15, 19]",4,58.92,1.97,28,10,1,ASTAR,1
ROUTE_001269,PLANT11,2023-01-05,PICKER_005,"[1, 2, 3, 4]",4,67.28,3.98,30,8,1,GREEDY,0
ROUTE_001270,PLANT07,2023-08-10,PICKER_047,"[1, 2, 3, 6, 8, 10]",6,85.14,4.59,18,6,1,GREEDY,1
ROUTE_001271,PLANT13,2024-11-08,PICKER_014,"[1, 2, 3, 4, 5, 6, 7, 8, 9, 10]",10,193.87,5.68,20,2,1,ASTAR,1
ROUTE_001272,PLANT18,2024-08-17,PICKER_049,"[1, 2, 4, 7, 8, 11, 12, 13, 16]",9,190.55,4.64,77,2,1,MANUAL,0
ROUTE_001273,PLANT10,2023-08-28,PICKER_028,"[1, 19]",2,38.42,1.47,67,5,1,DIJKSTRA,0
ROUTE_001274,PLANT11,2023-05-05,PICKER_020,"[1, 2, 3, 4, 5]",5,89.06,2.31,30,1,1,MANUAL,0
ROUTE_001275,PLANT10,2024-08-17,PICKER_003,"[9, 11, 12, 17, 24]",5,85.52,3.36,34,8,1,GREEDY,1
ROUTE_001276,PLANT14,2024-10-22,PICKER_031,"[5, 12, 13, 15, 16, 19, 21, 24, 26]",9,147.93,4.43,6,4,1,GREEDY,1
ROUTE_001277,PLANT14,2023-05-27,PICKER_037,"[1, 4, 7, 8, 20, 26, 28, 29]",8,123.24,4.55,5,1,1,DIJKSTRA,0
ROUTE_001278,PLANT05,2024-11-03,PICKER_011,"[2, 4, 7, 8, 9]",5,58.2,2.58,29,10,1,MANUAL,1
ROUTE_001279,PLANT19,2023-02-08,PICKER_007,"[3, 8, 10, 11, 16, 19, 22, 23]",8,151.27,4.85,43,6,1,ASTAR,0
ROUTE_001280,PLANT03,2023-12-02,PICKER_049,"[1, 3, 4, 11]",4,109.82,4.77,69,6,1,MANUAL,0
ROUTE_001281,PLANT12,2023-04-14,PICKER_011,"[1, 5, 6, 19]",4,83.39,2.65,9,6,1,ASTAR,1
ROUTE_001282,PLANT10,2023-01-10,PICKER_009,"[3, 5, 12, 18, 23]",5,104.14,3.35,37,6,1,ASTAR,1
ROUTE_001283,PLANT10,2023-09-06,PICKER_005,"[5, 7, 11, 12, 13, 15, 16, 17, 20, 22]",10,200.62,6.47,7,5,1,MANUAL,0
ROUTE_001284,PLANT03,2024-01-15,PICKER_017,"[2, 3, 4, 5, 6, 7, 8, 9, 10, 11]",10,221.47,5.98,55,9,1,DIJKSTRA,0
ROUTE_001285,PLANT10,2024-06-24,PICKER_034,"[2, 3, 11, 12, 17, 20]",6,74.39,2.14,31,3,1,MANUAL,0
ROUTE_001286,PLANT16,2023-03-10,PICKER_022,"[2, 3, 7, 8, 9, 10, 11, 13, 14, 16]",10,163.61,6.05,55,6,1,DIJKSTRA,0
ROUTE_001287,PLANT20,2023-11-18,PICKER_021,"[1, 3, 5, 7]",4,52.82,1.83,23,8,1,ASTAR,0
ROUTE_001288,PLANT20,2024-01-17,PICKER_011,"[1, 2, 3, 4, 5, 6, 7]",7,124.85,5.14,38,6,1,MANUAL,1
ROUTE_001289,PLANT07,2023-05-16,PICKER_032,"[1, 2, 4, 5, 6, 7, 8, 10, 11, 12]",10,194.89,6.52,24,9,1,MANUAL,1
ROUTE_001290,PLANT16,2024-02-10,PICKER_004,"[3, 4, 7, 9, 10, 11]",6,101.13,4.47,44,3,1,GREEDY,1
ROUTE_001291,PLANT17,2024-07-29,PICKER_015,"[3, 17, 19, 23]",4,79.57,4.25,48,7,1,MANUAL,1
ROUTE_001292,PLANT04,2023-10-29,PICKER_034,"[13, 17, 18]",3,42.98,1.64,23,2,1,ASTAR,1
ROUTE_001293,PLANT13,2023-08-31,PICKER_049,"[1, 2, 3, 6, 7, 8, 9]",7,116.88,4.5,65,7,1,DIJKSTRA,1
ROUTE_001294,PLANT02,2023-12-24,PICKER_023,"[1, 2, 4]",3,68.03,2.95,13,1,1,DIJKSTRA,0
ROUTE_001295,PLANT12,2024-07-29,PICKER_033,"[11, 12, 18, 19, 22, 24]",6,110.52,2.72,62,1,1,GREEDY,0
ROUTE_001296,PLANT10,2023-05-07,PICKER_011,"[1, 4, 7, 11, 12, 14, 15, 17, 19]",9,198.24,6.12,31,4,1,MANUAL,0
ROUTE_001297,PLANT13,2023-08-27,PICKER_044,"[3, 5, 9]",3,56.57,3.16,57,8,1,MANUAL,0
ROUTE_001298,PLANT20,2024-10-18,PICKER_037,"[1, 4, 5, 7]",4,54.21,2.76,33,3,1,GREEDY,0
ROUTE_001299,PLANT01,2023-02-06,PICKER_006,"[6, 7, 8, 11, 14, 18, 19, 24, 26]",9,153.19,5.53,16,5,1,MANUAL,0
ROUTE_001300,PLANT06,2023-08-14,PICKER_033,"[1, 2, 20, 21, 27]",5,121.85,3.76,23,1,1,GREEDY,0
ROUTE_001301,PLANT15,2023-10-06,PICKER_006,"[3, 4, 13, 18]",4,77.89,3.05,53,5,1,MANUAL,0
ROUTE_001302,PLANT11,2024-04-12,PICKER_016,"[1, 3, 4, 5]",4,52.64,3.16,53,6,1,ASTAR,0
ROUTE_001303,PLANT20,2024-07-28,PICKER_030,"[3, 6, 7]",3,36.8,3.7,9,10,1,ASTAR,1
ROUTE_001304,PLANT09,2023-07-30,PICKER_009,"[1, 2, 3, 4, 5, 8, 9]",7,121.74,3.0,78,5,1,GREEDY,0
ROUTE_001305,PLANT09,2023-07-29,PICKER_038,"[1, 2, 3, 4, 5, 6, 7, 9, 10]",9,120.34,2.91,74,4,1,DIJKSTRA,1
ROUTE_001306,PLANT19,2023-09-16,PICKER_017,"[4, 5, 6, 10, 11, 12, 14, 15, 18]",9,216.54,5.11,33,2,1,DIJKSTRA,1
ROUTE_001307,PLANT18,2023-07-19,PICKER_005,"[6, 7, 8, 11, 16]",5,119.53,3.42,24,2,1,DIJKSTRA,1
ROUTE_001308,PLANT10,2024-02-16,PICKER_014,"[2, 7, 11, 18, 21, 22, 23, 24]",8,115.85,3.69,8,4,1,DIJKSTRA,0
ROUTE_001309,PLANT08,2023-11-09,PICKER_011,"[5, 6, 10, 14, 18, 19, 26]",7,120.44,3.05,21,4,1,GREEDY,0
ROUTE_001310,PLANT20,2024-01-31,PICKER_041,"[1, 4, 6, 7]",4,92.35,3.3,45,10,1,MANUAL,1
ROUTE_001311,PLANT06,2023-12-27,PICKER_038,"[4, 6, 7, 14, 19, 20, 21, 23]",8,142.81,5.17,77,6,1,ASTAR,0
ROUTE_001312,PLANT12,2024-04-17,PICKER_033,"[6, 8, 9, 16, 23]",5,82.61,4.44,76,7,1,ASTAR,1
ROUTE_001313,PLANT12,2024-03-20,PICKER_021,"[2, 7, 9, 10, 11, 15, 19, 20, 23, 25]",10,173.96,4.31,55,3,1,ASTAR,0
ROUTE_001314,PLANT01,2024-01-20,PICKER_006,"[1, 3, 7, 9, 18, 20, 26]",7,108.32,4.81,35,6,1,MANUAL,0
ROUTE_001315,PLANT14,2024-04-07,PICKER_018,"[2, 9, 14, 19, 23, 25, 26]",7,102.26,4.88,24,3,1,GREEDY,1
ROUTE_001316,PLANT14,2024-08-06,PICKER_004,"[18, 23]",2,28.19,2.97,46,7,1,DIJKSTRA,1
ROUTE_001317,PLANT08,2023-05-31,PICKER_014,"[5, 6, 12, 15, 18, 19, 22, 24, 26]",9,144.06,4.56,56,1,1,DIJKSTRA,1
ROUTE_001318,PLANT15,2023-01-24,PICKER_045,"[4, 6, 11, 13, 17, 21, 23]",7,108.61,4.41,66,7,1,GREEDY,0
ROUTE_001319,PLANT18,2023-05-25,PICKER_042,"[1, 3, 4, 5, 6, 8, 9, 13, 16]",9,177.58,4.15,55,2,1,GREEDY,1
ROUTE_001320,PLANT15,2024-07-12,PICKER_020,"[10, 14, 16, 20, 21]",5,75.67,4.19,28,1,1,GREEDY,1
ROUTE_001321,PLANT13,2023-04-01,PICKER_003,"[1, 3, 4, 5, 7, 8, 9, 10]",8,182.1,5.31,40,4,1,MANUAL,0
ROUTE_001322,PLANT05,2023-09-23,PICKER_004,"[3, 6, 9]",3,51.7,2.07,26,10,1,GREEDY,1
ROUTE_001323,PLANT18,2023-05-31,PICKER_041,"[1, 8]",2,26.68,3.5,39,3,1,MANUAL,0
ROUTE_001324,PLANT17,2023-02-26,PICKER_022,"[6, 7, 12, 14, 15, 17]",6,110.19,4.81,19,7,1,MANUAL,1
ROUTE_001325,PLANT09,2024-10-16,PICKER_045,"[2, 6, 10]",3,49.25,1.9,64,2,1,ASTAR,0
ROUTE_001326,PLANT06,2024-08-12,PICKER_022,"[11, 15, 16, 17, 19, 22]",6,100.11,3.79,28,10,1,DIJKSTRA,0
ROUTE_001327,PLANT19,2024-10-28,PICKER_041,"[1, 10, 14, 18, 19, 20, 21, 22, 23]",9,127.77,4.47,57,9,1,GREEDY,0
ROUTE_001328,PLANT17,2023-07-27,PICKER_030,"[1, 8, 16, 22]",4,75.66,2.59,9,3,1,MANUAL,1
ROUTE_001329,PLANT07,2023-10-23,PICKER_050,"[5, 6]",2,43.27,3.85,10,9,1,MANUAL,1
ROUTE_001330,PLANT15,2023-03-23,PICKER_005,"[5, 6, 14, 16, 17, 18, 19, 21, 22]",9,185.43,4.48,51,7,1,GREEDY,0
ROUTE_001331,PLANT18,2023-06-02,PICKER_011,"[4, 8, 9, 11, 16]",5,79.22,2.12,38,6,1,GREEDY,0
ROUTE_001332,PLANT10,2024-12-10,PICKER_010,"[1, 5, 7, 15, 24]",5,85.26,3.19,13,7,1,GREEDY,1
ROUTE_001333,PLANT15,2023-04-28,PICKER_028,"[3, 4, 8, 10, 12, 13, 14, 17, 19, 25]",10,176.13,5.97,76,6,1,ASTAR,1
ROUTE_001334,PLANT07,2023-04-20,PICKER_018,"[2, 8, 9, 11]",4,86.17,4.43,37,6,1,MANUAL,0
ROUTE_001335,PLANT16,2023-03-16,PICKER_007,"[1, 10, 12, 13, 16]",5,80.01,4.05,36,6,1,MANUAL,1
ROUTE_001336,PLANT14,2023-03-05,PICKER_034,"[4, 12, 18, 20, 21, 23, 26, 27, 28]",9,109.79,4.95,37,9,1,ASTAR,0
ROUTE_001337,PLANT13,2024-02-15,PICKER_029,"[3, 6, 7, 9]",4,69.7,3.19,71,4,1,MANUAL,1
ROUTE_001338,PLANT13,2023-09-14,PICKER_028,"[4, 5, 7, 9]",4,84.73,2.81,16,3,1,MANUAL,0
ROUTE_001339,PLANT20,2024-04-09,PICKER_039,"[2, 3, 4, 6, 7]",5,106.38,3.63,22,2,1,DIJKSTRA,1
ROUTE_001340,PLANT03,2024-11-06,PICKER_032,"[1, 2, 3, 4, 5, 7, 8, 10]",8,140.24,3.58,30,10,1,DIJKSTRA,0
ROUTE_001341,PLANT10,2023-07-22,PICKER_003,"[3, 5, 7, 9, 10, 11, 13, 16, 22]",9,168.56,4.93,13,7,1,DIJKSTRA,0
ROUTE_001342,PLANT09,2024-03-19,PICKER_016,"[1, 2, 3, 4, 5, 6, 7, 8, 9, 10]",10,178.69,4.76,78,4,1,ASTAR,1
ROUTE_001343,PLANT04,2024-04-21,PICKER_009,"[2, 4, 6, 15]",4,55.83,2.65,29,3,1,DIJKSTRA,0
ROUTE_001344,PLANT12,2023-03-20,PICKER_043,"[17, 23]",2,43.49,3.53,13,9,1,DIJKSTRA,0
ROUTE_001345,PLANT01,2024-01-07,PICKER_013,"[4, 8, 11, 15, 21, 25, 26]",7,118.1,3.99,18,9,1,DIJKSTRA,1
ROUTE_001346,PLANT09,2023-08-28,PICKER_022,"[1, 2, 4, 7, 9]",5,95.39,4.72,48,2,1,DIJKSTRA,0
ROUTE_001347,PLANT17,2023-01-26,PICKER_003,"[4, 9, 14, 21, 22]",5,103.78,3.74,6,5,1,MANUAL,1
ROUTE_001348,PLANT02,2023-07-30,PICKER_004,"[2, 3, 4, 5, 6]",5,97.17,3.75,80,5,1,GREEDY,0
ROUTE_001349,PLANT09,2024-07-23,PICKER_037,"[1, 4, 9]",3,39.5,3.3,78,5,1,ASTAR,1
ROUTE_001350,PLANT04,2024-03-14,PICKER_026,"[10, 17, 18, 20]",4,66.41,4.32,75,2,1,MANUAL,0
ROUTE_001351,PLANT08,2023-11-01,PICKER_014,"[2, 5, 8, 10, 11, 13, 18, 24, 29]",9,180.23,5.78,34,9,1,ASTAR,0
ROUTE_001352,PLANT10,2024-08-18,PICKER_035,"[1, 3, 13, 15, 16, 18, 21, 24]",8,133.89,4.87,47,2,1,MANUAL,1
ROUTE_001353,PLANT04,2024-12-20,PICKER_007,"[4, 8, 11]",3,42.03,2.59,71,4,1,ASTAR,0
ROUTE_001354,PLANT01,2024-07-27,PICKER_021,"[9, 12, 22]",3,43.94,2.06,27,8,1,DIJKSTRA,1
ROUTE_001355,PLANT13,2024-05-18,PICKER_011,"[5, 7, 9]",3,58.56,3.88,43,5,1,GREEDY,0
ROUTE_001356,PLANT05,2023-01-21,PICKER_026,"[1, 4, 7]",3,75.05,2.03,61,8,1,ASTAR,1
ROUTE_001357,PLANT11,2024-08-04,PICKER_022,"[1, 2, 3, 4, 5]",5,55.44,1.62,11,2,1,ASTAR,1
ROUTE_001358,PLANT13,2024-08-06,PICKER_013,"[1, 2, 3, 4, 5, 6, 7, 8, 9, 10]",10,202.7,6.58,64,10,1,DIJKSTRA,0
ROUTE_001359,PLANT03,2023-10-14,PICKER_042,"[6, 7]",2,20.29,3.35,24,4,1,MANUAL,1
ROUTE_001360,PLANT07,2023-08-24,PICKER_029,"[2, 3, 4, 5, 6, 7, 8, 10, 11, 12]",10,197.83,5.47,18,6,1,MANUAL,0
ROUTE_001361,PLANT11,2024-09-02,PICKER_015,"[1, 2, 3]",3,59.38,3.43,42,5,1,ASTAR,1
ROUTE_001362,PLANT10,2023-12-01,PICKER_043,"[2, 5, 9, 23]",4,78.91,4.48,71,1,1,MANUAL,1
ROUTE_001363,PLANT07,2024-09-07,PICKER_020,"[2, 4, 5, 6, 7, 8, 9, 10, 11, 12]",10,161.1,5.74,23,8,1,DIJKSTRA,1
ROUTE_001364,PLANT15,2023-03-24,PICKER_043,"[3, 5, 7, 9, 12, 17, 23, 24]",8,140.3,5.26,53,7,1,ASTAR,0
ROUTE_001365,PLANT06,2024-11-01,PICKER_050,"[3, 5, 7, 11, 15, 18, 19, 20, 28]",9,172.1,4.54,18,7,1,MANUAL,1
ROUTE_001366,PLANT10,2024-01-18,PICKER_015,"[9, 22]",2,34.42,3.48,64,2,1,ASTAR,1
ROUTE_001367,PLANT04,2024-01-25,PICKER_023,"[3, 11, 16]",3,55.53,2.72,6,6,1,MANUAL,0
ROUTE_001368,PLANT04,2023-07-12,PICKER_024,"[2, 7, 8, 10, 13, 14, 15, 16]",8,141.12,4.87,69,3,1,DIJKSTRA,0
ROUTE_001369,PLANT19,2023-12-17,PICKER_002,"[2, 3, 5, 7, 10, 11, 15, 16, 19]",9,159.0,5.72,73,2,1,ASTAR,0
ROUTE_001370,PLANT01,2023-05-31,PICKER_031,"[12, 21]",2,37.66,2.46,30,8,1,MANUAL,0
ROUTE_001371,PLANT13,2023-06-13,PICKER_036,"[1, 2, 3, 4, 5, 6, 7, 8, 9, 10]",10,203.11,5.33,65,10,1,DIJKSTRA,1
ROUTE_001372,PLANT18,2024-11-20,PICKER_001,"[1, 10]",2,41.65,2.33,45,2,1,MANUAL,1
ROUTE_001373,PLANT20,2024-02-22,PICKER_011,"[4, 7]",2,33.28,1.34,71,2,1,ASTAR,0
ROUTE_001374,PLANT01,2023-11-17,PICKER_019,"[7, 15, 25]",3,42.63,2.48,11,3,1,DIJKSTRA,1
ROUTE_001375,PLANT12,2024-04-14,PICKER_023,"[3, 8, 9, 13]",4,59.55,4.12,27,1,1,DIJKSTRA,1
ROUTE_001376,PLANT19,2024-10-12,PICKER_023,"[5, 17]",2,22.06,2.27,62,1,1,GREEDY,0
ROUTE_001377,PLANT07,2023-12-03,PICKER_001,"[1, 2, 4, 5, 6, 7, 8, 9, 10, 11]",10,155.41,5.24,43,4,1,ASTAR,1
ROUTE_001378,PLANT14,2023-03-26,PICKER_042,"[1, 3, 13, 18, 19, 28, 29]",7,115.04,4.78,38,4,1,MANUAL,0
ROUTE_001379,PLANT06,2023-05-13,PICKER_005,"[4, 7, 9, 10, 11, 15, 16, 18, 24, 27]",10,162.1,5.37,16,1,1,MANUAL,0
ROUTE_001380,PLANT14,2024-03-23,PICKER_009,"[1, 3, 5, 13, 16, 19, 21, 22]",8,181.22,5.62,15,9,1,DIJKSTRA,0
ROUTE_001381,PLANT10,2024-03-18,PICKER_024,"[1, 11, 22]",3,44.27,3.25,16,4,1,DIJKSTRA,0
ROUTE_001382,PLANT18,2024-01-12,PICKER_040,"[2, 6, 12, 16]",4,98.27,2.8,16,6,1,DIJKSTRA,0
ROUTE_001383,PLANT14,2024-10-14,PICKER_003,"[9, 13, 16, 17, 18, 25]",6,112.2,3.53,44,7,1,GREEDY,1
ROUTE_001384,PLANT04,2023-06-24,PICKER_041,"[1, 16, 17]",3,60.7,2.26,10,4,1,GREEDY,1
ROUTE_001385,PLANT14,2024-07-13,PICKER_032,"[4, 5, 12, 15, 16, 20]",6,92.01,3.99,65,3,1,ASTAR,1
ROUTE_001386,PLANT01,2023-09-03,PICKER_050,"[2, 10, 17, 18, 20, 22, 23]",7,115.64,4.03,75,9,1,ASTAR,0
ROUTE_001387,PLANT08,2023-11-18,PICKER_010,"[3, 4, 8, 9, 12, 16, 20, 28]",8,92.26,3.43,52,6,1,MANUAL,0
ROUTE_001388,PLANT01,2023-03-30,PICKER_029,"[1, 4, 8, 13, 14, 18]",6,101.33,4.45,44,7,1,DIJKSTRA,1
ROUTE_001389,PLANT04,2024-06-30,PICKER_034,"[5, 7, 9, 12, 14, 19, 20]",7,138.03,5.05,16,5,1,GREEDY,0
ROUTE_001390,PLANT18,2023-10-22,PICKER_007,"[2, 4, 5, 8, 11, 15, 16]",7,83.25,4.3,69,10,1,MANUAL,1
ROUTE_001391,PLANT09,2024-01-15,PICKER_005,"[2, 4, 5, 6, 7, 8, 9, 10]",8,154.41,4.36,26,4,1,MANUAL,0
ROUTE_001392,PLANT16,2024-11-06,PICKER_024,"[3, 5, 10, 12, 14, 16]",6,129.24,4.79,32,7,1,MANUAL,0
ROUTE_001393,PLANT06,2023-01-18,PICKER_007,"[17, 22]",2,33.81,2.95,20,4,1,ASTAR,1
ROUTE_001394,PLANT05,2023-09-30,PICKER_045,"[2, 8]",2,38.47,3.52,63,2,1,MANUAL,1
ROUTE_001395,PLANT18,2024-12-22,PICKER_049,"[2, 5, 11, 13]",4,83.59,4.29,68,3,1,GREEDY,1
ROUTE_001396,PLANT16,2023-11-15,PICKER_018,"[3, 4, 6, 10, 11]",5,87.11,4.59,8,5,1,MANUAL,0
ROUTE_001397,PLANT14,2023-11-08,PICKER_028,"[9, 15, 16, 28]",4,36.32,2.21,45,2,1,GREEDY,0
ROUTE_001398,PLANT14,2023-11-24,PICKER_042,"[2, 6, 11, 12, 23, 25, 29]",7,100.32,3.58,49,9,1,GREEDY,0
ROUTE_001399,PLANT12,2024-06-16,PICKER_014,"[4, 15]",2,18.9,2.94,54,7,1,ASTAR,1
ROUTE_001400,PLANT19,2024-10-05,PICKER_018,"[5, 7, 8, 13, 16, 17, 19, 20, 22]",9,147.38,5.38,75,1,1,MANUAL,1
ROUTE_001401,PLANT18,2023-08-02,PICKER_035,"[2, 6, 8, 9, 11, 12, 13]",7,101.22,4.44,16,3,1,DIJKSTRA,0
ROUTE_001402,PLANT02,2024-04-12,PICKER_039,"[4, 5, 6]",3,55.85,2.36,14,5,1,DIJKSTRA,1
ROUTE_001403,PLANT04,2023-09-29,PICKER_003,"[6, 7, 10, 11, 12, 13, 15, 17, 18]",9,134.37,5.41,38,2,1,GREEDY,1
ROUTE_001404,PLANT04,2024-01-28,PICKER_022,"[3, 6, 9, 14]",4,60.39,3.17,72,4,1,GREEDY,1
ROUTE_001405,PLANT05,2024-11-27,PICKER_029,"[1, 2, 3, 4, 5, 6, 7, 8, 9]",9,160.28,4.49,26,1,1,ASTAR,0
ROUTE_001406,PLANT14,2023-05-23,PICKER_004,"[4, 12, 15, 21, 25, 26]",6,109.4,3.09,62,9,1,ASTAR,0
ROUTE_001407,PLANT10,2023-05-25,PICKER_003,"[6, 7, 11, 20]",4,50.84,3.65,58,4,1,MANUAL,0
ROUTE_001408,PLANT12,2023-06-16,PICKER_005,"[2, 3, 9, 11, 13, 17, 19, 24, 25]",9,160.15,4.06,58,4,1,ASTAR,0
ROUTE_001409,PLANT03,2024-07-18,PICKER_039,"[1, 6, 7, 8]",4,68.51,2.6,32,5,1,MANUAL,1
ROUTE_001410,PLANT09,2024-05-07,PICKER_022,"[2, 3, 6, 9]",4,92.47,2.88,63,6,1,MANUAL,1
ROUTE_001411,PLANT17,2023-05-24,PICKER_029,"[8, 17, 22]",3,71.08,4.07,19,6,1,ASTAR,1
ROUTE_001412,PLANT01,2024-11-22,PICKER_017,"[2, 5, 6, 18, 22]",5,57.95,3.87,60,8,1,DIJKSTRA,1
ROUTE_001413,PLANT18,2024-01-29,PICKER_006,"[1, 2, 3, 4, 6, 8, 9, 11, 12, 16]",10,131.59,3.26,16,1,1,MANUAL,0
ROUTE_001414,PLANT05,2023-09-29,PICKER_033,"[1, 2, 3, 4, 5, 6, 7, 8, 9]",9,155.82,5.05,80,1,1,MANUAL,1
ROUTE_001415,PLANT20,2023-09-23,PICKER_033,"[3, 5]",2,27.63,1.64,16,3,1,MANUAL,1
ROUTE_001416,PLANT10,2023-06-20,PICKER_003,"[2, 9, 11, 15, 16, 22]",6,110.94,3.49,73,7,1,ASTAR,0
ROUTE_001417,PLANT03,2023-12-10,PICKER_011,"[2, 6, 9, 10]",4,59.64,3.25,20,1,1,GREEDY,0
ROUTE_001418,PLANT10,2023-03-08,PICKER_001,"[8, 13, 14, 15, 18, 19, 22]",7,114.71,3.8,27,4,1,GREEDY,1
ROUTE_001419,PLANT06,2024-03-07,PICKER_011,"[7, 12, 13, 20]",4,90.17,2.45,31,7,1,DIJKSTRA,0
ROUTE_001420,PLANT06,2023-11-23,PICKER_025,"[1, 8, 12, 16, 20, 22, 24, 25, 26, 27]",10,170.13,4.39,61,9,1,ASTAR,0
ROUTE_001421,PLANT05,2023-02-08,PICKER_034,"[3, 5, 8]",3,55.14,3.44,37,4,1,ASTAR,1
ROUTE_001422,PLANT04,2024-05-16,PICKER_043,"[2, 3, 6, 7, 10, 12, 14, 15]",8,136.41,4.25,37,2,1,MANUAL,0
ROUTE_001423,PLANT03,2023-04-02,PICKER_044,"[10, 11]",2,49.26,3.57,38,4,1,DIJKSTRA,0
ROUTE_001424,PLANT19,2023-06-28,PICKER_028,"[3, 5, 6, 12, 13, 17, 21]",7,105.08,4.77,56,8,1,GREEDY,1
ROUTE_001425,PLANT10,2024-08-23,PICKER_043,"[3, 4, 12]",3,51.8,2.81,16,3,1,GREEDY,0
ROUTE_001426,PLANT19,2024-10-06,PICKER_034,"[2, 4, 5, 8, 12, 14, 15, 18, 21, 22]",10,154.85,5.94,25,8,1,MANUAL,1
ROUTE_001427,PLANT20,2024-10-03,PICKER_008,"[1, 3, 4, 5, 6, 7]",6,99.21,3.03,20,5,1,MANUAL,1
ROUTE_001428,PLANT01,2024-03-12,PICKER_049,"[1, 6, 7, 13, 14, 15, 16, 23, 25]",9,160.4,5.68,77,6,1,GREEDY,0
ROUTE_001429,PLANT04,2023-11-23,PICKER_038,"[1, 8, 10, 14, 15, 16, 17, 20]",8,135.14,4.51,62,10,1,DIJKSTRA,0
ROUTE_001430,PLANT08,2024-02-24,PICKER_050,"[3, 7, 8, 17, 20]",5,95.23,3.91,41,9,1,GREEDY,0
ROUTE_001431,PLANT20,2024-06-03,PICKER_009,"[1, 5]",2,53.22,2.2,20,9,1,MANUAL,0
ROUTE_001432,PLANT01,2023-12-08,PICKER_049,"[3, 4, 7, 8, 10, 12, 15, 23]",8,153.37,4.76,11,3,1,DIJKSTRA,1
ROUTE_001433,PLANT04,2023-05-09,PICKER_049,"[6, 18]",2,30.77,2.51,51,5,1,ASTAR,1
ROUTE_001434,PLANT18,2024-08-30,PICKER_008,"[1, 5, 14]",3,47.09,2.85,41,9,1,GREEDY,1
ROUTE_001435,PLANT14,2023-01-20,PICKER_003,"[2, 3, 19, 23]",4,79.07,2.36,49,9,1,GREEDY,1
ROUTE_001436,PLANT13,2024-08-29,PICKER_034,"[3, 6]",2,43.13,1.73,18,3,1,ASTAR,0
ROUTE_001437,PLANT03,2024-02-06,PICKER_042,"[4, 6]",2,31.0,1.78,79,9,1,DIJKSTRA,0
ROUTE_001438,PLANT05,2024-12-19,PICKER_009,"[5, 6, 8]",3,57.54,2.01,77,8,1,DIJKSTRA,0
ROUTE_001439,PLANT01,2023-03-12,PICKER_026,"[2, 8, 11, 18, 21, 24]",6,77.68,4.39,57,2,1,GREEDY,0
ROUTE_001440,PLANT12,2023-09-26,PICKER_047,"[1, 5, 6, 9, 10, 13, 14, 16]",8,136.26,4.24,70,4,1,MANUAL,1
ROUTE_001441,PLANT14,2023-08-14,PICKER_048,"[1, 3, 8, 9, 11, 12, 18, 19, 20, 26]",10,207.48,5.2,78,7,1,MANUAL,1
ROUTE_001442,PLANT11,2023-03-08,PICKER_009,"[2, 3]",2,22.72,2.46,33,10,1,GREEDY,0
ROUTE_001443,PLANT07,2024-02-16,PICKER_003,"[3, 6]",2,18.99,3.25,14,9,1,MANUAL,1
ROUTE_001444,PLANT03,2024-06-17,PICKER_008,"[4, 9, 10]",3,61.02,3.67,53,7,1,GREEDY,1
ROUTE_001445,PLANT05,2024-01-22,PICKER_023,"[1, 6, 7, 8]",4,62.8,2.19,15,3,1,DIJKSTRA,1
ROUTE_001446,PLANT10,2023-11-22,PICKER_033,"[4, 5, 6, 7, 9, 13, 14, 19, 23]",9,116.31,4.51,59,2,1,GREEDY,1
ROUTE_001447,PLANT01,2023-01-03,PICKER_013,"[4, 14, 16]",3,43.25,2.33,22,1,1,GREEDY,1
ROUTE_001448,PLANT15,2024-01-20,PICKER_008,"[3, 5, 7, 8, 10, 11, 15, 16, 18]",9,148.7,5.41,55,10,1,ASTAR,1
ROUTE_001449,PLANT08,2023-04-26,PICKER_027,"[1, 4, 5, 7, 10, 14, 22, 23, 25, 28]",10,224.5,6.48,32,10,1,DIJKSTRA,0
ROUTE_001450,PLANT16,2024-06-13,PICKER_031,"[5, 6, 11]",3,45.51,2.99,21,2,1,DIJKSTRA,0
ROUTE_001451,PLANT09,2023-05-03,PICKER_039,"[2, 6, 7, 9, 10]",5,94.14,4.21,70,1,1,ASTAR,1
ROUTE_001452,PLANT02,2023-09-21,PICKER_010,"[1, 3, 4, 5, 6]",5,111.51,3.45,6,6,1,GREEDY,1
ROUTE_001453,PLANT20,2024-11-29,PICKER_028,"[6, 7]",2,21.0,2.6,51,7,1,GREEDY,0
ROUTE_001454,PLANT15,2023-09-21,PICKER_040,"[1, 7, 14, 16, 22]",5,78.58,2.52,62,3,1,MANUAL,0
ROUTE_001455,PLANT06,2024-07-30,PICKER_040,"[2, 4, 10, 16, 17, 18]",6,121.57,3.8,67,4,1,DIJKSTRA,0
ROUTE_001456,PLANT13,2023-03-17,PICKER_007,"[1, 2, 4, 5, 6, 7, 8, 9]",8,132.74,4.45,47,3,1,DIJKSTRA,0
ROUTE_001457,PLANT08,2024-02-03,PICKER_011,"[4, 17, 20, 21]",4,79.37,3.82,71,8,1,GREEDY,0
ROUTE_001458,PLANT05,2023-09-08,PICKER_016,"[1, 2, 4, 5, 6, 8]",6,115.96,3.59,76,4,1,GREEDY,1
ROUTE_001459,PLANT03,2023-12-08,PICKER_019,"[6, 8]",2,36.89,3.18,32,2,1,MANUAL,1
ROUTE_001460,PLANT03,2024-04-21,PICKER_015,"[1, 7]",2,46.57,2.51,23,4,1,MANUAL,1
ROUTE_001461,PLANT04,2023-04-12,PICKER_027,"[5, 10]",2,28.1,2.23,16,3,1,ASTAR,1
ROUTE_001462,PLANT07,2023-02-15,PICKER_040,"[6, 9]",2,27.11,3.48,69,10,1,GREEDY,0
ROUTE_001463,PLANT02,2023-02-05,PICKER_048,"[1, 2, 3, 4, 5, 6]",6,124.62,3.91,58,9,1,GREEDY,1
ROUTE_001464,PLANT11,2023-08-26,PICKER_037,"[1, 2, 3, 4, 5]",5,84.68,3.04,31,7,1,MANUAL,1
ROUTE_001465,PLANT20,2024-09-19,PICKER_013,"[1, 2, 4, 7]",4,84.62,4.3,51,10,1,ASTAR,1
ROUTE_001466,PLANT20,2024-03-05,PICKER_022,"[2, 3, 4, 5, 6, 7]",6,123.92,5.14,51,8,1,ASTAR,1
ROUTE_001467,PLANT02,2024-04-18,PICKER_024,"[1, 3, 4, 6]",4,76.49,3.42,13,8,1,GREEDY,1
ROUTE_001468,PLANT09,2024-11-18,PICKER_038,"[1, 2, 3, 4, 5, 6, 7, 8, 9, 10]",10,172.0,4.06,68,6,1,MANUAL,1
ROUTE_001469,PLANT08,2024-08-15,PICKER_032,"[1, 3, 4, 9, 10, 14, 18]",7,134.88,3.34,77,8,1,DIJKSTRA,1
ROUTE_001470,PLANT08,2023-06-13,PICKER_043,"[4, 25]",2,36.69,3.46,69,6,1,ASTAR,0
ROUTE_001471,PLANT01,2023-04-22,PICKER_039,"[6, 8, 11, 13, 26]",5,112.72,4.47,77,2,1,MANUAL,1
ROUTE_001472,PLANT20,2024-05-10,PICKER_018,"[1, 2]",2,36.18,1.86,66,9,1,GREEDY,1
ROUTE_001473,PLANT13,2024-02-27,PICKER_022,"[2, 3, 4, 5, 8]",5,98.15,4.04,74,6,1,GREEDY,0
ROUTE_001474,PLANT13,2024-07-27,PICKER_039,"[5, 10]",2,17.32,1.39,64,1,1,MANUAL,1
ROUTE_001475,PLANT14,2023-12-10,PICKER_023,"[3, 9, 12, 17, 19, 23, 25]",7,119.18,4.11,24,4,1,DIJKSTRA,0
ROUTE_001476,PLANT18,2024-06-13,PICKER_020,"[14, 16]",2,32.18,3.22,30,9,1,GREEDY,0
ROUTE_001477,PLANT12,2024-02-18,PICKER_049,"[10, 12, 13, 19, 22]",5,89.66,3.01,74,2,1,ASTAR,1
ROUTE_001478,PLANT09,2023-04-13,PICKER_041,"[3, 6, 7, 8, 9]",5,94.83,4.89,42,3,1,DIJKSTRA,1
ROUTE_001479,PLANT17,2024-05-16,PICKER_001,"[4, 9, 22, 23, 24]",5,93.45,2.96,54,10,1,GREEDY,1
ROUTE_001480,PLANT10,2024-07-16,PICKER_039,"[1, 2, 3, 10, 15, 18, 19, 20, 22]",9,162.2,4.22,63,7,1,MANUAL,1
ROUTE_001481,PLANT11,2023-07-27,PICKER_011,"[1, 5]",2,33.07,2.66,38,3,1,MANUAL,1
ROUTE_001482,PLANT19,2023-09-29,PICKER_013,"[1, 2, 7, 9, 14, 17, 19]",7,102.98,4.99,68,3,1,GREEDY,1
ROUTE_001483,PLANT06,2023-08-12,PICKER_049,"[2, 3]",2,39.29,3.43,35,1,1,GREEDY,0
ROUTE_001484,PLANT04,2024-03-09,PICKER_026,"[2, 3, 5, 6, 9, 10, 12, 18, 19, 20]",10,151.12,4.64,44,5,1,DIJKSTRA,1
ROUTE_001485,PLANT08,2024-06-22,PICKER_029,"[2, 3, 4, 10, 13, 17, 22, 27, 28, 29]",10,155.02,5.13,80,4,1,ASTAR,1
ROUTE_001486,PLANT05,2024-10-26,PICKER_021,"[6, 8, 9]",3,65.82,2.93,32,7,1,DIJKSTRA,0
ROUTE_001487,PLANT08,2024-02-01,PICKER_044,"[4, 5, 7, 11, 12, 23, 24, 26, 28]",9,138.51,4.55,31,7,1,ASTAR,0
ROUTE_001488,PLANT05,2023-05-13,PICKER_004,"[1, 2, 3, 4, 5, 8]",6,120.42,4.75,47,7,1,GREEDY,1
ROUTE_001489,PLANT06,2024-03-24,PICKER_041,"[6, 9, 28]",3,60.61,4.05,34,8,1,MANUAL,1
ROUTE_001490,PLANT11,2023-06-23,PICKER_005,"[1, 2, 3, 5]",4,85.56,2.34,70,5,1,MANUAL,1
ROUTE_001491,PLANT09,2024-01-14,PICKER_003,"[1, 5, 9]",3,46.61,1.72,25,3,1,MANUAL,1
ROUTE_001492,PLANT09,2024-06-18,PICKER_047,"[5, 7]",2,46.72,3.65,17,5,1,ASTAR,1
ROUTE_001493,PLANT20,2023-07-19,PICKER_047,"[1, 2, 3, 4]",4,98.33,4.89,49,5,1,ASTAR,1
ROUTE_001494,PLANT20,2024-04-17,PICKER_023,"[1, 2, 3, 4, 7]",5,106.47,2.73,34,4,1,DIJKSTRA,0
ROUTE_001495,PLANT04,2024-03-27,PICKER_042,"[4, 5, 7, 8, 10, 20]",6,120.26,3.1,5,4,1,ASTAR,1
ROUTE_001496,PLANT05,2024-02-07,PICKER_021,"[3, 4, 5, 6, 8]",5,86.32,2.47,51,2,1,DIJKSTRA,0
ROUTE_001497,PLANT07,2024-06-17,PICKER_036,"[1, 8, 10, 12]",4,78.92,4.44,56,2,1,ASTAR,0
ROUTE_001498,PLANT20,2023-03-10,PICKER_039,"[1, 2, 3, 4, 5, 6, 7]",7,150.43,3.77,61,6,1,ASTAR,0
ROUTE_001499,PLANT10,2024-11-20,PICKER_027,"[4, 6, 7, 8, 9, 10, 12, 14]",8,142.17,3.38,18,6,1,ASTAR,1
ROUTE_001500,PLANT12,2023-08-18,PICKER_026,"[4, 12, 17, 23]",4,94.08,4.58,64,5,1,MANUAL,0
ROUTE_001501,PLANT18,2024-01-30,PICKER_038,"[2, 3, 4, 6, 9, 10, 11]",7,120.85,3.83,67,3,1,ASTAR,0
ROUTE_001502,PLANT18,2024-04-05,PICKER_047,"[1, 3, 4, 7, 12, 13, 14]",7,107.91,3.38,29,4,1,MANUAL,0
ROUTE_001503,PLANT02,2024-04-27,PICKER_007,"[4, 5]",2,36.92,2.67,62,10,1,GREEDY,0
ROUTE_001504,PLANT19,2024-01-16,PICKER_025,"[1, 2, 4, 9, 11, 14, 17, 19, 22]",9,167.71,5.06,53,9,1,GREEDY,0
ROUTE_001505,PLANT16,2024-11-06,PICKER_023,"[8, 9]",2,18.73,2.82,80,10,1,ASTAR,0
ROUTE_001506,PLANT17,2024-06-15,PICKER_046,"[7, 8, 10, 12, 17]",5,98.81,3.71,26,3,1,MANUAL,0
ROUTE_001507,PLANT18,2024-12-29,PICKER_026,"[3, 4, 5, 10, 11, 12, 14, 15, 16]",9,175.0,4.7,5,7,1,DIJKSTRA,0
ROUTE_001508,PLANT19,2024-10-28,PICKER_049,"[4, 5, 8, 9, 10, 12, 16, 18, 21, 22]",10,176.5,6.0,19,4,1,GREEDY,1
ROUTE_001509,PLANT19,2024-02-20,PICKER_003,"[1, 3, 5, 6, 8, 11, 12]",7,111.96,2.93,67,3,1,MANUAL,0
ROUTE_001510,PLANT11,2023-02-01,PICKER_047,"[2, 3, 5]",3,64.38,2.61,56,3,1,GREEDY,0
ROUTE_001511,PLANT20,2024-05-05,PICKER_024,"[1, 3, 4, 5, 6, 7]",6,87.48,2.99,35,4,1,ASTAR,1
ROUTE_001512,PLANT17,2024-04-28,PICKER_037,"[1, 2, 4, 5, 9, 17, 20, 21, 22]",9,122.52,4.11,36,2,1,ASTAR,1
ROUTE_001513,PLANT20,2024-02-22,PICKER_044,"[1, 3]",2,12.62,2.71,39,4,1,GREEDY,1
ROUTE_001514,PLANT18,2024-10-29,PICKER_022,"[9, 14]",2,40.01,2.52,63,6,1,DIJKSTRA,0
ROUTE_001515,PLANT08,2024-08-25,PICKER_026,"[4, 14, 17, 28, 29]",5,69.02,3.88,6,2,1,DIJKSTRA,0
ROUTE_001516,PLANT19,2023-01-28,PICKER_031,"[5, 10, 22]",3,54.43,3.91,64,2,1,ASTAR,1
ROUTE_001517,PLANT09,2023-10-20,PICKER_031,"[1, 6]",2,26.34,1.58,52,4,1,DIJKSTRA,0
ROUTE_001518,PLANT03,2024-06-14,PICKER_009,"[1, 4, 5, 10]",4,53.89,2.71,53,9,1,ASTAR,1
ROUTE_001519,PLANT01,2024-05-01,PICKER_033,"[9, 18, 24]",3,66.71,2.21,36,5,1,ASTAR,0
ROUTE_001520,PLANT13,2023-08-30,PICKER_027,"[1, 2, 3, 5, 9, 10]",6,127.23,4.68,30,4,1,GREEDY,0
ROUTE_001521,PLANT07,2024-12-04,PICKER_047,"[2, 4, 6, 12]",4,54.02,3.45,38,6,1,MANUAL,1
ROUTE_001522,PLANT19,2024-07-02,PICKER_021,"[2, 14, 18]",3,55.52,1.8,65,8,1,DIJKSTRA,0
ROUTE_001523,PLANT18,2023-08-20,PICKER_043,"[1, 4, 5, 6, 8, 9, 10, 12, 14, 15]",10,162.94,4.62,64,6,1,GREEDY,0
ROUTE_001524,PLANT16,2024-04-10,PICKER_019,"[1, 3, 7, 8, 9, 10, 16]",7,128.39,3.63,75,4,1,GREEDY,0
ROUTE_001525,PLANT09,2024-05-16,PICKER_048,"[1, 2, 3, 4, 6, 7, 8, 9, 10]",9,152.38,3.6,64,7,1,GREEDY,1
ROUTE_001526,PLANT18,2023-07-03,PICKER_030,"[3, 4, 7, 10, 11, 12]",6,110.43,3.03,70,9,1,MANUAL,0
ROUTE_001527,PLANT11,2024-11-12,PICKER_013,"[1, 3]",2,45.15,2.86,49,1,1,MANUAL,1
ROUTE_001528,PLANT03,2024-11-01,PICKER_007,"[1, 2, 3, 4, 5, 6, 9, 10, 11]",9,178.16,5.25,15,3,1,ASTAR,1
ROUTE_001529,PLANT20,2024-09-10,PICKER_005,"[1, 4, 5, 6]",4,61.7,4.04,25,8,1,DIJKSTRA,0
ROUTE_001530,PLANT10,2023-03-05,PICKER_003,"[8, 9, 10, 15, 16]",5,106.23,2.92,32,8,1,DIJKSTRA,0
ROUTE_001531,PLANT07,2023-06-16,PICKER_032,"[1, 2, 3, 5, 6, 7, 9, 10, 12]",9,196.22,5.92,18,3,1,ASTAR,0
ROUTE_001532,PLANT09,2023-10-31,PICKER_012,"[1, 2, 3, 10]",4,60.97,4.16,50,3,1,MANUAL,1
ROUTE_001533,PLANT19,2024-10-20,PICKER_037,"[1, 3, 8, 9, 10, 13, 16, 18, 19, 23]",10,159.54,5.39,61,3,1,DIJKSTRA,0
ROUTE_001534,PLANT16,2024-04-06,PICKER_007,"[3, 4]",2,16.48,1.46,53,10,1,GREEDY,0
ROUTE_001535,PLANT09,2023-09-03,PICKER_019,"[2, 6]",2,24.89,3.32,31,4,1,ASTAR,1
ROUTE_001536,PLANT04,2023-11-01,PICKER_030,"[3, 4, 7, 14, 19]",5,83.65,3.61,54,10,1,GREEDY,0
ROUTE_001537,PLANT05,2023-04-28,PICKER_049,"[1, 3]",2,40.32,3.6,39,3,1,GREEDY,1
ROUTE_001538,PLANT09,2024-08-21,PICKER_039,"[1, 2, 3, 6, 8, 9, 10]",7,129.56,4.31,56,9,1,DIJKSTRA,0
ROUTE_001539,PLANT05,2024-02-02,PICKER_050,"[1, 2, 3, 4, 5, 7, 8]",7,150.44,5.06,42,4,1,DIJKSTRA,0
ROUTE_001540,PLANT04,2023-06-18,PICKER_028,"[4, 5, 7, 9, 13, 17, 18, 19, 20]",9,143.03,3.83,56,3,1,MANUAL,1
ROUTE_001541,PLANT10,2023-11-23,PICKER_038,"[2, 4, 5, 10, 14, 17, 22, 24]",8,162.91,5.57,70,7,1,ASTAR,0
ROUTE_001542,PLANT20,2024-03-12,PICKER_048,"[2, 5]",2,41.99,2.05,51,10,1,MANUAL,1
ROUTE_001543,PLANT13,2024-09-07,PICKER_037,"[1, 2, 3, 5, 6, 10]",6,110.71,3.93,13,9,1,DIJKSTRA,0
ROUTE_001544,PLANT11,2024-05-11,PICKER_014,"[3, 4]",2,14.3,1.78,49,4,1,DIJKSTRA,1
ROUTE_001545,PLANT18,2024-01-21,PICKER_012,"[2, 5, 6, 8, 10, 11, 12, 14, 15, 16]",10,166.14,3.9,51,7,1,MANUAL,1
ROUTE_001546,PLANT13,2023-03-29,PICKER_002,"[3, 9]",2,23.32,1.15,15,7,1,ASTAR,1
ROUTE_001547,PLANT17,2024-11-13,PICKER_010,"[10, 20]",2,26.86,2.96,16,9,1,GREEDY,1
ROUTE_001548,PLANT03,2024-09-13,PICKER_032,"[2, 3, 4, 7, 8, 9, 10, 11]",8,135.7,3.88,61,9,1,ASTAR,1
ROUTE_001549,PLANT15,2023-06-27,PICKER_048,"[2, 7, 16, 25]",4,84.34,4.63,79,5,1,ASTAR,1
ROUTE_001550,PLANT09,2023-09-18,PICKER_017,"[2, 4, 10]",3,60.01,2.55,15,5,1,ASTAR,0
ROUTE_001551,PLANT20,2023-11-05,PICKER_018,"[1, 2, 3, 5, 6, 7]",6,100.55,4.32,15,8,1,DIJKSTRA,1
ROUTE_001552,PLANT02,2023-02-17,PICKER_045,"[4, 5]",2,39.72,2.89,21,4,1,MANUAL,1
ROUTE_001553,PLANT15,2023-07-29,PICKER_003,"[1, 2, 5, 15, 24]",5,87.46,4.02,70,3,1,ASTAR,1
ROUTE_001554,PLANT10,2023-01-25,PICKER_027,"[1, 2, 6, 10, 11, 12, 21, 24]",8,171.38,4.38,32,6,1,GREEDY,0
ROUTE_001555,PLANT15,2023-10-17,PICKER_017,"[1, 2, 7, 9, 10, 11, 13, 16, 22, 24]",10,167.36,4.66,11,1,1,GREEDY,0
ROUTE_001556,PLANT09,2024-07-13,PICKER_004,"[2, 4, 5, 6, 8, 10]",6,101.61,3.35,16,4,1,DIJKSTRA,1
ROUTE_001557,PLANT14,2023-11-25,PICKER_026,"[1, 4, 9, 12, 13, 16, 21, 24, 28]",9,139.57,4.7,34,8,1,MANUAL,0
ROUTE_001558,PLANT19,2024-02-07,PICKER_005,"[1, 2, 11, 12, 18]",5,101.04,2.58,77,2,1,GREEDY,1
ROUTE_001559,PLANT14,2023-02-07,PICKER_005,"[7, 10]",2,35.95,2.38,63,3,1,GREEDY,1
ROUTE_001560,PLANT05,2024-09-29,PICKER_009,"[1, 3, 6]",3,50.76,3.29,28,6,1,MANUAL,1
ROUTE_001561,PLANT19,2023-01-18,PICKER_004,"[2, 5, 8, 9, 10, 12, 19, 20, 23]",9,122.7,4.77,43,10,1,GREEDY,1
ROUTE_001562,PLANT09,2023-08-22,PICKER_045,"[4, 5, 6, 7, 10]",5,134.35,5.47,53,9,1,ASTAR,0
ROUTE_001563,PLANT12,2024-05-13,PICKER_020,"[2, 6, 13, 15, 17, 20, 21, 24]",8,113.32,3.5,36,10,1,MANUAL,0
ROUTE_001564,PLANT07,2023-09-22,PICKER_004,"[1, 2, 6, 7, 8, 9, 11]",7,106.05,4.75,58,10,1,GREEDY,1
ROUTE_001565,PLANT14,2023-06-24,PICKER_004,"[2, 4, 7, 9, 11, 20, 21, 24, 27, 28]",10,150.76,5.88,62,9,1,GREEDY,0
ROUTE_001566,PLANT18,2023-03-19,PICKER_050,"[4, 10]",2,35.18,2.66,73,1,1,DIJKSTRA,1
ROUTE_001567,PLANT15,2023-04-03,PICKER_047,"[1, 7, 18]",3,19.71,1.83,37,7,1,MANUAL,0
ROUTE_001568,PLANT13,2023-06-05,PICKER_022,"[2, 3, 5, 6, 7, 9]",6,98.85,3.89,55,2,1,MANUAL,1
ROUTE_001569,PLANT12,2023-07-09,PICKER_007,"[3, 4, 5, 8, 10, 21, 23]",7,108.04,2.78,38,4,1,MANUAL,0
ROUTE_001570,PLANT11,2023-03-12,PICKER_014,"[1, 2, 3, 4]",4,85.74,4.57,72,5,1,DIJKSTRA,1
ROUTE_001571,PLANT09,2023-04-28,PICKER_010,"[2, 3, 4, 5, 6, 9, 10]",7,124.35,4.59,43,9,1,ASTAR,1
ROUTE_001572,PLANT15,2024-01-29,PICKER_040,"[5, 7, 9, 11, 12, 14, 18, 19, 21, 22]",10,174.71,4.07,80,6,1,DIJKSTRA,1
ROUTE_001573,PLANT09,2024-04-07,PICKER_048,"[1, 2, 3, 4, 5]",5,91.08,4.49,31,5,1,MANUAL,0
ROUTE_001574,PLANT01,2024-05-22,PICKER_042,"[5, 10, 11, 17, 19, 21, 22]",7,103.96,4.22,57,4,1,DIJKSTRA,1
ROUTE_001575,PLANT02,2023-03-08,PICKER_017,"[1, 2, 5]",3,51.94,2.42,58,7,1,ASTAR,1
ROUTE_001576,PLANT03,2024-05-27,PICKER_009,"[4, 6, 9, 10]",4,53.55,3.41,71,8,1,DIJKSTRA,0
ROUTE_001577,PLANT01,2023-01-15,PICKER_015,"[12, 15, 19, 26]",4,78.79,2.89,72,9,1,ASTAR,1
ROUTE_001578,PLANT02,2024-11-15,PICKER_008,"[1, 2, 3, 4, 5, 6]",6,104.68,2.84,21,7,1,DIJKSTRA,1
ROUTE_001579,PLANT07,2023-01-08,PICKER_035,"[1, 5, 10]",3,47.51,3.71,36,2,1,ASTAR,0
ROUTE_001580,PLANT12,2024-04-24,PICKER_019,"[2, 7, 15, 16, 18]",5,83.51,3.95,6,1,1,ASTAR,1
ROUTE_001581,PLANT16,2024-06-05,PICKER_031,"[3, 6, 7, 8, 9, 10, 12, 14]",8,143.83,4.18,77,2,1,MANUAL,0
ROUTE_001582,PLANT05,2024-06-11,PICKER_033,"[1, 6]",2,21.55,3.37,43,1,1,GREEDY,1
ROUTE_001583,PLANT08,2024-07-06,PICKER_011,"[8, 18]",2,28.59,2.57,34,6,1,DIJKSTRA,0
ROUTE_001584,PLANT18,2024-01-16,PICKER_039,"[1, 2, 3, 8, 9, 11, 12, 13]",8,122.67,4.2,54,4,1,MANUAL,0
ROUTE_001585,PLANT19,2023-07-16,PICKER_025,"[2, 3]",2,30.35,2.7,61,2,1,DIJKSTRA,1
ROUTE_001586,PLANT16,2023-01-30,PICKER_045,"[1, 2, 3, 6, 8, 9, 10, 12, 14, 15]",10,156.45,4.23,22,1,1,GREEDY,0
ROUTE_001587,PLANT20,2024-07-05,PICKER_022,"[1, 3, 5, 7]",4,86.28,3.25,72,2,1,GREEDY,1
ROUTE_001588,PLANT06,2023-05-18,PICKER_020,"[7, 9]",2,46.81,1.59,26,1,1,MANUAL,1
ROUTE_001589,PLANT09,2023-07-28,PICKER_010,"[2, 3, 4, 6, 7, 8, 10]",7,80.52,4.28,62,5,1,GREEDY,1
ROUTE_001590,PLANT12,2024-02-17,PICKER_044,"[2, 3, 14, 15, 18, 20, 22, 25]",8,131.39,4.4,38,7,1,DIJKSTRA,1
ROUTE_001591,PLANT04,2023-05-18,PICKER_028,"[2, 3, 4, 5, 6, 7, 8, 12, 20]",9,169.92,5.09,78,6,1,MANUAL,0
ROUTE_001592,PLANT06,2023-10-13,PICKER_021,"[9, 11, 14, 18, 23, 27]",6,106.19,4.03,77,9,1,MANUAL,1
ROUTE_001593,PLANT07,2023-03-06,PICKER_030,"[1, 2, 3, 4, 5, 6, 8, 11]",8,127.75,3.67,52,4,1,MANUAL,0
ROUTE_001594,PLANT09,2023-01-20,PICKER_010,"[1, 3, 6, 7, 9, 10]",6,113.29,2.81,33,10,1,GREEDY,1
ROUTE_001595,PLANT09,2023-08-20,PICKER_026,"[1, 2, 3, 5, 7, 9, 10]",7,131.18,4.31,41,6,1,DIJKSTRA,0
ROUTE_001596,PLANT16,2023-05-23,PICKER_019,"[3, 5, 7, 8, 11, 14]",6,128.17,4.72,69,6,1,GREEDY,0
ROUTE_001597,PLANT19,2024-03-03,PICKER_012,"[7, 16]",2,20.06,1.6,56,9,1,GREEDY,1
ROUTE_001598,PLANT05,2023-04-15,PICKER_022,"[1, 3, 4, 5, 6, 7, 8, 9]",8,130.0,4.38,12,6,1,GREEDY,0
ROUTE_001599,PLANT13,2024-02-17,PICKER_032,"[1, 2, 3, 5, 6, 7, 8, 9, 10]",9,141.51,5.24,30,2,1,GREEDY,0
ROUTE_001600,PLANT19,2024-07-31,PICKER_024,"[2, 5, 7, 12, 14, 16, 20, 23]",8,151.85,3.61,32,5,1,ASTAR,0
ROUTE_001601,PLANT19,2023-08-15,PICKER_030,"[4, 8, 10]",3,36.89,2.64,76,2,1,ASTAR,0
ROUTE_001602,PLANT16,2024-10-24,PICKER_009,"[4, 12]",2,36.47,3.45,57,5,1,DIJKSTRA,0
ROUTE_001603,PLANT01,2023-05-18,PICKER_004,"[1, 8, 10, 17, 22, 23]",6,81.35,4.02,13,7,1,GREEDY,1
ROUTE_001604,PLANT02,2023-02-24,PICKER_032,"[1, 2, 4, 5, 6]",5,87.75,3.1,23,10,1,GREEDY,0
ROUTE_001605,PLANT01,2024-07-30,PICKER_008,"[2, 4, 9, 11, 12, 13, 19, 22, 23, 25]",10,188.97,5.27,16,4,1,MANUAL,0
ROUTE_001606,PLANT19,2024-03-23,PICKER_037,"[11, 22]",2,36.86,3.54,70,8,1,GREEDY,0
ROUTE_001607,PLANT12,2023-12-29,PICKER_025,"[6, 15, 17]",3,69.97,2.92,72,10,1,ASTAR,1
ROUTE_001608,PLANT03,2023-09-01,PICKER_039,"[1, 2, 3]",3,61.04,3.27,40,1,1,MANUAL,0
ROUTE_001609,PLANT14,2024-08-30,PICKER_036,"[21, 25]",2,48.18,2.67,9,2,1,DIJKSTRA,0
ROUTE_001610,PLANT01,2024-09-24,PICKER_007,"[7, 11, 12, 15, 18, 23, 24]",7,127.62,5.37,76,1,1,GREEDY,0
ROUTE_001611,PLANT15,2024-04-24,PICKER_037,"[2, 13, 18, 24]",4,87.58,3.59,32,3,1,ASTAR,0
ROUTE_001612,PLANT15,2024-02-15,PICKER_005,"[3, 9, 11, 14, 17, 19, 21, 24]",8,137.5,4.86,14,2,1,DIJKSTRA,0
ROUTE_001613,PLANT05,2023-01-24,PICKER_049,"[1, 2, 3, 4, 5, 6, 7, 9]",8,110.8,4.3,34,5,1,ASTAR,1
ROUTE_001614,PLANT17,2024-08-10,PICKER_028,"[6, 7, 8, 10, 15, 17, 22, 23, 24]",9,175.06,6.39,33,9,1,ASTAR,0
ROUTE_001615,PLANT10,2024-05-14,PICKER_050,"[1, 5, 7, 8, 15, 17, 21, 22]",8,148.97,4.8,58,2,1,ASTAR,1
ROUTE_001616,PLANT17,2024-01-12,PICKER_012,"[12, 14, 16, 21, 23]",5,67.03,3.15,80,5,1,ASTAR,1
ROUTE_001617,PLANT04,2024-09-21,PICKER_044,"[5, 10, 11]",3,64.97,1.91,74,1,1,GREEDY,0
ROUTE_001618,PLANT16,2024-01-23,PICKER_030,"[3, 5, 7, 11, 16]",5,101.29,3.15,24,10,1,ASTAR,0
ROUTE_001619,PLANT02,2023-01-28,PICKER_030,"[1, 2, 3, 4, 5, 6]",6,129.85,4.89,32,4,1,DIJKSTRA,1
ROUTE_001620,PLANT03,2024-02-19,PICKER_015,"[1, 2, 3, 4, 5, 7, 8, 9, 10, 11]",10,137.16,3.63,8,8,1,MANUAL,0
ROUTE_001621,PLANT18,2023-06-01,PICKER_038,"[5, 6, 9, 16]",4,69.77,3.38,9,4,1,DIJKSTRA,1
ROUTE_001622,PLANT17,2023-11-20,PICKER_040,"[5, 6, 13, 15, 19, 20]",6,85.93,2.99,53,7,1,ASTAR,1
ROUTE_001623,PLANT02,2024-02-06,PICKER_009,"[2, 3, 4, 5, 6]",5,114.07,4.69,31,9,1,DIJKSTRA,1
ROUTE_001624,PLANT17,2024-09-26,PICKER_049,"[4, 8, 10, 11]",4,65.0,2.21,60,8,1,MANUAL,0
ROUTE_001625,PLANT20,2024-09-20,PICKER_035,"[1, 4, 5]",3,64.72,2.7,79,10,1,ASTAR,0
ROUTE_001626,PLANT07,2024-10-08,PICKER_015,"[3, 5, 7, 9, 10, 11]",6,118.47,5.16,72,1,1,MANUAL,1
ROUTE_001627,PLANT11,2023-09-26,PICKER_040,"[2, 4, 5]",3,57.77,4.03,51,10,1,MANUAL,0
ROUTE_001628,PLANT12,2024-11-11,PICKER_023,"[1, 12, 13, 14, 17, 21, 22, 24]",8,210.85,6.33,17,7,1,DIJKSTRA,1
ROUTE_001629,PLANT01,2024-09-06,PICKER_031,"[3, 9, 16, 17, 20, 21, 22, 23]",8,132.31,5.45,50,9,1,ASTAR,0
ROUTE_001630,PLANT03,2023-10-18,PICKER_050,"[2, 3, 4, 5, 6, 7, 8, 10, 11]",9,129.92,5.53,28,7,1,DIJKSTRA,0
ROUTE_001631,PLANT14,2023-03-16,PICKER_018,"[2, 9, 17, 22]",4,58.25,2.68,14,10,1,DIJKSTRA,0
ROUTE_001632,PLANT03,2024-01-17,PICKER_006,"[2, 11]",2,29.28,1.33,61,6,1,DIJKSTRA,1
ROUTE_001633,PLANT03,2023-07-26,PICKER_048,"[2, 3, 4, 5, 6, 8, 9]",7,84.08,3.96,23,2,1,GREEDY,1
ROUTE_001634,PLANT08,2023-09-05,PICKER_014,"[8, 24]",2,20.92,1.34,5,3,1,DIJKSTRA,1
ROUTE_001635,PLANT06,2024-06-24,PICKER_023,"[1, 7, 26]",3,50.11,1.7,74,7,1,ASTAR,0
ROUTE_001636,PLANT16,2023-07-02,PICKER_011,"[1, 2, 11, 14, 16]",5,63.68,2.34,28,5,1,DIJKSTRA,0
ROUTE_001637,PLANT06,2023-01-24,PICKER_039,"[1, 3, 4, 5, 10, 18]",6,116.44,2.87,19,5,1,ASTAR,0
ROUTE_001638,PLANT05,2023-04-04,PICKER_025,"[1, 2, 3, 4, 5, 6, 7, 8, 9]",9,143.79,4.04,75,2,1,GREEDY,0
ROUTE_001639,PLANT08,2024-09-16,PICKER_019,"[3, 6, 7, 12, 17, 19, 20, 23]",8,158.73,4.94,29,5,1,GREEDY,1
ROUTE_001640,PLANT14,2024-11-02,PICKER_041,"[2, 10, 16, 25, 29]",5,64.38,2.46,29,10,1,ASTAR,0
ROUTE_001641,PLANT01,2023-04-14,PICKER_009,"[1, 6, 9, 11, 12, 17, 20, 21]",8,150.37,5.64,68,8,1,ASTAR,1
ROUTE_001642,PLANT17,2024-02-10,PICKER_035,"[1, 12, 13, 14, 15, 16, 18, 20]",8,179.03,5.22,15,10,1,MANUAL,1
ROUTE_001643,PLANT19,2023-03-29,PICKER_027,"[8, 9, 13, 22]",4,64.46,3.73,70,7,1,MANUAL,1
ROUTE_001644,PLANT06,2024-08-14,PICKER_002,"[2, 4, 8, 16, 19, 20, 25, 26]",8,132.74,5.42,26,2,1,GREEDY,0
ROUTE_001645,PLANT16,2024-11-10,PICKER_048,"[12, 14, 15]",3,50.64,2.03,80,4,1,ASTAR,1
ROUTE_001646,PLANT05,2023-05-18,PICKER_016,"[1, 2, 3, 4, 6, 7, 8, 9]",8,142.57,4.65,64,8,1,ASTAR,0
ROUTE_001647,PLANT08,2024-09-12,PICKER_014,"[2, 4, 7, 9, 16, 18, 19, 24, 25]",9,115.8,3.89,74,4,1,MANUAL,1
ROUTE_001648,PLANT11,2024-11-04,PICKER_029,"[1, 2, 3, 4, 5]",5,74.03,2.0,13,7,1,DIJKSTRA,1
ROUTE_001649,PLANT15,2023-02-07,PICKER_020,"[2, 6, 18, 19, 25]",5,105.71,3.6,64,5,1,MANUAL,1
ROUTE_001650,PLANT05,2023-02-24,PICKER_039,"[1, 3, 4, 6, 7, 8, 9]",7,139.06,4.87,7,6,1,GREEDY,0
ROUTE_001651,PLANT09,2024-05-14,PICKER_036,"[2, 5]",2,13.22,2.19,66,10,1,ASTAR,1
ROUTE_001652,PLANT17,2023-08-07,PICKER_005,"[12, 13, 18, 22]",4,76.25,3.01,17,6,1,MANUAL,1
ROUTE_001653,PLANT20,2023-01-13,PICKER_042,"[1, 4, 6]",3,55.33,2.48,14,10,1,GREEDY,0
ROUTE_001654,PLANT14,2024-03-11,PICKER_025,"[2, 11, 15, 16, 19, 21, 25]",7,110.78,4.96,44,3,1,GREEDY,0
ROUTE_001655,PLANT15,2023-01-11,PICKER_019,"[1, 2, 4, 7, 10, 13, 14, 18, 24]",9,159.73,4.24,24,6,1,ASTAR,0
ROUTE_001656,PLANT04,2023-02-28,PICKER_002,"[1, 5, 7, 8, 9, 11, 15, 17, 19, 20]",10,136.32,4.53,44,4,1,GREEDY,1
ROUTE_001657,PLANT08,2023-12-20,PICKER_003,"[2, 6, 9, 15, 16, 19, 21, 25, 27, 29]",10,207.03,6.2,5,1,1,ASTAR,0
ROUTE_001658,PLANT15,2023-07-14,PICKER_003,"[1, 5, 17]",3,51.65,2.73,37,7,1,DIJKSTRA,0
ROUTE_001659,PLANT07,2024-03-10,PICKER_017,"[3, 4, 5, 7, 8, 10, 11, 12]",8,143.67,5.77,54,9,1,MANUAL,1
ROUTE_001660,PLANT20,2024-02-04,PICKER_050,"[4, 6]",2,49.4,3.8,10,3,1,MANUAL,0
ROUTE_001661,PLANT19,2024-10-15,PICKER_048,"[1, 7, 10, 13, 14, 23]",6,88.99,2.6,80,2,1,DIJKSTRA,0
ROUTE_001662,PLANT01,2023-08-22,PICKER_009,"[2, 12, 16, 17]",4,53.5,3.62,34,8,1,MANUAL,0
ROUTE_001663,PLANT02,2024-10-17,PICKER_016,"[2, 4, 6]",3,54.03,2.7,10,2,1,ASTAR,0
ROUTE_001664,PLANT14,2023-05-19,PICKER_001,"[8, 10, 11, 15, 18, 20, 21, 26, 27]",9,161.36,4.31,49,7,1,GREEDY,1
ROUTE_001665,PLANT03,2023-12-30,PICKER_013,"[3, 9]",2,21.8,1.04,68,10,1,ASTAR,0
ROUTE_001666,PLANT02,2023-10-23,PICKER_005,"[1, 2, 3]",3,44.04,2.74,25,1,1,ASTAR,1
ROUTE_001667,PLANT16,2024-05-10,PICKER_027,"[2, 3, 4, 11]",4,81.26,2.18,18,4,1,ASTAR,1
ROUTE_001668,PLANT14,2023-05-11,PICKER_047,"[7, 11, 26]",3,38.66,3.34,12,4,1,GREEDY,0
ROUTE_001669,PLANT01,2024-12-17,PICKER_027,"[4, 8, 15, 16]",4,75.01,2.23,79,4,1,GREEDY,0
ROUTE_001670,PLANT02,2024-09-13,PICKER_045,"[5, 6]",2,34.55,1.34,53,5,1,DIJKSTRA,1
ROUTE_001671,PLANT07,2024-09-22,PICKER_026,"[1, 2, 7, 9]",4,63.67,3.67,27,3,1,MANUAL,0
ROUTE_001672,PLANT04,2024-02-01,PICKER_011,"[8, 15, 19]",3,70.42,2.29,13,4,1,ASTAR,1
ROUTE_001673,PLANT14,2023-04-29,PICKER_012,"[3, 11, 12, 15, 24]",5,99.86,3.6,12,8,1,DIJKSTRA,1
ROUTE_001674,PLANT04,2023-11-20,PICKER_027,"[2, 3, 6, 7, 8, 11, 12, 13, 17, 18]",10,173.44,5.07,57,2,1,GREEDY,1
ROUTE_001675,PLANT18,2024-02-09,PICKER_025,"[2, 4, 7, 11, 12, 14]",6,85.05,3.34,18,4,1,DIJKSTRA,0
ROUTE_001676,PLANT10,2023-01-01,PICKER_050,"[1, 18, 22]",3,57.46,3.01,23,6,1,GREEDY,1
ROUTE_001677,PLANT13,2024-04-21,PICKER_047,"[3, 4, 6, 7]",4,82.79,4.6,57,3,1,DIJKSTRA,0
ROUTE_001678,PLANT05,2023-04-08,PICKER_050,"[1, 2, 3, 5, 6, 7, 9]",7,119.39,5.29,69,8,1,DIJKSTRA,0
ROUTE_001679,PLANT02,2024-06-25,PICKER_021,"[1, 2, 3, 4, 5, 6]",6,93.19,3.29,21,8,1,MANUAL,0
ROUTE_001680,PLANT15,2024-08-26,PICKER_048,"[4, 15, 17]",3,63.09,3.13,54,7,1,GREEDY,0
ROUTE_001681,PLANT06,2024-03-15,PICKER_015,"[12, 14, 15, 18, 23, 24]",6,95.71,2.95,80,5,1,GREEDY,0
ROUTE_001682,PLANT10,2024-05-15,PICKER_035,"[1, 5, 7, 10, 11, 12, 14, 22]",8,136.46,4.33,15,2,1,MANUAL,1
ROUTE_001683,PLANT17,2023-01-16,PICKER_018,"[6, 14, 15, 22]",4,72.79,2.71,43,4,1,DIJKSTRA,1
ROUTE_001684,PLANT15,2024-11-18,PICKER_028,"[1, 4, 5, 10, 12, 15, 17, 19, 20, 23]",10,183.0,4.21,17,2,1,GREEDY,1
ROUTE_001685,PLANT02,2024-05-31,PICKER_042,"[1, 2, 3, 5]",4,43.66,2.72,19,9,1,MANUAL,1
ROUTE_001686,PLANT02,2024-10-13,PICKER_043,"[1, 2, 3, 5, 6]",5,93.34,3.63,9,6,1,ASTAR,1
ROUTE_001687,PLANT09,2024-05-06,PICKER_020,"[1, 2, 4, 5, 7, 9, 10]",7,156.24,5.36,41,7,1,MANUAL,0
ROUTE_001688,PLANT08,2023-10-05,PICKER_015,"[10, 12, 14, 15, 20, 22, 26, 27, 29]",9,145.35,5.8,56,10,1,MANUAL,0
ROUTE_001689,PLANT03,2023-01-13,PICKER_011,"[5, 6, 7, 8, 9, 10]",6,107.55,3.23,31,7,1,ASTAR,0
ROUTE_001690,PLANT12,2023-12-15,PICKER_019,"[2, 3, 4, 6, 7, 13, 16, 19, 24]",9,138.15,3.54,35,7,1,ASTAR,0
ROUTE_001691,PLANT06,2024-02-28,PICKER_045,"[6, 12, 13, 23, 25, 27]",6,95.91,4.27,11,10,1,GREEDY,1
ROUTE_001692,PLANT07,2023-05-11,PICKER_010,"[3, 4, 5, 6, 9]",5,71.19,2.93,54,7,1,GREEDY,1
ROUTE_001693,PLANT06,2023-10-17,PICKER_049,"[8, 13]",2,33.66,1.51,45,9,1,MANUAL,1
ROUTE_001694,PLANT12,2023-09-30,PICKER_004,"[1, 4, 9, 10, 13, 24]",6,131.52,4.27,47,6,1,ASTAR,0
ROUTE_001695,PLANT07,2024-02-17,PICKER_044,"[1, 3, 4, 5, 7, 9, 10, 12]",8,166.65,4.96,65,3,1,GREEDY,1
ROUTE_001696,PLANT19,2023-03-25,PICKER_035,"[6, 19]",2,49.88,2.1,66,8,1,MANUAL,0
ROUTE_001697,PLANT03,2023-01-15,PICKER_027,"[1, 7, 9]",3,54.99,2.73,42,6,1,MANUAL,0
ROUTE_001698,PLANT17,2024-10-13,PICKER_046,"[1, 4, 5, 6, 11, 12, 13, 17, 18, 19]",10,171.23,5.89,56,3,1,GREEDY,0
ROUTE_001699,PLANT18,2024-07-21,PICKER_028,"[2, 3, 6, 7, 10, 12, 13, 14]",8,171.8,5.3,42,2,1,ASTAR,1
ROUTE_001700,PLANT04,2023-05-20,PICKER_005,"[4, 6, 7, 8, 9, 11, 12, 14, 18, 19]",10,195.42,6.19,62,5,1,DIJKSTRA,0
ROUTE_001701,PLANT04,2023-05-09,PICKER_044,"[1, 5, 11]",3,77.84,3.81,49,2,1,GREEDY,1
ROUTE_001702,PLANT16,2023-07-11,PICKER_042,"[2, 3, 4, 7, 10, 13]",6,99.65,4.03,35,1,1,ASTAR,0
ROUTE_001703,PLANT14,2023-06-23,PICKER_025,"[7, 8, 11, 14, 16, 19, 24]",7,123.1,2.99,72,1,1,ASTAR,1
ROUTE_001704,PLANT14,2024-04-24,PICKER_042,"[11, 14, 20]",3,47.4,1.94,52,7,1,MANUAL,0
ROUTE_001705,PLANT03,2024-07-15,PICKER_009,"[2, 3, 4, 5, 6, 7, 8, 9, 11]",9,164.36,4.3,10,10,1,ASTAR,1
ROUTE_001706,PLANT11,2024-04-04,PICKER_010,"[1, 2]",2,24.59,1.35,53,5,1,GREEDY,1
ROUTE_001707,PLANT12,2023-08-06,PICKER_015,"[21, 24, 25]",3,71.17,4.24,56,4,1,GREEDY,0
ROUTE_001708,PLANT15,2023-10-27,PICKER_022,"[1, 3, 5, 6, 9, 13, 20, 21, 22]",9,155.09,5.98,41,9,1,MANUAL,0
ROUTE_001709,PLANT17,2023-12-31,PICKER_013,"[1, 3, 4, 12, 17, 19, 23]",7,135.63,4.97,5,4,1,ASTAR,0
ROUTE_001710,PLANT03,2024-03-18,PICKER_042,"[1, 2, 3, 4, 5, 6, 7, 8, 9, 10]",10,159.29,4.79,13,6,1,DIJKSTRA,0
ROUTE_001711,PLANT19,2024-03-04,PICKER_030,"[3, 4, 5, 7, 8, 9, 12, 13, 21, 22]",10,177.56,5.74,71,9,1,GREEDY,1
ROUTE_001712,PLANT02,2024-04-27,PICKER_049,"[1, 2, 3, 4]",4,56.93,2.15,32,3,1,DIJKSTRA,1
ROUTE_001713,PLANT08,2023-02-26,PICKER_046,"[4, 6, 7, 9, 11, 18, 24, 26, 27]",9,156.77,5.5,53,3,1,GREEDY,0
ROUTE_001714,PLANT03,2023-04-18,PICKER_047,"[2, 7, 8, 9, 10]",5,104.77,4.38,42,8,1,MANUAL,0
ROUTE_001715,PLANT01,2024-09-20,PICKER_035,"[5, 8, 15, 17, 18, 20, 23, 24, 25]",9,149.76,3.84,76,7,1,DIJKSTRA,0
ROUTE_001716,PLANT13,2023-04-13,PICKER_025,"[1, 2, 3, 4, 5, 6, 7, 8, 9, 10]",10,180.48,5.17,67,5,1,GREEDY,1
ROUTE_001717,PLANT06,2024-09-08,PICKER_014,"[1, 6, 9, 11, 12, 17, 20, 23, 27]",9,180.7,5.84,45,1,1,DIJKSTRA,0
ROUTE_001718,PLANT09,2024-08-14,PICKER_030,"[2, 3, 4, 8, 9]",5,124.1,4.19,79,1,1,DIJKSTRA,0
ROUTE_001719,PLANT02,2024-03-17,PICKER_043,"[1, 2, 3, 4, 5, 6]",6,115.48,4.49,57,2,1,MANUAL,1
ROUTE_001720,PLANT06,2024-01-18,PICKER_046,"[6, 10, 13, 23, 28]",5,95.61,4.03,7,2,1,DIJKSTRA,0
ROUTE_001721,PLANT13,2023-06-06,PICKER_028,"[1, 2, 4, 5, 6, 7, 8, 9, 10]",9,200.17,5.55,71,8,1,GREEDY,0
ROUTE_001722,PLANT08,2023-06-07,PICKER_001,"[3, 9, 10, 11, 14, 15, 17, 19, 23, 26]",10,154.25,5.08,63,1,1,MANUAL,1
ROUTE_001723,PLANT07,2024-01-19,PICKER_021,"[3, 4, 5, 6, 7, 10, 11, 12]",8,144.75,3.8,67,3,1,GREEDY,0
ROUTE_001724,PLANT08,2024-10-13,PICKER_036,"[9, 11, 15, 17, 21]",5,97.51,2.67,26,4,1,GREEDY,0
ROUTE_001725,PLANT11,2023-02-26,PICKER_038,"[3, 5]",2,32.59,1.63,64,2,1,DIJKSTRA,0
ROUTE_001726,PLANT13,2024-04-04,PICKER_048,"[1, 3, 5, 6, 8]",5,80.62,2.26,10,2,1,GREEDY,1
ROUTE_001727,PLANT20,2023-12-19,PICKER_050,"[1, 2, 5, 6]",4,80.96,2.33,77,7,1,ASTAR,1
ROUTE_001728,PLANT16,2024-08-10,PICKER_045,"[1, 3, 4, 6, 8, 10, 11, 12, 15, 16]",10,170.76,4.64,79,6,1,MANUAL,0
ROUTE_001729,PLANT20,2023-09-15,PICKER_040,"[1, 2, 4, 5, 6, 7]",6,87.34,3.88,36,6,1,GREEDY,1
ROUTE_001730,PLANT05,2024-06-25,PICKER_006,"[1, 2, 3, 4, 5, 6, 7, 8, 9]",9,107.77,3.73,29,4,1,GREEDY,1
ROUTE_001731,PLANT18,2024-04-19,PICKER_023,"[1, 4, 5, 6, 7, 8, 12, 15, 16]",9,150.37,4.07,5,5,1,MANUAL,0
ROUTE_001732,PLANT06,2023-08-15,PICKER_009,"[11, 12, 24, 28]",4,49.6,2.38,49,7,1,ASTAR,0
ROUTE_001733,PLANT10,2024-06-02,PICKER_036,"[3, 8, 11, 15, 16, 24]",6,89.17,3.27,60,5,1,GREEDY,1
ROUTE_001734,PLANT07,2023-08-27,PICKER_042,"[2, 3, 5, 6, 7, 9]",6,135.81,3.57,77,2,1,GREEDY,0
ROUTE_001735,PLANT12,2024-02-19,PICKER_006,"[3, 4, 13, 19, 22, 23]",6,87.6,3.95,18,4,1,MANUAL,0
ROUTE_001736,PLANT13,2024-05-24,PICKER_038,"[2, 3, 4, 5, 6, 7, 8, 9]",8,141.95,5.23,21,6,1,GREEDY,1
ROUTE_001737,PLANT12,2024-07-13,PICKER_014,"[7, 10, 11, 19, 24, 25]",6,95.69,2.49,7,1,1,DIJKSTRA,1
ROUTE_001738,PLANT19,2023-04-12,PICKER_011,"[2, 6, 8, 10, 11, 15, 16, 18, 22]",9,147.59,4.26,71,3,1,ASTAR,1
ROUTE_001739,PLANT05,2024-04-22,PICKER_014,"[2, 3, 5, 6, 9]",5,106.72,4.03,43,10,1,DIJKSTRA,1
ROUTE_001740,PLANT07,2024-04-11,PICKER_039,"[1, 2, 5, 9, 12]",5,81.25,2.3,5,2,1,DIJKSTRA,1
ROUTE_001741,PLANT11,2023-09-09,PICKER_046,"[1, 2, 3, 4, 5]",5,90.27,3.76,15,2,1,GREEDY,0
ROUTE_001742,PLANT01,2023-07-06,PICKER_046,"[2, 16, 22]",3,46.42,1.8,40,1,1,MANUAL,1
ROUTE_001743,PLANT07,2024-02-17,PICKER_030,"[2, 4, 5, 8, 10]",5,93.43,2.64,11,9,1,MANUAL,1
ROUTE_001744,PLANT05,2024-08-27,PICKER_009,"[1, 3, 4, 5, 6, 7, 8, 9]",8,125.63,5.2,42,2,1,ASTAR,0
ROUTE_001745,PLANT16,2024-08-31,PICKER_017,"[4, 6, 8, 9, 10, 11]",6,112.51,3.73,63,2,1,ASTAR,0
ROUTE_001746,PLANT18,2024-08-07,PICKER_002,"[2, 9, 11, 12, 13, 15]",6,83.29,4.21,57,3,1,MANUAL,0
ROUTE_001747,PLANT10,2023-12-04,PICKER_027,"[1, 4, 8, 9, 16, 17]",6,113.65,4.85,26,6,1,GREEDY,1
ROUTE_001748,PLANT18,2023-03-10,PICKER_003,"[2, 9, 14, 16]",4,73.53,2.74,6,6,1,DIJKSTRA,1
ROUTE_001749,PLANT03,2024-07-25,PICKER_010,"[1, 5, 6, 7, 8, 9, 10, 11]",8,121.73,3.05,64,3,1,ASTAR,0
ROUTE_001750,PLANT06,2023-04-28,PICKER_011,"[1, 3, 4, 14, 17, 21, 24, 25, 26, 28]",10,167.57,5.68,70,2,1,DIJKSTRA,1
ROUTE_001751,PLANT15,2023-09-21,PICKER_011,"[1, 7, 11, 12, 17, 18]",6,81.36,4.36,6,8,1,ASTAR,0
ROUTE_001752,PLANT03,2023-05-23,PICKER_041,"[2, 3, 4, 7]",4,90.61,3.48,60,5,1,MANUAL,0
ROUTE_001753,PLANT19,2023-07-30,PICKER_012,"[1, 3, 8, 9, 12, 15, 20, 22, 23]",9,169.4,5.69,6,7,1,MANUAL,1
ROUTE_001754,PLANT19,2023-06-24,PICKER_006,"[1, 3, 8, 13, 21, 23]",6,147.18,5.91,34,1,1,GREEDY,0
ROUTE_001755,PLANT04,2023-12-09,PICKER_042,"[3, 8, 16, 19, 20]",5,94.1,3.52,14,1,1,ASTAR,0
ROUTE_001756,PLANT20,2023-01-01,PICKER_008,"[1, 2, 3, 4, 5, 6, 7]",7,122.81,3.17,42,7,1,ASTAR,1
ROUTE_001757,PLANT04,2023-12-15,PICKER_046,"[3, 5, 6, 8, 9, 10, 12, 15, 16]",9,183.8,4.33,67,1,1,MANUAL,1
ROUTE_001758,PLANT09,2023-01-18,PICKER_038,"[2, 3, 5, 6, 9, 10]",6,132.35,3.63,53,3,1,MANUAL,0
ROUTE_001759,PLANT16,2023-11-26,PICKER_030,"[1, 2, 7, 8, 11, 16]",6,101.24,4.99,47,2,1,ASTAR,0
ROUTE_001760,PLANT07,2023-03-25,PICKER_030,"[4, 5, 10, 11, 12]",5,116.8,4.87,29,4,1,ASTAR,0
ROUTE_001761,PLANT05,2024-01-03,PICKER_043,"[1, 3, 4, 5, 6, 7, 9]",7,125.68,5.06,78,8,1,ASTAR,1
ROUTE_001762,PLANT12,2024-04-14,PICKER_047,"[1, 6, 7, 8, 11, 12, 14, 16, 17, 23]",10,152.41,4.72,10,10,1,GREEDY,0
ROUTE_001763,PLANT20,2023-05-01,PICKER_014,"[1, 2, 4, 6, 7]",5,93.01,4.65,74,5,1,MANUAL,0
ROUTE_001764,PLANT09,2023-12-11,PICKER_039,"[4, 6, 8, 10]",4,75.68,3.37,42,9,1,DIJKSTRA,0
ROUTE_001765,PLANT05,2024-09-18,PICKER_045,"[1, 2, 3, 6, 8]",5,68.65,2.7,27,3,1,MANUAL,0
ROUTE_001766,PLANT11,2023-03-27,PICKER_023,"[2, 3, 4, 5]",4,77.77,2.27,15,2,1,DIJKSTRA,0
ROUTE_001767,PLANT04,2023-07-26,PICKER_033,"[5, 11, 14, 17, 20]",5,75.98,3.54,61,3,1,ASTAR,0
ROUTE_001768,PLANT02,2023-03-01,PICKER_023,"[1, 3, 4, 5, 6]",5,80.88,3.75,13,6,1,GREEDY,0
ROUTE_001769,PLANT11,2023-10-15,PICKER_014,"[4, 5]",2,30.35,2.11,35,3,1,MANUAL,1
ROUTE_001770,PLANT07,2024-09-05,PICKER_035,"[1, 5, 8, 9]",4,52.8,2.55,16,2,1,MANUAL,0
ROUTE_001771,PLANT08,2023-10-04,PICKER_048,"[5, 9, 10, 13, 19, 24, 26]",7,159.72,3.91,33,9,1,GREEDY,1
ROUTE_001772,PLANT18,2024-11-17,PICKER_038,"[1, 2, 3, 4, 5, 8, 9, 15]",8,138.23,5.63,65,8,1,MANUAL,0
ROUTE_001773,PLANT05,2023-03-18,PICKER_047,"[1, 3, 4, 5, 7, 8]",6,106.64,5.06,68,3,1,DIJKSTRA,1
ROUTE_001774,PLANT16,2023-05-21,PICKER_030,"[1, 4, 8, 12, 14]",5,68.72,3.55,59,1,1,GREEDY,0
ROUTE_001775,PLANT01,2023-09-08,PICKER_003,"[2, 4, 6, 9, 20, 21, 23, 25]",8,147.54,5.8,80,2,1,ASTAR,1
ROUTE_001776,PLANT13,2024-06-14,PICKER_017,"[2, 4, 7, 8]",4,69.03,2.46,38,6,1,GREEDY,0
ROUTE_001777,PLANT17,2023-10-08,PICKER_031,"[5, 10, 13, 14, 17]",5,76.37,3.96,61,3,1,ASTAR,1
ROUTE_001778,PLANT08,2023-03-12,PICKER_021,"[1, 5, 12, 17, 20, 26, 28]",7,109.48,3.47,59,10,1,DIJKSTRA,0
ROUTE_001779,PLANT12,2024-10-15,PICKER_025,"[1, 2, 3, 8, 12, 13, 17, 19, 20, 25]",10,130.51,3.89,80,10,1,GREEDY,0
ROUTE_001780,PLANT08,2023-12-03,PICKER_037,"[12, 14, 15, 16, 19, 25]",6,94.09,3.77,71,1,1,DIJKSTRA,0
ROUTE_001781,PLANT18,2024-12-04,PICKER_042,"[2, 8, 9, 10, 11, 13, 14, 15, 16]",9,140.42,4.29,18,7,1,MANUAL,1
ROUTE_001782,PLANT20,2023-06-13,PICKER_050,"[1, 2, 5, 6, 7]",5,64.1,2.99,23,5,1,GREEDY,0
ROUTE_001783,PLANT14,2023-12-04,PICKER_002,"[1, 3, 5, 7, 9, 17, 24, 25]",8,102.64,4.13,39,2,1,MANUAL,1
ROUTE_001784,PLANT18,2023-08-16,PICKER_016,"[1, 2, 4, 5, 11, 13, 14, 15, 16]",9,167.9,5.8,72,5,1,GREEDY,1
ROUTE_001785,PLANT16,2024-06-25,PICKER_020,"[9, 11]",2,49.95,2.49,80,1,1,MANUAL,0
ROUTE_001786,PLANT03,2023-08-02,PICKER_023,"[1, 2, 4, 5, 7, 9]",6,117.3,3.34,49,7,1,GREEDY,0
ROUTE_001787,PLANT08,2024-09-06,PICKER_024,"[4, 10, 12, 16, 17, 27]",6,92.79,4.21,53,8,1,ASTAR,1
ROUTE_001788,PLANT01,2024-03-10,PICKER_033,"[2, 5, 8, 9, 13, 14, 20, 21]",8,145.4,5.68,75,1,1,MANUAL,1
ROUTE_001789,PLANT20,2023-10-12,PICKER_012,"[1, 2, 3, 4, 5, 6, 7]",7,126.92,5.06,33,10,1,MANUAL,0
ROUTE_001790,PLANT16,2023-11-13,PICKER_045,"[1, 4, 5, 6, 8, 9, 10, 13, 15, 16]",10,192.85,6.71,23,1,1,DIJKSTRA,0
ROUTE_001791,PLANT11,2023-03-12,PICKER_027,"[1, 4, 5]",3,40.18,2.04,17,4,1,ASTAR,0
ROUTE_001792,PLANT11,2024-07-10,PICKER_046,"[4, 5]",2,31.76,2.08,79,7,1,GREEDY,1
ROUTE_001793,PLANT01,2024-07-17,PICKER_022,"[16, 19, 24, 25]",4,77.05,2.68,77,2,1,ASTAR,1
ROUTE_001794,PLANT19,2023-02-18,PICKER_014,"[1, 6, 7, 14, 18]",5,116.95,4.97,78,9,1,MANUAL,0
ROUTE_001795,PLANT19,2024-11-22,PICKER_050,"[2, 7, 12, 14, 15, 17, 19, 20, 23]",9,157.4,4.51,18,1,1,GREEDY,0
ROUTE_001796,PLANT05,2024-09-21,PICKER_042,"[1, 3, 4, 5, 6, 7, 8, 9]",8,144.02,5.12,77,3,1,GREEDY,1
ROUTE_001797,PLANT16,2023-04-17,PICKER_021,"[2, 3, 4, 5, 6, 7, 10, 15, 16]",9,140.88,3.51,9,7,1,GREEDY,0
ROUTE_001798,PLANT17,2023-08-03,PICKER_037,"[3, 9, 12, 13, 17]",5,78.31,3.81,19,10,1,ASTAR,0
ROUTE_001799,PLANT14,2024-10-09,PICKER_015,"[2, 3, 10, 11, 12, 17, 22, 24, 25, 29]",10,178.75,6.54,16,3,1,GREEDY,0
ROUTE_001800,PLANT05,2023-01-20,PICKER_046,"[1, 2, 6, 7, 8, 9]",6,81.91,3.97,14,7,1,MANUAL,1
ROUTE_001801,PLANT07,2023-02-19,PICKER_050,"[2, 3, 4, 5, 6, 7, 9, 10, 11, 12]",10,173.8,5.19,37,10,1,GREEDY,1
ROUTE_001802,PLANT04,2023-02-02,PICKER_011,"[3, 14]",2,46.84,3.84,41,8,1,GREEDY,1
ROUTE_001803,PLANT12,2024-11-28,PICKER_007,"[1, 2, 6, 10, 12, 15, 17, 19, 20]",9,174.4,4.38,6,5,1,GREEDY,0
ROUTE_001804,PLANT04,2024-09-13,PICKER_049,"[4, 7, 8, 9, 12, 15, 16, 17, 18, 19]",10,148.85,5.93,37,4,1,MANUAL,1
ROUTE_001805,PLANT16,2024-07-17,PICKER_013,"[3, 10, 14]",3,54.54,2.52,51,7,1,ASTAR,1
ROUTE_001806,PLANT01,2023-01-26,PICKER_020,"[6, 11, 15, 25]",4,82.04,2.97,46,5,1,ASTAR,0
ROUTE_001807,PLANT10,2024-08-31,PICKER_037,"[9, 15, 16, 18]",4,89.71,4.72,6,7,1,MANUAL,1
ROUTE_001808,PLANT19,2024-10-21,PICKER_020,"[1, 6, 9, 18, 22, 23]",6,80.76,4.39,48,10,1,GREEDY,0
ROUTE_001809,PLANT17,2024-07-19,PICKER_019,"[1, 5, 7, 8, 9, 10, 11, 15, 19, 20]",10,211.53,6.17,31,10,1,GREEDY,1
ROUTE_001810,PLANT13,2023-12-15,PICKER_049,"[1, 2, 3, 4, 7, 8, 9, 10]",8,110.71,4.35,6,9,1,MANUAL,0
ROUTE_001811,PLANT18,2024-07-22,PICKER_016,"[4, 7, 8, 9, 15]",5,96.86,4.35,76,3,1,DIJKSTRA,1
ROUTE_001812,PLANT11,2023-11-10,PICKER_048,"[1, 2, 3, 5]",4,80.21,4.23,36,7,1,ASTAR,1
ROUTE_001813,PLANT13,2023-01-07,PICKER_035,"[1, 2, 4, 5, 6, 10]",6,67.57,2.64,7,4,1,MANUAL,0
ROUTE_001814,PLANT09,2023-08-29,PICKER_035,"[1, 2, 3, 4, 7, 9]",6,105.37,3.3,28,6,1,DIJKSTRA,1
ROUTE_001815,PLANT20,2023-10-19,PICKER_048,"[1, 2, 3, 4, 5, 7]",6,129.05,4.44,24,10,1,MANUAL,0
ROUTE_001816,PLANT03,2024-04-19,PICKER_042,"[1, 5, 8, 9, 10]",5,84.78,2.82,8,7,1,ASTAR,0
ROUTE_001817,PLANT02,2023-07-30,PICKER_029,"[2, 4, 6]",3,38.97,2.72,55,9,1,DIJKSTRA,0
ROUTE_001818,PLANT20,2023-11-26,PICKER_048,"[3, 5, 6]",3,51.72,1.95,60,1,1,DIJKSTRA,0
ROUTE_001819,PLANT17,2024-05-02,PICKER_044,"[3, 15]",2,33.37,3.58,26,6,1,MANUAL,0
ROUTE_001820,PLANT05,2024-02-16,PICKER_008,"[3, 5, 7]",3,48.38,3.47,35,8,1,GREEDY,0
ROUTE_001821,PLANT02,2023-11-09,PICKER_027,"[4, 5, 6]",3,54.45,3.16,27,9,1,MANUAL,1
ROUTE_001822,PLANT10,2023-05-08,PICKER_050,"[2, 3, 6, 7, 9, 13, 17, 18, 23]",9,136.27,3.38,30,2,1,MANUAL,0
ROUTE_001823,PLANT18,2023-04-26,PICKER_020,"[2, 6, 8, 9, 10, 11, 14, 15, 16]",9,154.62,5.03,40,5,1,ASTAR,1
ROUTE_001824,PLANT06,2024-03-25,PICKER_027,"[6, 7, 11, 18, 21]",5,83.07,2.78,39,10,1,MANUAL,1
ROUTE_001825,PLANT01,2024-05-30,PICKER_001,"[6, 12]",2,37.14,2.23,40,2,1,ASTAR,1
ROUTE_001826,PLANT20,2023-04-26,PICKER_009,"[3, 6]",2,25.25,1.78,78,8,1,GREEDY,0
ROUTE_001827,PLANT10,2023-06-12,PICKER_008,"[2, 4, 14, 16, 17, 20, 21, 23, 24]",9,146.77,4.43,5,7,1,MANUAL,0
ROUTE_001828,PLANT18,2023-12-21,PICKER_043,"[1, 3, 5, 6, 7, 8, 10, 11, 13]",9,162.25,6.22,76,5,1,MANUAL,0
ROUTE_001829,PLANT18,2024-08-27,PICKER_015,"[3, 4, 5, 6, 8, 9, 10, 12, 16]",9,172.29,4.45,65,1,1,MANUAL,0
ROUTE_001830,PLANT04,2024-06-12,PICKER_021,"[1, 4, 5, 7, 11, 12, 14, 15, 16, 18]",10,177.67,6.23,7,2,1,MANUAL,0
ROUTE_001831,PLANT12,2024-08-12,PICKER_014,"[2, 3, 11, 15, 17, 19, 20, 23, 25]",9,205.47,5.33,52,1,1,GREEDY,0
ROUTE_001832,PLANT13,2023-08-24,PICKER_048,"[2, 6, 7, 8, 9]",5,94.88,4.75,8,7,1,GREEDY,0
ROUTE_001833,PLANT19,2024-04-21,PICKER_040,"[6, 8, 13]",3,64.21,3.42,41,4,1,GREEDY,0
ROUTE_001834,PLANT04,2023-09-09,PICKER_026,"[10, 12, 19]",3,76.77,3.11,63,5,1,MANUAL,1
ROUTE_001835,PLANT09,2024-05-19,PICKER_025,"[1, 4, 7, 9]",4,66.25,4.32,75,3,1,MANUAL,1
ROUTE_001836,PLANT14,2024-12-31,PICKER_018,"[1, 3, 6, 10, 12, 18, 22, 27, 28]",9,175.73,4.13,61,2,1,MANUAL,1
ROUTE_001837,PLANT10,2024-10-06,PICKER_042,"[6, 10, 11, 12, 17, 18, 21]",7,92.8,2.96,20,4,1,DIJKSTRA,0
ROUTE_001838,PLANT09,2024-07-08,PICKER_050,"[2, 4, 6, 7, 10]",5,88.67,3.39,69,2,1,ASTAR,0
ROUTE_001839,PLANT04,2023-04-23,PICKER_040,"[2, 6, 8, 13, 15, 17, 18, 19]",8,151.27,3.68,74,8,1,MANUAL,1
ROUTE_001840,PLANT12,2024-02-02,PICKER_028,"[10, 12]",2,36.1,1.69,45,10,1,MANUAL,0
ROUTE_001841,PLANT05,2024-02-12,PICKER_025,"[4, 6, 7, 8, 9]",5,77.43,2.96,26,6,1,MANUAL,1
ROUTE_001842,PLANT16,2023-02-10,PICKER_014,"[3, 8, 11, 15]",4,68.01,3.05,31,9,1,MANUAL,0
ROUTE_001843,PLANT16,2024-05-13,PICKER_035,"[4, 5, 7, 11, 12, 13, 16]",7,100.16,3.19,40,7,1,GREEDY,0
ROUTE_001844,PLANT10,2024-05-27,PICKER_033,"[6, 7, 8, 20, 23, 24]",6,121.92,3.67,44,4,1,GREEDY,0
ROUTE_001845,PLANT20,2024-06-05,PICKER_040,"[4, 5, 7]",3,51.41,2.11,10,3,1,MANUAL,0
ROUTE_001846,PLANT16,2024-10-15,PICKER_004,"[9, 10, 15]",3,68.23,2.25,46,2,1,MANUAL,1
ROUTE_001847,PLANT12,2024-09-08,PICKER_014,"[5, 22]",2,33.33,2.54,77,10,1,MANUAL,1
ROUTE_001848,PLANT03,2024-10-27,PICKER_043,"[3, 8]",2,32.93,2.53,25,8,1,DIJKSTRA,1
ROUTE_001849,PLANT07,2024-04-28,PICKER_019,"[3, 5, 6, 7, 8, 9, 10, 12]",8,133.44,3.91,36,9,1,GREEDY,1
ROUTE_001850,PLANT12,2023-04-25,PICKER_043,"[3, 11, 12, 24]",4,78.51,2.69,39,10,1,GREEDY,0
ROUTE_001851,PLANT16,2024-02-15,PICKER_012,"[3, 5, 8, 9, 11, 12, 13, 14]",8,174.62,5.35,78,7,1,ASTAR,1
ROUTE_001852,PLANT07,2024-02-28,PICKER_007,"[1, 2, 3, 5, 7, 8, 10]",7,83.31,2.93,64,6,1,GREEDY,0
ROUTE_001853,PLANT19,2023-02-07,PICKER_033,"[2, 5, 7, 8, 12, 21]",6,77.34,3.07,14,10,1,GREEDY,0
ROUTE_001854,PLANT15,2023-06-17,PICKER_039,"[4, 9, 10, 12, 14, 21, 25]",7,119.01,4.64,38,7,1,DIJKSTRA,1
ROUTE_001855,PLANT06,2023-07-25,PICKER_015,"[5, 9, 25]",3,59.59,3.71,54,4,1,GREEDY,1
ROUTE_001856,PLANT20,2024-08-06,PICKER_010,"[4, 7]",2,42.52,1.37,30,10,1,GREEDY,1
ROUTE_001857,PLANT06,2023-09-08,PICKER_036,"[1, 2, 7, 9, 11, 15, 19, 23, 26, 28]",10,166.18,6.32,67,5,1,DIJKSTRA,1
ROUTE_001858,PLANT12,2023-09-18,PICKER_007,"[7, 10, 11, 15]",4,80.91,4.24,72,3,1,DIJKSTRA,0
ROUTE_001859,PLANT20,2024-11-27,PICKER_008,"[6, 7]",2,25.26,3.21,43,10,1,MANUAL,0
ROUTE_001860,PLANT18,2023-08-13,PICKER_007,"[1, 4, 6, 9, 11, 13, 14]",7,113.07,5.1,18,2,1,DIJKSTRA,1
ROUTE_001861,PLANT01,2023-10-19,PICKER_023,"[6, 9, 10, 14, 17, 18, 26]",7,107.6,3.45,12,2,1,ASTAR,1
ROUTE_001862,PLANT20,2023-01-17,PICKER_049,"[1, 3, 4, 5, 7]",5,99.49,3.56,50,2,1,ASTAR,1
ROUTE_001863,PLANT09,2023-09-05,PICKER_008,"[1, 5, 7]",3,66.84,2.57,74,2,1,MANUAL,0
ROUTE_001864,PLANT14,2024-09-12,PICKER_032,"[16, 18, 21, 28]",4,78.49,4.22,12,6,1,MANUAL,0
ROUTE_001865,PLANT01,2023-02-12,PICKER_002,"[1, 2, 3, 5, 14, 21, 23, 25]",8,117.33,3.99,56,8,1,DIJKSTRA,0
ROUTE_001866,PLANT19,2024-01-08,PICKER_019,"[2, 7, 9, 10, 11, 17, 19, 23]",8,125.12,4.26,56,9,1,GREEDY,0
ROUTE_001867,PLANT04,2024-12-15,PICKER_011,"[2, 7, 12, 13, 15, 16, 17, 18]",8,175.6,4.21,6,1,1,GREEDY,0
ROUTE_001868,PLANT20,2023-07-25,PICKER_021,"[2, 3, 4, 5, 6, 7]",6,110.46,4.34,22,7,1,ASTAR,0
ROUTE_001869,PLANT01,2023-03-02,PICKER_026,"[5, 14, 15, 16, 17, 19]",6,110.1,4.77,11,6,1,GREEDY,1
ROUTE_001870,PLANT14,2023-06-25,PICKER_018,"[2, 3, 7, 9, 12, 17, 22]",7,111.41,3.94,30,1,1,ASTAR,0
ROUTE_001871,PLANT09,2024-04-11,PICKER_047,"[1, 2, 3, 5, 6, 8, 10]",7,137.85,4.68,32,6,1,MANUAL,1
ROUTE_001872,PLANT07,2023-04-13,PICKER_030,"[3, 4, 6, 9, 10]",5,101.86,3.04,20,8,1,ASTAR,1
ROUTE_001873,PLANT01,2023-08-18,PICKER_008,"[22, 25]",2,28.0,2.2,72,2,1,ASTAR,0
ROUTE_001874,PLANT06,2023-12-22,PICKER_002,"[4, 9, 10, 14, 15, 20, 24]",7,109.57,4.07,62,4,1,DIJKSTRA,0
ROUTE_001875,PLANT18,2024-02-11,PICKER_010,"[1, 4, 6, 7, 8, 11, 12, 13, 14]",9,159.28,4.89,56,4,1,MANUAL,1
ROUTE_001876,PLANT11,2023-08-22,PICKER_012,"[2, 3, 4]",3,71.59,4.32,42,9,1,DIJKSTRA,0
ROUTE_001877,PLANT13,2024-12-22,PICKER_001,"[2, 8]",2,40.2,1.94,75,9,1,GREEDY,0
ROUTE_001878,PLANT07,2024-03-09,PICKER_001,"[3, 4, 6]",3,57.91,3.33,33,1,1,MANUAL,0
ROUTE_001879,PLANT20,2024-12-14,PICKER_010,"[1, 6, 7]",3,53.85,3.35,80,5,1,ASTAR,0
ROUTE_001880,PLANT18,2023-06-21,PICKER_008,"[9, 10, 16]",3,36.59,2.9,32,1,1,DIJKSTRA,0
ROUTE_001881,PLANT17,2024-07-31,PICKER_008,"[2, 4, 10, 16, 18, 19]",6,98.5,3.63,51,1,1,MANUAL,1
ROUTE_001882,PLANT14,2023-04-29,PICKER_015,"[2, 8, 12, 14, 26, 28]",6,72.01,2.91,80,1,1,DIJKSTRA,0
ROUTE_001883,PLANT01,2023-05-20,PICKER_003,"[7, 11, 15, 17, 18, 19, 20, 21, 22, 25]",10,162.1,5.66,47,4,1,MANUAL,1
ROUTE_001884,PLANT09,2023-03-25,PICKER_004,"[2, 3, 4, 5, 7, 8, 9]",7,141.84,5.32,58,5,1,DIJKSTRA,1
ROUTE_001885,PLANT12,2024-08-13,PICKER_048,"[1, 2, 3, 6, 12, 17, 18, 20, 21]",9,151.79,4.48,29,3,1,ASTAR,1
ROUTE_001886,PLANT12,2023-10-30,PICKER_008,"[1, 3, 6, 8, 9, 13, 14, 15, 16, 24]",10,177.27,5.06,31,6,1,GREEDY,1
ROUTE_001887,PLANT08,2023-09-25,PICKER_031,"[13, 18, 20, 24, 28]",5,87.18,4.65,21,4,1,GREEDY,0
ROUTE_001888,PLANT09,2023-09-20,PICKER_043,"[1, 2, 4, 6, 7, 8, 9, 10]",8,124.32,4.12,64,9,1,ASTAR,0
ROUTE_001889,PLANT06,2023-12-23,PICKER_027,"[3, 6, 10, 11, 20, 23, 25]",7,132.54,4.08,44,4,1,MANUAL,1
ROUTE_001890,PLANT05,2023-10-02,PICKER_022,"[1, 4, 5]",3,48.06,1.96,74,6,1,MANUAL,1
ROUTE_001891,PLANT14,2023-07-06,PICKER_026,"[2, 5, 6, 12, 13, 15, 24, 25, 26, 28]",10,140.08,3.36,53,7,1,GREEDY,0
ROUTE_001892,PLANT12,2023-06-20,PICKER_037,"[1, 2, 4, 6, 10, 12, 13, 15, 23, 25]",10,181.9,6.35,70,6,1,GREEDY,1
ROUTE_001893,PLANT05,2024-06-26,PICKER_019,"[1, 6, 7]",3,65.41,1.94,46,10,1,GREEDY,0
ROUTE_001894,PLANT05,2023-07-27,PICKER_047,"[2, 9]",2,43.18,2.7,45,8,1,ASTAR,1
ROUTE_001895,PLANT02,2023-06-16,PICKER_041,"[1, 2, 3, 4, 5]",5,98.83,4.45,41,2,1,ASTAR,1
ROUTE_001896,PLANT08,2023-02-02,PICKER_035,"[11, 13, 18]",3,75.26,2.88,19,2,1,GREEDY,0
ROUTE_001897,PLANT02,2024-05-03,PICKER_012,"[1, 3, 4, 5, 6]",5,96.31,4.51,73,8,1,MANUAL,0
ROUTE_001898,PLANT11,2023-07-13,PICKER_048,"[1, 2]",2,32.97,2.35,57,4,1,ASTAR,0
ROUTE_001899,PLANT07,2024-03-16,PICKER_005,"[3, 4, 6, 9, 11]",5,92.54,3.18,48,4,1,GREEDY,0
ROUTE_001900,PLANT01,2024-11-08,PICKER_039,"[1, 5, 8, 10, 15, 25]",6,117.27,4.14,56,2,1,MANUAL,0
ROUTE_001901,PLANT15,2023-08-29,PICKER_009,"[2, 6, 10, 11, 14, 17, 19, 21, 22]",9,127.33,4.87,47,8,1,ASTAR,0
ROUTE_001902,PLANT10,2024-03-01,PICKER_033,"[1, 6, 12, 14, 15, 16, 17, 20, 23]",9,167.94,6.16,72,9,1,GREEDY,0
ROUTE_001903,PLANT14,2024-03-01,PICKER_006,"[8, 9, 11, 13, 20, 23, 25, 28]",8,127.44,4.4,26,9,1,MANUAL,1
ROUTE_001904,PLANT07,2023-03-29,PICKER_029,"[5, 6, 7, 10]",4,74.51,3.09,51,3,1,MANUAL,0
ROUTE_001905,PLANT09,2024-04-01,PICKER_021,"[1, 4, 5, 8, 10]",5,83.56,2.29,70,1,1,ASTAR,1
ROUTE_001906,PLANT06,2023-04-14,PICKER_047,"[2, 6, 8, 11, 13, 21, 25, 28]",8,164.43,5.69,23,5,1,GREEDY,1
ROUTE_001907,PLANT11,2024-10-16,PICKER_018,"[1, 2, 3, 4, 5]",5,93.48,4.25,32,8,1,MANUAL,0
ROUTE_001908,PLANT05,2024-01-28,PICKER_028,"[2, 6, 7]",3,35.44,1.87,57,10,1,DIJKSTRA,1
ROUTE_001909,PLANT08,2024-03-30,PICKER_012,"[20, 25, 29]",3,75.92,3.11,43,8,1,DIJKSTRA,1
ROUTE_001910,PLANT13,2024-11-28,PICKER_023,"[1, 2, 3, 4, 5, 6, 7, 8, 9, 10]",10,150.83,3.56,52,5,1,ASTAR,1
ROUTE_001911,PLANT10,2024-05-18,PICKER_041,"[9, 12, 14, 18, 21]",5,113.92,4.0,34,10,1,DIJKSTRA,0
ROUTE_001912,PLANT12,2023-04-10,PICKER_031,"[1, 3, 5, 6, 9, 14, 22, 23, 25]",9,209.9,6.44,32,6,1,DIJKSTRA,0
ROUTE_001913,PLANT09,2023-09-18,PICKER_019,"[1, 2, 5, 6, 7, 8, 9, 10]",8,146.97,4.38,18,3,1,DIJKSTRA,0
ROUTE_001914,PLANT07,2023-01-18,PICKER_044,"[1, 2, 3, 4, 6, 7, 8, 9, 10, 12]",10,172.45,4.14,56,10,1,MANUAL,1
ROUTE_001915,PLANT04,2024-04-02,PICKER_002,"[3, 5, 9, 12, 15, 17]",6,94.4,3.9,25,7,1,ASTAR,1
ROUTE_001916,PLANT10,2024-03-24,PICKER_032,"[2, 6, 7, 8, 9, 13, 16, 19, 24]",9,142.07,3.87,6,4,1,ASTAR,0
ROUTE_001917,PLANT14,2024-11-22,PICKER_039,"[3, 5, 10, 14, 16, 17, 23, 26, 27]",9,204.4,5.37,30,9,1,GREEDY,0
ROUTE_001918,PLANT01,2024-06-15,PICKER_049,"[4, 9, 13, 17]",4,49.39,2.01,49,9,1,DIJKSTRA,1
ROUTE_001919,PLANT16,2023-11-07,PICKER_022,"[1, 4, 5, 10, 11, 13, 14, 15, 16]",9,193.8,6.05,45,2,1,MANUAL,0
ROUTE_001920,PLANT07,2023-11-25,PICKER_045,"[4, 8]",2,37.36,3.7,59,6,1,MANUAL,0
ROUTE_001921,PLANT01,2023-09-04,PICKER_014,"[11, 13, 14, 16, 19, 20]",6,112.47,3.79,20,1,1,MANUAL,0
ROUTE_001922,PLANT05,2024-08-23,PICKER_037,"[2, 3, 4, 5, 6, 7, 8]",7,138.8,3.44,45,4,1,MANUAL,0
ROUTE_001923,PLANT07,2024-11-21,PICKER_005,"[1, 5, 6]",3,52.8,3.55,32,8,1,MANUAL,0
ROUTE_001924,PLANT08,2023-04-21,PICKER_011,"[4, 6, 7, 8, 9, 15, 18]",7,141.89,5.03,65,7,1,MANUAL,1
ROUTE_001925,PLANT20,2023-12-03,PICKER_050,"[2, 3, 4, 7]",4,75.0,3.8,48,5,1,GREEDY,0
ROUTE_001926,PLANT05,2023-01-05,PICKER_010,"[1, 2, 6, 8]",4,62.71,3.87,38,10,1,ASTAR,1
ROUTE_001927,PLANT08,2024-01-11,PICKER_044,"[10, 15, 21, 27, 28]",5,80.09,3.68,39,1,1,ASTAR,1
ROUTE_001928,PLANT17,2024-06-24,PICKER_031,"[12, 22]",2,26.15,3.11,25,9,1,DIJKSTRA,1
ROUTE_001929,PLANT08,2024-05-11,PICKER_040,"[1, 15, 17]",3,57.97,3.69,44,7,1,MANUAL,1
ROUTE_001930,PLANT19,2023-08-18,PICKER_020,"[8, 10, 22]",3,40.8,1.97,9,5,1,GREEDY,1
ROUTE_001931,PLANT01,2024-01-12,PICKER_036,"[3, 7, 14, 21, 25]",5,79.09,4.51,50,2,1,ASTAR,1
ROUTE_001932,PLANT02,2024-11-03,PICKER_003,"[2, 5, 6]",3,43.9,3.65,18,1,1,DIJKSTRA,1
ROUTE_001933,PLANT18,2024-06-03,PICKER_031,"[1, 2, 4, 5, 9, 12]",6,95.5,4.84,54,7,1,GREEDY,1
ROUTE_001934,PLANT12,2023-10-18,PICKER_032,"[2, 4, 5, 8, 11, 18, 20, 21, 24]",9,142.78,5.1,59,6,1,GREEDY,1
ROUTE_001935,PLANT17,2023-04-17,PICKER_004,"[2, 3, 4, 7, 10, 11, 14, 17, 18]",9,159.21,5.35,19,4,1,MANUAL,1
ROUTE_001936,PLANT18,2024-12-18,PICKER_010,"[1, 5, 8, 13, 15, 16]",6,107.59,2.93,31,7,1,MANUAL,0
ROUTE_001937,PLANT08,2023-01-23,PICKER_001,"[2, 4, 9, 10, 15, 22, 27, 28]",8,167.32,5.49,15,4,1,DIJKSTRA,0
ROUTE_001938,PLANT16,2024-06-12,PICKER_029,"[3, 4, 10, 12, 13]",5,110.38,4.65,35,2,1,ASTAR,0
ROUTE_001939,PLANT20,2023-05-26,PICKER_037,"[4, 5]",2,37.47,2.83,27,4,1,MANUAL,1
ROUTE_001940,PLANT15,2023-08-19,PICKER_019,"[8, 9]",2,22.67,1.81,19,1,1,MANUAL,0
ROUTE_001941,PLANT19,2023-10-15,PICKER_042,"[3, 10, 19, 21]",4,58.4,1.9,59,8,1,DIJKSTRA,1
ROUTE_001942,PLANT09,2024-08-09,PICKER_028,"[1, 2, 3, 4, 5, 6, 8, 9, 10]",9,164.22,3.98,70,7,1,MANUAL,0
ROUTE_001943,PLANT07,2024-09-10,PICKER_015,"[8, 10, 11, 12]",4,69.19,1.98,63,8,1,ASTAR,1
ROUTE_001944,PLANT09,2024-09-11,PICKER_002,"[2, 6, 7]",3,60.89,4.02,39,7,1,ASTAR,1
ROUTE_001945,PLANT05,2024-04-01,PICKER_015,"[1, 4, 5, 6]",4,84.09,4.36,33,10,1,DIJKSTRA,1
ROUTE_001946,PLANT01,2023-12-01,PICKER_035,"[6, 8, 9, 11, 14, 20, 21, 24, 25]",9,194.31,6.49,33,1,1,MANUAL,0
ROUTE_001947,PLANT19,2023-07-29,PICKER_050,"[1, 10, 21, 22]",4,69.11,2.47,76,3,1,DIJKSTRA,0
ROUTE_001948,PLANT03,2023-08-29,PICKER_002,"[1, 3, 5, 6, 7, 8, 10, 11]",8,133.34,4.38,74,2,1,MANUAL,1
ROUTE_001949,PLANT10,2023-03-21,PICKER_025,"[18, 24]",2,32.58,3.52,21,4,1,MANUAL,0
ROUTE_001950,PLANT15,2024-08-04,PICKER_024,"[2, 3, 4, 7, 15, 25]",6,130.63,4.89,67,1,1,MANUAL,1
ROUTE_001951,PLANT11,2024-01-20,PICKER_003,"[1, 5]",2,33.59,2.01,14,1,1,GREEDY,0
ROUTE_001952,PLANT03,2023-08-04,PICKER_015,"[7, 8, 10, 11]",4,68.12,3.97,72,4,1,GREEDY,1
ROUTE_001953,PLANT02,2024-02-25,PICKER_018,"[1, 2, 4, 5, 6]",5,84.73,2.4,35,9,1,MANUAL,1
ROUTE_001954,PLANT05,2024-10-13,PICKER_029,"[3, 6]",2,49.58,2.55,6,2,1,GREEDY,0
ROUTE_001955,PLANT17,2023-07-04,PICKER_013,"[12, 13, 16]",3,70.14,3.98,73,4,1,MANUAL,0
ROUTE_001956,PLANT01,2024-04-30,PICKER_023,"[4, 11, 14, 16, 18, 25]",6,86.16,3.77,7,4,1,GREEDY,1
ROUTE_001957,PLANT17,2024-04-18,PICKER_013,"[1, 2, 8, 10, 12, 13, 14, 20, 23, 24]",10,162.08,5.22,5,5,1,MANUAL,1
ROUTE_001958,PLANT16,2024-04-08,PICKER_042,"[2, 5, 8, 14]",4,94.52,4.59,16,1,1,DIJKSTRA,0
ROUTE_001959,PLANT02,2023-04-10,PICKER_025,"[1, 2, 4, 6]",4,71.82,3.51,60,5,1,GREEDY,0
ROUTE_001960,PLANT06,2024-05-06,PICKER_011,"[5, 8, 9, 13, 20, 25]",6,138.2,5.17,74,5,1,MANUAL,1
ROUTE_001961,PLANT01,2024-02-23,PICKER_042,"[1, 2, 5, 11, 15, 23, 25]",7,134.48,3.37,56,1,1,ASTAR,1
ROUTE_001962,PLANT15,2023-12-15,PICKER_041,"[9, 16, 22]",3,29.49,1.72,55,6,1,DIJKSTRA,1
ROUTE_001963,PLANT17,2024-09-27,PICKER_015,"[4, 16, 19, 20, 23, 24]",6,95.54,2.89,11,8,1,DIJKSTRA,0
ROUTE_001964,PLANT19,2024-12-08,PICKER_015,"[1, 13, 14, 17, 18]",5,91.02,3.35,34,10,1,GREEDY,0
ROUTE_001965,PLANT19,2024-11-19,PICKER_027,"[3, 14, 17]",3,43.45,2.77,39,1,1,GREEDY,0
ROUTE_001966,PLANT06,2023-12-29,PICKER_020,"[4, 5, 6, 9, 12, 13, 20, 25]",8,140.84,4.42,47,4,1,GREEDY,1
ROUTE_001967,PLANT08,2023-12-12,PICKER_027,"[3, 5, 12, 17, 19, 20, 21, 24, 27]",9,103.94,2.73,36,10,1,DIJKSTRA,1
ROUTE_001968,PLANT06,2024-02-07,PICKER_011,"[6, 7, 11, 12, 13, 14, 18, 21, 24, 25]",10,225.26,7.41,15,2,1,ASTAR,0
ROUTE_001969,PLANT08,2023-04-08,PICKER_026,"[5, 13, 20, 21, 25]",5,101.4,3.73,47,8,1,DIJKSTRA,1
ROUTE_001970,PLANT07,2023-11-15,PICKER_031,"[2, 3, 4, 5, 6, 7, 8, 9, 10]",9,113.66,3.33,27,8,1,ASTAR,1
ROUTE_001971,PLANT10,2024-04-28,PICKER_047,"[3, 5, 6, 7, 8, 10, 11, 18]",8,125.79,3.38,13,10,1,DIJKSTRA,1
ROUTE_001972,PLANT01,2024-01-29,PICKER_025,"[2, 5, 9, 12, 14, 15, 17, 20, 21]",9,181.6,4.27,37,7,1,DIJKSTRA,1
ROUTE_001973,PLANT02,2024-07-05,PICKER_046,"[2, 5, 6]",3,35.82,1.26,27,4,1,ASTAR,1
ROUTE_001974,PLANT09,2023-05-29,PICKER_032,"[2, 3, 5, 6, 7, 8, 10]",7,117.18,4.04,70,3,1,GREEDY,1
ROUTE_001975,PLANT11,2024-06-01,PICKER_032,"[1, 2, 4, 5]",4,56.0,3.26,72,4,1,ASTAR,1
ROUTE_001976,PLANT17,2023-11-16,PICKER_046,"[1, 6, 11, 18, 20]",5,83.69,2.28,78,2,1,DIJKSTRA,0
ROUTE_001977,PLANT10,2023-03-23,PICKER_020,"[13, 14, 24]",3,44.12,3.81,27,7,1,GREEDY,1
ROUTE_001978,PLANT02,2024-05-23,PICKER_039,"[1, 2, 3, 4, 5, 6]",6,92.79,3.09,61,5,1,GREEDY,0
ROUTE_001979,PLANT14,2023-08-13,PICKER_016,"[6, 8, 16, 22, 23, 27]",6,139.14,5.17,75,3,1,DIJKSTRA,0
ROUTE_001980,PLANT16,2023-07-17,PICKER_038,"[3, 11, 12, 13, 14]",5,99.18,3.33,38,8,1,MANUAL,1
ROUTE_001981,PLANT05,2024-12-29,PICKER_006,"[2, 9]",2,19.83,2.24,6,7,1,GREEDY,1
ROUTE_001982,PLANT08,2024-02-20,PICKER_011,"[4, 17, 27, 29]",4,94.85,3.73,36,7,1,GREEDY,1
ROUTE_001983,PLANT06,2023-06-07,PICKER_010,"[3, 6, 7, 11, 13, 15, 20]",7,153.4,3.93,79,5,1,DIJKSTRA,0
ROUTE_001984,PLANT15,2023-02-06,PICKER_032,"[2, 3, 4, 7, 11, 12, 14, 16, 17, 25]",10,157.99,4.25,65,1,1,DIJKSTRA,1
ROUTE_001985,PLANT19,2024-09-01,PICKER_036,"[2, 9, 11, 15]",4,80.64,3.02,32,5,1,MANUAL,1
ROUTE_001986,PLANT16,2024-01-07,PICKER_016,"[3, 6, 10, 14]",4,59.97,2.38,29,5,1,GREEDY,0
ROUTE_001987,PLANT02,2023-09-30,PICKER_004,"[2, 3]",2,30.57,1.25,54,2,1,GREEDY,1
ROUTE_001988,PLANT14,2023-07-07,PICKER_003,"[2, 4, 8, 17, 21, 27]",6,87.65,3.17,33,10,1,MANUAL,1
ROUTE_001989,PLANT05,2024-10-20,PICKER_046,"[3, 8, 9]",3,38.03,1.93,32,10,1,GREEDY,0
ROUTE_001990,PLANT12,2024-09-30,PICKER_011,"[1, 2, 23]",3,84.72,4.49,32,10,1,ASTAR,0
ROUTE_001991,PLANT15,2023-11-30,PICKER_009,"[2, 7, 10, 21, 25]",5,96.95,3.45,7,2,1,DIJKSTRA,0
ROUTE_001992,PLANT02,2023-12-31,PICKER_002,"[3, 5, 6]",3,40.2,2.55,65,7,1,MANUAL,0
ROUTE_001993,PLANT07,2024-09-02,PICKER_049,"[1, 2, 3, 4, 8, 9, 11, 12]",8,132.65,5.57,54,1,1,ASTAR,1
ROUTE_001994,PLANT03,2024-08-10,PICKER_013,"[3, 4, 9, 11]",4,61.72,3.52,35,7,1,MANUAL,1
ROUTE_001995,PLANT17,2023-01-12,PICKER_006,"[17, 19, 21, 23]",4,68.1,3.28,14,1,1,GREEDY,1
ROUTE_001996,PLANT19,2023-06-02,PICKER_033,"[3, 8, 9, 13, 14, 15, 17, 20, 21, 23]",10,157.33,5.03,53,6,1,GREEDY,1
ROUTE_001997,PLANT20,2023-06-24,PICKER_001,"[1, 2, 3, 4, 6, 7]",6,154.54,5.78,69,3,1,ASTAR,1
ROUTE_001998,PLANT08,2023-06-08,PICKER_046,"[2, 10, 25]",3,53.91,2.63,41,10,1,ASTAR,0
ROUTE_001999,PLANT08,2024-01-21,PICKER_002,"[2, 3, 4, 5, 6, 12, 23, 28]",8,123.29,4.22,61,10,1,MANUAL,1
ROUTE_002000,PLANT20,2023-11-30,PICKER_015,"[1, 2, 3, 4, 5, 6, 7]",7,82.94,3.88,54,9,1,GREEDY,1
ROUTE_002001,PLANT11,2024-12-17,PICKER_006,"[1, 3, 5]",3,44.9,1.41,78,6,1,GREEDY,1
ROUTE_002002,PLANT04,2023-05-05,PICKER_011,"[2, 4, 7, 9, 10, 13, 14, 15, 16, 17]",10,164.17,4.02,30,6,1,MANUAL,1
ROUTE_002003,PLANT16,2024-03-18,PICKER_008,"[2, 3, 4, 5, 7, 10, 11, 13, 15, 16]",10,176.37,5.78,70,1,1,ASTAR,1
ROUTE_002004,PLANT15,2024-07-06,PICKER_041,"[2, 11, 16, 20]",4,70.47,3.6,13,4,1,DIJKSTRA,1
ROUTE_002005,PLANT11,2023-10-03,PICKER_002,"[1, 3, 4, 5]",4,70.85,2.42,10,6,1,MANUAL,1
ROUTE_002006,PLANT11,2023-04-02,PICKER_024,"[1, 2, 3, 4]",4,56.48,2.58,9,1,1,DIJKSTRA,0
ROUTE_002007,PLANT07,2023-10-25,PICKER_009,"[1, 2, 3, 4, 5, 6, 10, 12]",8,120.77,5.01,46,10,1,DIJKSTRA,1
ROUTE_002008,PLANT19,2024-08-10,PICKER_029,"[12, 16, 18]",3,49.18,3.32,36,10,1,DIJKSTRA,0
ROUTE_002009,PLANT20,2024-10-05,PICKER_004,"[1, 2, 7]",3,50.23,2.7,40,10,1,DIJKSTRA,0
ROUTE_002010,PLANT08,2024-07-09,PICKER_025,"[7, 10, 17, 19, 27, 29]",6,98.96,3.05,35,6,1,GREEDY,0
ROUTE_002011,PLANT16,2024-02-03,PICKER_041,"[1, 4, 5, 7, 10, 11, 16]",7,132.54,4.08,60,1,1,GREEDY,1
ROUTE_002012,PLANT03,2024-02-20,PICKER_024,"[1, 2, 4, 5, 7, 8, 10]",7,112.02,5.0,77,3,1,ASTAR,1
ROUTE_002013,PLANT18,2024-09-28,PICKER_016,"[1, 2, 4, 5, 7, 8, 10, 11, 14, 15]",10,177.86,4.64,38,3,1,MANUAL,0
ROUTE_002014,PLANT19,2024-05-28,PICKER_023,"[2, 4]",2,33.03,1.8,79,6,1,ASTAR,1
ROUTE_002015,PLANT12,2023-02-11,PICKER_034,"[1, 2, 5, 9, 15, 16, 20, 23, 24, 25]",10,181.99,5.29,67,7,1,DIJKSTRA,0
ROUTE_002016,PLANT14,2024-07-03,PICKER_027,"[4, 10, 16, 19, 20]",5,98.58,2.62,17,4,1,DIJKSTRA,1
ROUTE_002017,PLANT16,2023-05-23,PICKER_016,"[2, 5, 9, 12, 13, 14, 16]",7,121.6,4.84,36,8,1,ASTAR,0
ROUTE_002018,PLANT13,2023-05-08,PICKER_023,"[1, 2, 3, 8]",4,69.14,2.57,16,9,1,ASTAR,1
ROUTE_002019,PLANT15,2023-01-20,PICKER_040,"[7, 10, 11, 14, 23, 24]",6,79.5,4.48,71,7,1,GREEDY,0
ROUTE_002020,PLANT06,2024-08-01,PICKER_021,"[1, 4, 5, 6, 8, 9, 11, 15, 22]",9,169.68,6.2,24,4,1,DIJKSTRA,1
ROUTE_002021,PLANT14,2023-09-24,PICKER_010,"[1, 5, 16, 21, 23, 29]",6,96.88,4.34,6,5,1,MANUAL,0
ROUTE_002022,PLANT07,2024-11-26,PICKER_023,"[4, 7, 8, 9, 11]",5,94.42,4.33,66,5,1,GREEDY,1
ROUTE_002023,PLANT09,2023-12-04,PICKER_018,"[1, 2, 4, 6, 7, 8]",6,103.04,4.08,61,1,1,ASTAR,1
ROUTE_002024,PLANT12,2024-12-05,PICKER_004,"[2, 6, 7, 8, 11, 12, 15, 17, 21]",9,186.56,5.38,40,4,1,DIJKSTRA,0
ROUTE_002025,PLANT18,2024-03-24,PICKER_011,"[2, 3, 4, 13, 16]",5,70.72,2.22,15,4,1,MANUAL,0
ROUTE_002026,PLANT13,2024-10-15,PICKER_030,"[6, 7, 8]",3,59.15,1.94,34,9,1,MANUAL,0
ROUTE_002027,PLANT18,2024-11-16,PICKER_010,"[1, 2, 4, 6, 12, 14]",6,80.17,2.5,27,5,1,DIJKSTRA,1
ROUTE_002028,PLANT12,2024-10-16,PICKER_028,"[3, 4, 5, 13, 15, 18, 19, 20, 22]",9,127.01,3.8,41,3,1,DIJKSTRA,0
ROUTE_002029,PLANT03,2024-05-03,PICKER_044,"[7, 9, 10]",3,78.36,2.38,58,6,1,MANUAL,1
ROUTE_002030,PLANT06,2023-10-18,PICKER_010,"[3, 9, 14, 15, 22, 23, 24, 25]",8,121.22,3.94,43,6,1,MANUAL,1
ROUTE_002031,PLANT05,2024-10-19,PICKER_031,"[6, 7, 9]",3,65.24,1.97,33,10,1,DIJKSTRA,0
ROUTE_002032,PLANT15,2023-05-27,PICKER_041,"[9, 13, 14, 19]",4,49.97,2.13,25,9,1,GREEDY,1
ROUTE_002033,PLANT20,2024-07-08,PICKER_050,"[1, 3, 4, 5, 6, 7]",6,118.51,4.46,48,7,1,GREEDY,0
ROUTE_002034,PLANT14,2023-02-04,PICKER_044,"[1, 2, 5, 7, 14, 17, 21, 24, 26, 29]",10,157.16,4.91,61,8,1,GREEDY,0
ROUTE_002035,PLANT14,2023-04-06,PICKER_016,"[4, 5, 10, 12, 14, 19, 22, 27, 29]",9,140.91,3.62,38,4,1,MANUAL,1
ROUTE_002036,PLANT20,2023-04-11,PICKER_006,"[1, 2, 3, 4, 6, 7]",6,97.44,3.7,49,2,1,MANUAL,0
ROUTE_002037,PLANT03,2024-07-02,PICKER_016,"[4, 5, 7, 9, 11]",5,77.01,4.27,14,7,1,DIJKSTRA,1
ROUTE_002038,PLANT15,2023-12-21,PICKER_004,"[1, 4]",2,29.22,2.19,69,9,1,GREEDY,1
ROUTE_002039,PLANT12,2024-08-04,PICKER_030,"[2, 4, 9, 11, 17, 18, 19, 21, 22]",9,159.6,4.26,8,1,1,GREEDY,1
ROUTE_002040,PLANT06,2024-05-11,PICKER_037,"[1, 7, 10, 12]",4,58.73,2.01,48,5,1,ASTAR,0
ROUTE_002041,PLANT05,2023-01-21,PICKER_004,"[1, 2, 3, 4, 5, 6, 7, 8, 9]",9,130.37,4.99,49,9,1,GREEDY,0
ROUTE_002042,PLANT12,2023-04-04,PICKER_020,"[8, 23]",2,41.2,2.02,50,10,1,MANUAL,0
ROUTE_002043,PLANT11,2023-05-12,PICKER_011,"[1, 2, 3, 5]",4,94.98,3.49,65,5,1,ASTAR,0
ROUTE_002044,PLANT07,2024-10-17,PICKER_038,"[1, 2, 4, 5, 6, 7, 8, 9, 11, 12]",10,185.84,5.59,37,10,1,GREEDY,0
ROUTE_002045,PLANT04,2024-08-13,PICKER_046,"[2, 3, 4, 5, 7, 9, 12, 17, 19, 20]",10,162.07,4.31,34,6,1,DIJKSTRA,1
ROUTE_002046,PLANT20,2023-05-08,PICKER_003,"[1, 2, 3, 4, 5, 6, 7]",7,113.46,3.77,17,5,1,MANUAL,0
ROUTE_002047,PLANT02,2024-09-25,PICKER_004,"[1, 2, 4, 5, 6]",5,107.11,3.92,47,2,1,GREEDY,1
ROUTE_002048,PLANT09,2023-04-21,PICKER_029,"[1, 2, 3, 4, 5, 6, 7, 8, 9, 10]",10,180.77,5.45,59,6,1,DIJKSTRA,0
ROUTE_002049,PLANT20,2023-01-26,PICKER_013,"[3, 4, 5]",3,85.51,4.55,15,4,1,MANUAL,0
ROUTE_002050,PLANT02,2023-01-07,PICKER_013,"[2, 3, 4, 5, 6]",5,98.96,4.75,78,6,1,DIJKSTRA,0
ROUTE_002051,PLANT06,2024-02-22,PICKER_001,"[2, 3, 13, 16, 19, 21, 24, 26, 27]",9,137.53,5.71,11,2,1,GREEDY,1
ROUTE_002052,PLANT14,2023-09-28,PICKER_019,"[3, 4, 8, 12, 18, 21, 23, 24, 29]",9,148.88,5.23,11,8,1,GREEDY,1
ROUTE_002053,PLANT15,2023-08-06,PICKER_018,"[2, 5, 7, 19, 20, 22, 23, 24, 25]",9,180.27,5.07,30,3,1,DIJKSTRA,0
ROUTE_002054,PLANT14,2023-02-12,PICKER_001,"[10, 16, 23]",3,54.33,3.97,62,10,1,ASTAR,0
ROUTE_002055,PLANT07,2023-06-28,PICKER_020,"[1, 3, 6, 7]",4,66.06,1.87,71,8,1,DIJKSTRA,0
ROUTE_002056,PLANT15,2023-04-11,PICKER_007,"[4, 13, 17, 18, 22, 25]",6,100.08,2.56,54,4,1,ASTAR,0
ROUTE_002057,PLANT08,2024-09-17,PICKER_004,"[2, 5, 9, 10, 16, 17, 21]",7,127.82,4.73,14,7,1,MANUAL,1
ROUTE_002058,PLANT06,2023-02-16,PICKER_005,"[18, 23]",2,34.24,2.03,47,2,1,ASTAR,0
ROUTE_002059,PLANT07,2024-09-11,PICKER_013,"[5, 8, 9, 11]",4,78.13,4.26,67,9,1,MANUAL,1
ROUTE_002060,PLANT06,2023-11-25,PICKER_038,"[17, 19, 21]",3,31.25,2.79,58,6,1,ASTAR,0
ROUTE_002061,PLANT20,2024-12-22,PICKER_045,"[3, 4]",2,47.5,3.83,55,6,1,ASTAR,1
ROUTE_002062,PLANT11,2024-10-16,PICKER_048,"[2, 3, 4]",3,62.96,4.01,22,6,1,DIJKSTRA,1
ROUTE_002063,PLANT08,2023-10-31,PICKER_037,"[7, 12, 17, 19]",4,71.46,3.56,28,7,1,DIJKSTRA,0
ROUTE_002064,PLANT17,2024-08-24,PICKER_021,"[6, 7, 14, 24]",4,53.88,2.5,10,3,1,MANUAL,1
ROUTE_002065,PLANT16,2024-12-05,PICKER_043,"[3, 5, 6, 7, 8, 9, 10]",7,138.65,4.3,28,1,1,GREEDY,0
ROUTE_002066,PLANT20,2024-11-09,PICKER_004,"[1, 2, 3, 4, 5, 7]",6,77.08,2.51,5,1,1,MANUAL,0
ROUTE_002067,PLANT01,2024-11-28,PICKER_036,"[7, 14, 21, 22, 25]",5,80.5,2.67,10,3,1,GREEDY,0
ROUTE_002068,PLANT18,2024-12-20,PICKER_001,"[1, 4, 8]",3,43.12,2.32,27,3,1,MANUAL,0
ROUTE_002069,PLANT07,2024-11-25,PICKER_018,"[5, 12]",2,32.73,1.81,10,6,1,DIJKSTRA,1
ROUTE_002070,PLANT14,2024-02-18,PICKER_045,"[4, 11, 13, 15, 19, 22, 28]",7,149.55,4.35,76,5,1,ASTAR,1
ROUTE_002071,PLANT14,2023-09-01,PICKER_024,"[12, 17, 26]",3,36.65,1.24,69,3,1,GREEDY,0
ROUTE_002072,PLANT15,2023-09-03,PICKER_032,"[8, 9, 13, 17, 23, 25]",6,79.92,2.34,70,5,1,DIJKSTRA,0
ROUTE_002073,PLANT02,2023-11-02,PICKER_045,"[5, 6]",2,22.85,3.38,64,3,1,GREEDY,1
ROUTE_002074,PLANT05,2023-07-31,PICKER_049,"[1, 2, 3, 5, 6, 7, 9]",7,120.83,3.81,20,3,1,MANUAL,1
ROUTE_002075,PLANT20,2023-10-26,PICKER_018,"[1, 2, 3, 4, 5, 6, 7]",7,116.37,4.6,38,9,1,MANUAL,0
ROUTE_002076,PLANT01,2024-10-04,PICKER_019,"[3, 7, 10, 11, 15, 17, 20, 24, 25, 26]",10,205.56,5.2,34,6,1,MANUAL,0
ROUTE_002077,PLANT11,2023-02-08,PICKER_047,"[1, 2, 3, 4]",4,67.52,3.38,66,5,1,GREEDY,0
ROUTE_002078,PLANT11,2024-06-23,PICKER_032,"[1, 3, 5]",3,39.15,3.12,12,2,1,ASTAR,0
ROUTE_002079,PLANT05,2023-01-21,PICKER_045,"[6, 8]",2,44.59,1.63,33,5,1,GREEDY,1
ROUTE_002080,PLANT13,2024-01-06,PICKER_040,"[4, 5, 6, 9]",4,107.0,3.21,30,8,1,GREEDY,0
ROUTE_002081,PLANT13,2024-03-13,PICKER_044,"[1, 3, 4, 6, 7, 8, 9]",7,128.74,4.88,69,4,1,MANUAL,1
ROUTE_002082,PLANT09,2023-08-15,PICKER_009,"[1, 2, 3, 4, 7, 8, 9, 10]",8,130.17,3.35,59,9,1,GREEDY,0
ROUTE_002083,PLANT15,2023-11-24,PICKER_023,"[1, 3, 7, 12, 18]",5,88.65,3.53,79,8,1,GREEDY,0
ROUTE_002084,PLANT03,2023-07-15,PICKER_048,"[1, 4, 6, 9, 10]",5,82.35,3.2,66,8,1,MANUAL,0
ROUTE_002085,PLANT20,2024-01-10,PICKER_036,"[1, 5, 7]",3,49.76,2.54,31,9,1,ASTAR,1
ROUTE_002086,PLANT14,2024-03-25,PICKER_032,"[2, 4, 5, 7, 14, 16, 20, 26]",8,129.65,4.6,65,5,1,ASTAR,1
ROUTE_002087,PLANT09,2023-02-07,PICKER_040,"[3, 4, 5, 6, 8, 9, 10]",7,113.69,3.38,53,4,1,GREEDY,1
ROUTE_002088,PLANT08,2024-03-17,PICKER_013,"[1, 4, 5, 6, 8, 13, 19, 22, 24, 27]",10,173.15,5.3,41,5,1,ASTAR,1
ROUTE_002089,PLANT14,2023-10-19,PICKER_034,"[2, 13, 25, 29]",4,53.9,2.86,6,9,1,ASTAR,0
ROUTE_002090,PLANT07,2024-05-07,PICKER_025,"[11, 12]",2,23.0,3.04,76,1,1,DIJKSTRA,1
ROUTE_002091,PLANT13,2024-08-13,PICKER_024,"[2, 4, 6, 9, 10]",5,83.79,2.83,9,3,1,MANUAL,1
ROUTE_002092,PLANT07,2024-05-04,PICKER_011,"[1, 2, 3, 4, 6]",5,66.15,2.34,52,8,1,MANUAL,0
ROUTE_002093,PLANT07,2023-10-06,PICKER_011,"[3, 11, 12]",3,52.67,1.61,44,9,1,ASTAR,0
ROUTE_002094,PLANT17,2024-09-09,PICKER_034,"[1, 4, 8, 19, 22, 23]",6,96.81,4.16,71,1,1,GREEDY,0
ROUTE_002095,PLANT14,2024-01-18,PICKER_047,"[4, 5, 21, 27]",4,59.13,2.65,48,8,1,ASTAR,0
ROUTE_002096,PLANT06,2023-09-30,PICKER_045,"[4, 6, 8, 13, 14, 16, 19, 21, 26, 27]",10,170.27,5.86,60,5,1,MANUAL,0
ROUTE_002097,PLANT03,2024-08-04,PICKER_039,"[1, 2, 3, 5, 6, 7, 8, 9, 10, 11]",10,166.32,5.74,5,8,1,ASTAR,0
ROUTE_002098,PLANT05,2024-10-22,PICKER_005,"[2, 5, 9]",3,51.2,3.61,12,4,1,GREEDY,0
ROUTE_002099,PLANT01,2024-06-18,PICKER_042,"[4, 6, 9, 12, 14, 15, 23]",7,82.43,4.52,54,5,1,GREEDY,0
ROUTE_002100,PLANT04,2023-02-03,PICKER_039,"[2, 10]",2,40.5,1.98,38,6,1,ASTAR,1
ROUTE_002101,PLANT02,2023-08-15,PICKER_012,"[1, 2, 3, 4, 5, 6]",6,100.89,3.15,18,7,1,ASTAR,1
ROUTE_002102,PLANT06,2023-03-13,PICKER_039,"[1, 4, 6, 7, 8, 13, 18, 19, 23, 26]",10,200.06,6.84,38,5,1,MANUAL,0
ROUTE_002103,PLANT07,2023-03-01,PICKER_018,"[1, 3, 4, 5, 6, 7, 8, 9, 11]",9,110.01,3.96,30,4,1,GREEDY,1
ROUTE_002104,PLANT08,2023-12-20,PICKER_038,"[3, 4, 6, 11, 12, 17, 23, 25, 26, 29]",10,206.19,6.22,53,5,1,DIJKSTRA,0
ROUTE_002105,PLANT10,2024-03-28,PICKER_037,"[17, 20, 22, 24]",4,49.39,2.1,66,10,1,ASTAR,1
ROUTE_002106,PLANT05,2023-01-22,PICKER_041,"[2, 4, 5, 6, 7, 8]",6,78.41,2.5,57,3,1,ASTAR,0
ROUTE_002107,PLANT11,2023-07-05,PICKER_037,"[1, 2, 4]",3,50.19,3.68,44,3,1,DIJKSTRA,1
ROUTE_002108,PLANT01,2024-08-23,PICKER_042,"[1, 3, 5, 6, 7, 10, 11, 14, 16, 22]",10,164.23,5.27,51,6,1,ASTAR,1
ROUTE_002109,PLANT04,2024-02-08,PICKER_014,"[5, 7, 12, 16]",4,85.3,3.51,17,8,1,ASTAR,0
ROUTE_002110,PLANT01,2023-04-15,PICKER_027,"[2, 7, 10]",3,52.59,2.63,62,4,1,ASTAR,0
ROUTE_002111,PLANT12,2023-10-03,PICKER_027,"[5, 6, 7, 8, 16]",5,99.44,4.61,40,4,1,MANUAL,0
ROUTE_002112,PLANT07,2024-11-01,PICKER_042,"[1, 2, 3, 4, 5, 6, 7, 8, 11, 12]",10,181.35,4.15,46,1,1,MANUAL,0
ROUTE_002113,PLANT16,2023-11-25,PICKER_044,"[2, 3, 6, 7, 13, 15]",6,86.82,2.53,73,8,1,MANUAL,0
ROUTE_002114,PLANT06,2024-08-01,PICKER_046,"[7, 8, 10]",3,46.0,1.54,26,5,1,ASTAR,0
ROUTE_002115,PLANT09,2023-04-17,PICKER_004,"[1, 2, 4, 5, 7, 8, 9, 10]",8,157.59,5.55,8,5,1,MANUAL,0
ROUTE_002116,PLANT14,2023-04-22,PICKER_007,"[8, 10, 14, 24, 27]",5,84.12,2.72,61,1,1,DIJKSTRA,1
ROUTE_002117,PLANT20,2024-10-26,PICKER_008,"[1, 3, 4, 6, 7]",5,96.3,2.9,75,8,1,DIJKSTRA,1
ROUTE_002118,PLANT14,2024-08-20,PICKER_024,"[5, 13, 14, 15, 17, 19, 24, 27, 29]",9,140.61,5.57,72,3,1,ASTAR,1
ROUTE_002119,PLANT10,2024-09-19,PICKER_027,"[1, 4, 8, 9, 10, 16, 20]",7,146.91,4.41,11,10,1,ASTAR,0
ROUTE_002120,PLANT16,2024-10-19,PICKER_038,"[2, 4, 6, 7, 8, 12, 14, 15]",8,99.13,2.59,27,1,1,GREEDY,1
ROUTE_002121,PLANT08,2023-02-12,PICKER_032,"[2, 7, 15, 24, 26]",5,97.34,2.72,73,6,1,ASTAR,1
ROUTE_002122,PLANT18,2023-10-21,PICKER_048,"[1, 5, 7, 9, 14]",5,98.94,3.7,45,10,1,MANUAL,1
ROUTE_002123,PLANT03,2024-07-23,PICKER_042,"[3, 6, 10]",3,39.72,2.55,70,1,1,GREEDY,0
ROUTE_002124,PLANT06,2023-11-12,PICKER_004,"[4, 14, 17, 22]",4,81.3,4.59,77,10,1,GREEDY,0
ROUTE_002125,PLANT11,2024-12-29,PICKER_040,"[1, 3, 5]",3,56.83,2.82,37,3,1,MANUAL,0
ROUTE_002126,PLANT09,2024-06-20,PICKER_045,"[1, 2, 3, 4, 6, 7, 8, 9]",8,132.63,4.17,74,8,1,GREEDY,1
ROUTE_002127,PLANT16,2024-10-16,PICKER_023,"[2, 5, 6, 9]",4,81.81,4.63,27,5,1,MANUAL,1
ROUTE_002128,PLANT14,2024-02-01,PICKER_002,"[3, 5, 9, 18, 22, 27, 28]",7,135.44,4.9,35,10,1,GREEDY,0
ROUTE_002129,PLANT03,2024-10-08,PICKER_046,"[3, 5, 10]",3,64.9,2.59,53,1,1,GREEDY,1
ROUTE_002130,PLANT19,2024-08-10,PICKER_002,"[1, 3, 7, 20]",4,70.61,3.52,48,8,1,DIJKSTRA,1
ROUTE_002131,PLANT07,2023-11-27,PICKER_034,"[1, 3, 4, 7, 8, 10]",6,110.76,5.13,39,3,1,ASTAR,0
ROUTE_002132,PLANT17,2023-03-07,PICKER_013,"[9, 11, 21]",3,40.42,3.2,47,3,1,MANUAL,0
ROUTE_002133,PLANT03,2024-12-11,PICKER_022,"[2, 3, 4, 5, 6, 8, 11]",7,150.39,4.52,66,7,1,DIJKSTRA,0
ROUTE_002134,PLANT13,2024-09-14,PICKER_007,"[1, 3, 4, 5, 6]",5,103.36,4.17,28,10,1,DIJKSTRA,1
ROUTE_002135,PLANT10,2024-12-11,PICKER_004,"[11, 12]",2,33.11,2.06,11,4,1,DIJKSTRA,1
ROUTE_002136,PLANT18,2024-03-30,PICKER_021,"[2, 4, 15]",3,59.16,2.48,69,4,1,MANUAL,0
ROUTE_002137,PLANT05,2024-01-27,PICKER_046,"[2, 3, 4, 5, 6, 7, 8, 9]",8,140.16,5.68,58,1,1,GREEDY,1
ROUTE_002138,PLANT07,2024-08-01,PICKER_032,"[1, 2, 3, 4, 6, 7, 9, 10, 11]",9,160.81,3.87,29,7,1,GREEDY,1
ROUTE_002139,PLANT07,2024-04-28,PICKER_020,"[2, 3, 10]",3,36.4,1.26,65,10,1,GREEDY,1
ROUTE_002140,PLANT09,2023-06-17,PICKER_019,"[1, 2, 3, 4, 5, 6, 7, 9, 10]",9,168.46,4.55,68,8,1,ASTAR,0
ROUTE_002141,PLANT06,2023-11-28,PICKER_048,"[2, 7, 10, 20]",4,88.2,3.73,41,10,1,MANUAL,1
ROUTE_002142,PLANT13,2023-10-18,PICKER_039,"[1, 2, 3, 4, 5, 6, 7, 8, 9, 10]",10,219.13,5.52,54,4,1,MANUAL,1
ROUTE_002143,PLANT04,2024-06-28,PICKER_008,"[9, 10, 12]",3,63.46,3.94,50,2,1,ASTAR,0
ROUTE_002144,PLANT05,2023-08-13,PICKER_038,"[4, 7, 9]",3,52.78,2.27,61,6,1,GREEDY,0
ROUTE_002145,PLANT05,2024-07-12,PICKER_048,"[1, 2, 3, 4, 5, 6, 7, 9]",8,120.2,4.88,34,7,1,MANUAL,1
ROUTE_002146,PLANT19,2023-11-05,PICKER_001,"[11, 15]",2,35.82,3.02,53,5,1,GREEDY,1
ROUTE_002147,PLANT02,2024-11-10,PICKER_050,"[1, 5, 6]",3,65.99,4.14,7,10,1,MANUAL,0
ROUTE_002148,PLANT03,2024-12-22,PICKER_008,"[3, 9]",2,18.94,2.78,74,10,1,MANUAL,0
ROUTE_002149,PLANT19,2023-07-05,PICKER_040,"[2, 5, 7, 17, 19, 21, 22, 23]",8,134.5,5.31,5,9,1,ASTAR,0
ROUTE_002150,PLANT18,2023-05-28,PICKER_049,"[8, 9, 12, 13, 16]",5,99.66,3.53,21,5,1,DIJKSTRA,1
ROUTE_002151,PLANT08,2024-08-22,PICKER_001,"[4, 7, 12, 13, 16, 24, 28]",7,118.14,4.38,66,6,1,ASTAR,1
ROUTE_002152,PLANT17,2023-12-15,PICKER_040,"[11, 13, 18, 20, 21, 22, 24]",7,119.88,3.29,17,4,1,MANUAL,1
ROUTE_002153,PLANT12,2023-08-28,PICKER_033,"[2, 11, 12, 22, 25]",5,88.48,3.15,61,3,1,DIJKSTRA,1
ROUTE_002154,PLANT15,2023-10-29,PICKER_011,"[4, 25]",2,34.21,2.04,6,8,1,GREEDY,0
ROUTE_002155,PLANT04,2023-03-14,PICKER_044,"[15, 16]",2,43.34,3.63,68,5,1,GREEDY,0
ROUTE_002156,PLANT06,2023-02-18,PICKER_001,"[2, 4, 6, 7, 12, 15, 28]",7,115.88,5.16,56,10,1,MANUAL,1
ROUTE_002157,PLANT09,2024-10-16,PICKER_022,"[1, 2, 3, 4, 7, 8]",6,130.97,5.01,62,10,1,ASTAR,1
ROUTE_002158,PLANT04,2024-10-15,PICKER_027,"[3, 4]",2,48.46,3.87,21,7,1,MANUAL,1
ROUTE_002159,PLANT19,2024-11-13,PICKER_042,"[5, 13, 22, 23]",4,77.33,4.43,52,7,1,ASTAR,0
ROUTE_002160,PLANT11,2024-07-18,PICKER_032,"[1, 2, 4, 5]",4,57.68,1.81,46,2,1,GREEDY,0
ROUTE_002161,PLANT01,2023-09-01,PICKER_041,"[1, 3, 5, 14, 17, 24, 26]",7,119.48,4.0,22,10,1,GREEDY,0
ROUTE_002162,PLANT12,2023-11-12,PICKER_037,"[3, 15, 16, 25]",4,77.26,2.89,52,9,1,GREEDY,0
ROUTE_002163,PLANT11,2023-07-21,PICKER_047,"[1, 2, 4, 5]",4,42.23,3.59,47,10,1,GREEDY,1
ROUTE_002164,PLANT17,2023-02-18,PICKER_040,"[1, 3, 10, 13, 17, 19, 20, 21, 24]",9,168.86,3.91,17,6,1,DIJKSTRA,1
ROUTE_002165,PLANT09,2023-02-20,PICKER_049,"[2, 3, 4, 5, 9, 10]",6,104.87,4.6,12,8,1,MANUAL,0
ROUTE_002166,PLANT12,2023-08-08,PICKER_008,"[4, 6, 11, 14, 17, 19, 20, 21, 23]",9,171.89,4.38,63,10,1,MANUAL,1
ROUTE_002167,PLANT01,2024-11-20,PICKER_011,"[3, 4, 8, 9, 14, 16, 18, 24, 26]",9,126.34,4.91,56,2,1,ASTAR,1
ROUTE_002168,PLANT06,2023-07-23,PICKER_035,"[4, 7, 9, 11, 12, 18, 19, 23, 25, 27]",10,168.68,6.06,13,5,1,DIJKSTRA,1
ROUTE_002169,PLANT01,2023-01-10,PICKER_012,"[2, 3, 5, 6, 7, 8, 15, 20, 24, 26]",10,166.14,5.45,17,3,1,DIJKSTRA,0
ROUTE_002170,PLANT10,2024-05-04,PICKER_005,"[1, 7, 9, 15, 19, 23]",6,100.07,2.62,80,1,1,DIJKSTRA,0
ROUTE_002171,PLANT03,2023-06-24,PICKER_006,"[1, 3, 7, 8, 10, 11]",6,126.06,3.23,6,9,1,MANUAL,0
ROUTE_002172,PLANT06,2024-08-30,PICKER_045,"[9, 10, 17, 25, 27]",5,110.62,4.61,69,1,1,DIJKSTRA,1
ROUTE_002173,PLANT09,2023-12-23,PICKER_002,"[1, 2, 3, 4, 5, 6, 7, 9, 10]",9,184.9,6.59,68,5,1,ASTAR,0
ROUTE_002174,PLANT19,2023-11-30,PICKER_017,"[8, 9, 11, 23]",4,97.88,2.8,42,9,1,ASTAR,1
ROUTE_002175,PLANT17,2023-06-05,PICKER_036,"[13, 14]",2,43.87,3.22,40,1,1,ASTAR,1
ROUTE_002176,PLANT05,2023-02-10,PICKER_019,"[3, 4, 6, 7, 8, 9]",6,97.08,2.79,64,6,1,ASTAR,0
ROUTE_002177,PLANT16,2024-08-25,PICKER_027,"[1, 3, 7, 12]",4,59.4,2.0,50,6,1,MANUAL,1
ROUTE_002178,PLANT14,2023-04-02,PICKER_031,"[1, 5, 6, 13, 14, 21, 22, 26, 28]",9,199.71,5.49,74,4,1,DIJKSTRA,0
ROUTE_002179,PLANT19,2023-11-09,PICKER_020,"[2, 5, 7, 13, 14]",5,72.86,4.1,57,3,1,ASTAR,0
ROUTE_002180,PLANT15,2024-07-27,PICKER_049,"[11, 14, 21, 23]",4,61.66,2.04,56,10,1,GREEDY,1
ROUTE_002181,PLANT07,2024-12-13,PICKER_015,"[1, 6, 8, 11]",4,46.47,2.14,60,1,1,ASTAR,0
ROUTE_002182,PLANT18,2024-10-26,PICKER_020,"[6, 13]",2,50.94,3.28,75,6,1,MANUAL,1
ROUTE_002183,PLANT20,2023-04-23,PICKER_007,"[2, 3, 4]",3,45.13,3.01,36,6,1,GREEDY,0
ROUTE_002184,PLANT16,2024-12-14,PICKER_005,"[2, 3, 5, 6, 10, 11, 13, 15, 16]",9,162.63,3.97,49,10,1,MANUAL,1
ROUTE_002185,PLANT18,2024-12-08,PICKER_001,"[2, 4, 6, 7, 8, 9, 10, 11, 16]",9,114.48,3.43,46,10,1,GREEDY,1
ROUTE_002186,PLANT01,2024-07-02,PICKER_017,"[3, 6, 7, 13, 19, 25]",6,122.23,5.12,34,6,1,DIJKSTRA,0
ROUTE_002187,PLANT03,2024-03-11,PICKER_009,"[1, 2, 3, 4, 5, 6, 7, 8, 10, 11]",10,156.59,5.12,47,5,1,ASTAR,0
ROUTE_002188,PLANT16,2023-01-19,PICKER_039,"[1, 2, 3, 4, 5, 7, 9, 14, 16]",9,146.23,4.92,39,1,1,GREEDY,0
ROUTE_002189,PLANT04,2024-08-30,PICKER_010,"[1, 4, 6, 9, 13, 14, 15, 16]",8,92.22,2.87,41,2,1,ASTAR,1
ROUTE_002190,PLANT17,2023-11-18,PICKER_003,"[1, 2, 4, 7, 8, 9, 10, 11, 18, 20]",10,150.6,3.56,38,10,1,ASTAR,1
ROUTE_002191,PLANT14,2024-05-23,PICKER_016,"[4, 9, 11, 12, 15, 16, 21, 26, 28]",9,153.54,4.75,35,4,1,MANUAL,0
ROUTE_002192,PLANT09,2023-10-03,PICKER_047,"[1, 2, 3, 4, 5, 6, 7, 8, 9, 10]",10,164.45,5.1,40,5,1,DIJKSTRA,0
ROUTE_002193,PLANT13,2023-02-25,PICKER_050,"[9, 10]",2,24.47,1.66,12,5,1,GREEDY,0
ROUTE_002194,PLANT08,2024-10-21,PICKER_046,"[4, 14, 20, 25, 29]",5,112.01,3.29,57,8,1,GREEDY,0
ROUTE_002195,PLANT05,2023-09-01,PICKER_029,"[1, 2, 3, 4]",4,91.12,4.12,66,4,1,ASTAR,0
ROUTE_002196,PLANT16,2023-06-22,PICKER_014,"[1, 2, 3, 7, 8, 9, 10, 11, 16]",9,154.44,3.64,16,6,1,MANUAL,0
ROUTE_002197,PLANT04,2023-04-21,PICKER_049,"[2, 4, 6, 10, 14, 15, 16, 17, 18]",9,179.8,4.18,61,10,1,ASTAR,1
ROUTE_002198,PLANT10,2024-12-16,PICKER_037,"[7, 9, 11, 15, 16, 18, 20, 22]",8,131.84,5.35,15,3,1,MANUAL,1
ROUTE_002199,PLANT03,2023-06-16,PICKER_011,"[7, 9, 11]",3,59.21,2.16,43,6,1,ASTAR,0
ROUTE_002200,PLANT06,2023-04-16,PICKER_003,"[1, 2, 4, 6, 8, 17, 26, 28]",8,161.35,6.08,23,3,1,ASTAR,0
ROUTE_002201,PLANT12,2024-10-17,PICKER_007,"[6, 9, 21, 25]",4,48.54,2.27,19,9,1,MANUAL,1
ROUTE_002202,PLANT18,2024-03-04,PICKER_021,"[6, 14]",2,22.71,2.58,57,6,1,DIJKSTRA,1
ROUTE_002203,PLANT16,2023-03-30,PICKER_045,"[1, 3, 6, 7, 8, 11, 16]",7,95.41,4.86,27,9,1,MANUAL,1
ROUTE_002204,PLANT12,2024-12-18,PICKER_037,"[2, 3, 8, 10, 11, 21]",6,104.32,3.66,7,3,1,ASTAR,0
ROUTE_002205,PLANT08,2024-06-08,PICKER_037,"[2, 7, 10, 14, 16, 18, 20, 21, 22, 28]",10,205.19,7.08,35,7,1,MANUAL,1
ROUTE_002206,PLANT06,2023-05-08,PICKER_045,"[3, 9, 26]",3,70.74,3.99,38,1,1,ASTAR,0
ROUTE_002207,PLANT10,2023-12-22,PICKER_016,"[2, 23]",2,46.84,2.11,18,9,1,ASTAR,1
ROUTE_002208,PLANT10,2023-11-20,PICKER_007,"[7, 8, 10, 11, 17, 18, 19, 20, 23, 24]",10,193.68,5.54,25,4,1,DIJKSTRA,1
ROUTE_002209,PLANT13,2023-09-19,PICKER_023,"[6, 7, 8, 9]",4,80.88,2.64,23,1,1,ASTAR,0
ROUTE_002210,PLANT07,2023-12-31,PICKER_039,"[7, 10]",2,32.4,1.91,78,2,1,GREEDY,1
ROUTE_002211,PLANT05,2024-02-11,PICKER_036,"[1, 2, 3, 4, 6]",5,81.16,4.62,24,3,1,ASTAR,0
ROUTE_002212,PLANT14,2024-06-05,PICKER_027,"[7, 10, 13, 19, 23, 24, 27, 29]",8,124.0,4.51,76,2,1,MANUAL,1
ROUTE_002213,PLANT14,2023-05-24,PICKER_007,"[2, 4, 7, 8, 15, 16, 20, 21, 22, 29]",10,189.29,5.35,70,8,1,ASTAR,1
ROUTE_002214,PLANT14,2023-01-30,PICKER_010,"[4, 13, 19, 29]",4,80.33,2.29,79,7,1,ASTAR,1
ROUTE_002215,PLANT20,2023-10-27,PICKER_045,"[1, 2, 4, 5, 6, 7]",6,110.3,4.74,59,9,1,ASTAR,0
ROUTE_002216,PLANT10,2024-05-30,PICKER_003,"[12, 15]",2,37.57,1.68,30,5,1,ASTAR,0
ROUTE_002217,PLANT12,2023-09-17,PICKER_040,"[1, 3, 7, 11, 19, 25]",6,112.01,3.44,50,6,1,DIJKSTRA,0
ROUTE_002218,PLANT10,2024-02-03,PICKER_031,"[3, 20]",2,43.0,2.05,26,6,1,GREEDY,0
ROUTE_002219,PLANT14,2024-07-04,PICKER_032,"[2, 4, 5, 8, 9, 13, 20, 21, 22, 28]",10,145.05,4.85,20,6,1,ASTAR,0
ROUTE_002220,PLANT11,2024-05-19,PICKER_047,"[1, 2, 4]",3,66.39,2.3,74,6,1,GREEDY,1
ROUTE_002221,PLANT17,2024-05-14,PICKER_029,"[4, 11, 12, 14, 16]",5,63.9,4.14,26,7,1,GREEDY,0
ROUTE_002222,PLANT19,2023-11-25,PICKER_022,"[4, 14, 15, 19]",4,59.53,3.35,50,1,1,MANUAL,0
ROUTE_002223,PLANT04,2024-08-04,PICKER_018,"[2, 3, 4, 5, 10, 11, 12, 13, 17, 18]",10,181.53,4.67,10,2,1,GREEDY,0
ROUTE_002224,PLANT12,2024-11-29,PICKER_016,"[2, 4, 8, 9, 12, 14, 17, 19, 23, 24]",10,186.85,5.37,34,4,1,DIJKSTRA,1
ROUTE_002225,PLANT15,2024-03-31,PICKER_014,"[4, 5, 10, 11, 12, 24]",6,102.62,3.51,14,7,1,MANUAL,0
ROUTE_002226,PLANT07,2023-01-24,PICKER_006,"[1, 4, 5, 6, 7, 8, 9, 10, 11, 12]",10,170.18,6.38,59,6,1,GREEDY,0
ROUTE_002227,PLANT06,2023-08-28,PICKER_009,"[2, 7, 13, 15, 17, 18, 20, 23, 25, 28]",10,217.29,5.18,69,3,1,DIJKSTRA,1
ROUTE_002228,PLANT13,2024-04-23,PICKER_008,"[1, 2, 4, 5]",4,69.19,4.27,74,5,1,DIJKSTRA,0
ROUTE_002229,PLANT15,2023-04-19,PICKER_039,"[3, 14, 17]",3,32.67,2.97,41,7,1,GREEDY,1
ROUTE_002230,PLANT19,2024-06-16,PICKER_016,"[5, 8, 14, 17, 18, 19, 23]",7,104.02,4.12,8,5,1,DIJKSTRA,0
ROUTE_002231,PLANT15,2023-04-10,PICKER_008,"[6, 8, 9, 11, 13, 19, 21, 22]",8,136.75,4.06,69,9,1,DIJKSTRA,0
ROUTE_002232,PLANT05,2023-04-07,PICKER_032,"[2, 3, 9]",3,38.89,2.41,16,2,1,ASTAR,1
ROUTE_002233,PLANT08,2024-04-20,PICKER_005,"[5, 8, 21, 22, 25]",5,104.9,4.26,5,4,1,MANUAL,1
ROUTE_002234,PLANT15,2023-06-07,PICKER_032,"[3, 7, 9, 11, 12, 13, 16, 17, 22]",9,138.26,5.63,52,10,1,GREEDY,0
ROUTE_002235,PLANT07,2024-06-07,PICKER_022,"[1, 2, 3, 6, 7, 8, 9, 11, 12]",9,170.93,4.21,48,6,1,MANUAL,0
ROUTE_002236,PLANT20,2024-10-14,PICKER_022,"[6, 7]",2,25.54,2.15,30,2,1,DIJKSTRA,0
ROUTE_002237,PLANT07,2024-11-05,PICKER_004,"[1, 2, 10]",3,71.66,4.01,51,4,1,DIJKSTRA,0
ROUTE_002238,PLANT04,2024-09-10,PICKER_041,"[8, 11, 15, 20]",4,66.2,4.3,20,5,1,ASTAR,1
ROUTE_002239,PLANT04,2024-02-02,PICKER_017,"[1, 2, 5, 9, 10, 11, 17]",7,94.78,4.52,70,4,1,MANUAL,1
ROUTE_002240,PLANT10,2023-10-21,PICKER_004,"[3, 6, 9, 11, 14, 15, 17, 18]",8,118.56,5.3,24,3,1,MANUAL,0
ROUTE_002241,PLANT10,2024-02-08,PICKER_024,"[1, 2, 10, 12, 15, 18, 22]",7,135.69,4.28,66,6,1,MANUAL,1
ROUTE_002242,PLANT08,2024-11-08,PICKER_005,"[13, 14, 15, 18, 19, 20]",6,110.7,4.94,14,5,1,ASTAR,1
ROUTE_002243,PLANT12,2024-03-03,PICKER_006,"[2, 3, 9, 14, 15, 16, 20, 21, 24]",9,151.64,5.46,6,9,1,MANUAL,1
ROUTE_002244,PLANT02,2024-07-08,PICKER_023,"[2, 4, 6]",3,60.23,4.19,50,8,1,ASTAR,0
ROUTE_002245,PLANT09,2023-07-02,PICKER_041,"[1, 2, 3, 4, 6, 7, 9, 10]",8,153.99,5.28,8,10,1,ASTAR,1
ROUTE_002246,PLANT08,2024-07-26,PICKER_044,"[16, 19, 27]",3,72.87,3.54,32,5,1,ASTAR,0
ROUTE_002247,PLANT07,2023-10-13,PICKER_005,"[1, 2, 3, 4, 6, 9, 10, 12]",8,112.82,2.84,24,3,1,GREEDY,0
ROUTE_002248,PLANT18,2024-01-21,PICKER_049,"[4, 6]",2,30.94,1.47,68,4,1,ASTAR,1
ROUTE_002249,PLANT19,2023-12-14,PICKER_008,"[6, 14, 15, 20]",4,53.74,3.33,6,9,1,GREEDY,1
ROUTE_002250,PLANT02,2023-04-29,PICKER_007,"[1, 2, 3, 4]",4,77.37,4.54,78,1,1,MANUAL,1
ROUTE_002251,PLANT12,2024-09-19,PICKER_045,"[9, 15]",2,29.37,3.08,58,9,1,DIJKSTRA,0
ROUTE_002252,PLANT18,2024-03-15,PICKER_029,"[1, 5, 7, 8, 9, 10, 13]",7,120.91,3.65,78,4,1,MANUAL,1
ROUTE_002253,PLANT07,2024-10-26,PICKER_038,"[1, 2, 3, 4, 5, 6, 7, 8, 9, 11]",10,141.37,5.75,67,2,1,ASTAR,0
ROUTE_002254,PLANT18,2023-02-10,PICKER_025,"[11, 13, 16]",3,52.26,2.63,30,5,1,GREEDY,0
ROUTE_002255,PLANT11,2023-12-18,PICKER_017,"[1, 2, 3, 4, 5]",5,73.95,4.4,56,7,1,DIJKSTRA,1
ROUTE_002256,PLANT20,2024-07-13,PICKER_011,"[1, 3, 5, 7]",4,63.36,3.19,80,10,1,GREEDY,1
ROUTE_002257,PLANT17,2023-10-04,PICKER_047,"[5, 14, 22, 23, 24]",5,99.45,2.93,14,9,1,GREEDY,0
ROUTE_002258,PLANT04,2024-12-06,PICKER_024,"[4, 9, 10, 11, 12, 15, 18, 19]",8,169.18,4.27,72,3,1,ASTAR,0
ROUTE_002259,PLANT14,2024-01-12,PICKER_009,"[1, 4, 14, 18, 19, 23, 25, 26, 28]",9,206.79,7.07,34,1,1,DIJKSTRA,1
ROUTE_002260,PLANT11,2023-07-09,PICKER_036,"[1, 2]",2,27.45,2.33,45,5,1,MANUAL,1
ROUTE_002261,PLANT05,2023-11-25,PICKER_039,"[1, 2, 3, 4, 5, 8, 9]",7,82.45,4.21,11,6,1,GREEDY,0
ROUTE_002262,PLANT08,2023-12-14,PICKER_047,"[1, 2, 7, 10, 12, 13, 14, 15, 16, 21]",10,177.48,6.3,60,5,1,MANUAL,0
ROUTE_002263,PLANT04,2023-06-01,PICKER_031,"[1, 4, 5, 6, 7, 8, 10, 14, 16, 18]",10,173.41,6.22,34,4,1,GREEDY,1
ROUTE_002264,PLANT18,2023-01-04,PICKER_004,"[1, 2, 4, 7, 9, 13, 16]",7,139.12,4.81,48,7,1,GREEDY,0
ROUTE_002265,PLANT13,2023-03-30,PICKER_026,"[1, 2, 3, 4, 5, 6, 7, 8, 9, 10]",10,221.85,5.69,15,8,1,GREEDY,1
ROUTE_002266,PLANT16,2023-03-11,PICKER_010,"[1, 3, 5, 6, 7, 11, 12, 13, 15]",9,152.56,3.74,29,1,1,MANUAL,1
ROUTE_002267,PLANT04,2024-08-14,PICKER_036,"[3, 6, 8, 11, 17, 19]",6,78.69,3.9,27,9,1,DIJKSTRA,0
ROUTE_002268,PLANT15,2024-03-06,PICKER_041,"[9, 10, 11, 12, 17, 21, 23, 25]",8,162.95,4.11,32,7,1,MANUAL,0
ROUTE_002269,PLANT08,2024-11-29,PICKER_021,"[6, 7, 9, 10, 11, 15, 19, 20, 23]",9,130.13,3.27,44,3,1,MANUAL,1
ROUTE_002270,PLANT01,2024-04-20,PICKER_004,"[6, 20]",2,43.01,3.51,19,1,1,DIJKSTRA,0
ROUTE_002271,PLANT09,2023-07-13,PICKER_013,"[3, 6, 8, 9]",4,65.97,2.35,43,5,1,MANUAL,1
ROUTE_002272,PLANT01,2024-04-03,PICKER_026,"[10, 14, 15, 22, 23]",5,91.32,4.39,69,1,1,ASTAR,1
ROUTE_002273,PLANT01,2023-04-05,PICKER_026,"[9, 11, 13, 14, 15]",5,91.07,4.15,12,4,1,GREEDY,1
ROUTE_002274,PLANT08,2023-09-26,PICKER_026,"[3, 5, 7, 10, 12, 15, 20, 21, 23]",9,152.79,4.09,53,5,1,MANUAL,0
ROUTE_002275,PLANT13,2024-04-09,PICKER_032,"[1, 2, 3, 4, 5, 6, 7, 8, 9, 10]",10,189.42,6.02,32,7,1,ASTAR,1
ROUTE_002276,PLANT18,2023-12-02,PICKER_015,"[1, 3, 6, 8, 9, 11, 12, 13, 15]",9,168.8,5.29,78,3,1,ASTAR,1
ROUTE_002277,PLANT17,2024-04-01,PICKER_027,"[2, 11, 13, 15, 19, 20, 21, 22, 23]",9,162.12,5.91,36,7,1,ASTAR,0
ROUTE_002278,PLANT13,2024-12-05,PICKER_014,"[1, 2, 3, 4, 5, 6, 7, 8, 9, 10]",10,203.14,6.82,23,2,1,GREEDY,0
ROUTE_002279,PLANT09,2024-10-07,PICKER_038,"[2, 3, 8]",3,47.36,2.37,43,7,1,ASTAR,0
ROUTE_002280,PLANT11,2024-04-11,PICKER_046,"[1, 3, 5]",3,56.41,1.85,42,4,1,GREEDY,1
ROUTE_002281,PLANT04,2024-03-15,PICKER_033,"[1, 3, 12, 14, 16, 20]",6,94.71,2.75,51,6,1,MANUAL,0
ROUTE_002282,PLANT05,2023-10-15,PICKER_016,"[1, 2, 3, 6, 7]",5,93.64,2.83,36,3,1,GREEDY,0
ROUTE_002283,PLANT17,2023-12-06,PICKER_037,"[3, 9, 23]",3,57.92,2.11,12,9,1,DIJKSTRA,0
ROUTE_002284,PLANT20,2024-08-16,PICKER_047,"[1, 2, 3, 4, 5, 6, 7]",7,133.91,4.43,45,5,1,MANUAL,0
ROUTE_002285,PLANT07,2023-12-27,PICKER_006,"[1, 2, 4, 5, 6, 7, 9, 11, 12]",9,151.38,5.49,16,3,1,ASTAR,1
ROUTE_002286,PLANT15,2024-04-15,PICKER_010,"[2, 8, 11, 13, 18]",5,121.57,4.1,49,7,1,ASTAR,0
ROUTE_002287,PLANT06,2023-04-01,PICKER_009,"[2, 4, 8, 24]",4,61.93,3.02,80,4,1,ASTAR,0
ROUTE_002288,PLANT05,2023-03-31,PICKER_028,"[1, 2, 4, 5, 6, 7, 9]",7,106.89,4.82,25,9,1,GREEDY,1
ROUTE_002289,PLANT17,2023-03-15,PICKER_036,"[2, 9, 16, 17, 18, 20]",6,122.46,3.93,32,3,1,ASTAR,0
ROUTE_002290,PLANT09,2024-06-13,PICKER_008,"[6, 8]",2,35.27,3.57,53,9,1,GREEDY,0
ROUTE_002291,PLANT20,2023-02-25,PICKER_048,"[1, 2, 3, 4, 5, 6, 7]",7,120.93,3.48,8,1,1,DIJKSTRA,0
ROUTE_002292,PLANT05,2024-06-23,PICKER_045,"[1, 3, 4, 5, 6, 8, 9]",7,103.86,4.25,53,7,1,DIJKSTRA,0
ROUTE_002293,PLANT01,2024-07-22,PICKER_014,"[6, 8]",2,30.22,3.48,65,7,1,DIJKSTRA,0
ROUTE_002294,PLANT18,2024-03-10,PICKER_012,"[4, 6, 8, 9, 10, 11, 13, 14, 15, 16]",10,169.27,3.96,6,7,1,ASTAR,1
ROUTE_002295,PLANT14,2024-10-08,PICKER_004,"[3, 9, 11, 14, 19, 22, 24]",7,143.65,3.59,24,10,1,ASTAR,0
ROUTE_002296,PLANT19,2023-06-15,PICKER_050,"[2, 4, 6, 8, 14, 16, 18, 19, 21, 22]",10,216.96,5.81,44,6,1,MANUAL,0
ROUTE_002297,PLANT15,2024-02-22,PICKER_040,"[1, 2, 4, 5, 9, 13, 16, 17, 18, 20]",10,157.93,4.54,54,9,1,MANUAL,0
ROUTE_002298,PLANT09,2023-11-09,PICKER_008,"[1, 2, 3, 4, 8, 10]",6,100.12,3.51,11,9,1,DIJKSTRA,1
ROUTE_002299,PLANT04,2023-07-31,PICKER_013,"[3, 13, 14]",3,69.46,3.4,44,7,1,ASTAR,0
ROUTE_002300,PLANT14,2023-07-09,PICKER_047,"[3, 4, 7, 13, 18, 19, 21, 24, 26, 27]",10,177.29,5.84,42,3,1,MANUAL,1
ROUTE_002301,PLANT14,2023-05-02,PICKER_035,"[1, 2, 4, 5, 9, 10, 12, 16, 20, 28]",10,177.68,4.08,52,6,1,GREEDY,1
ROUTE_002302,PLANT05,2023-01-30,PICKER_002,"[1, 8, 9]",3,53.43,3.36,73,6,1,DIJKSTRA,1
ROUTE_002303,PLANT13,2023-06-20,PICKER_015,"[3, 6, 10]",3,80.06,2.47,71,1,1,DIJKSTRA,0
ROUTE_002304,PLANT02,2023-09-12,PICKER_015,"[1, 2, 4]",3,57.45,3.42,28,9,1,ASTAR,1
ROUTE_002305,PLANT15,2024-11-03,PICKER_042,"[3, 5, 6, 8, 10, 11, 14, 18, 19, 21]",10,180.47,4.97,80,6,1,ASTAR,1
ROUTE_002306,PLANT19,2024-09-02,PICKER_008,"[7, 10, 11, 22, 23]",5,108.23,4.29,15,1,1,ASTAR,1
ROUTE_002307,PLANT03,2023-11-19,PICKER_011,"[1, 2, 3, 5, 6, 7, 8, 9, 10, 11]",10,163.9,5.01,63,5,1,MANUAL,1
ROUTE_002308,PLANT02,2024-08-02,PICKER_002,"[2, 3, 4, 6]",4,56.88,2.77,37,6,1,DIJKSTRA,0
ROUTE_002309,PLANT04,2024-12-14,PICKER_016,"[8, 9, 10, 15, 19]",5,79.54,2.62,58,10,1,GREEDY,0
ROUTE_002310,PLANT03,2024-04-21,PICKER_009,"[1, 2, 3, 4, 5, 6, 7, 9, 10, 11]",10,150.87,4.9,79,2,1,MANUAL,0
ROUTE_002311,PLANT15,2024-06-26,PICKER_049,"[19, 23]",2,34.47,1.68,5,1,1,DIJKSTRA,1
ROUTE_002312,PLANT16,2023-11-25,PICKER_001,"[3, 7, 10, 11, 12, 15, 16]",7,148.96,4.6,63,8,1,DIJKSTRA,0
ROUTE_002313,PLANT08,2023-01-17,PICKER_038,"[2, 6, 10, 11, 20, 21, 23, 24, 25, 27]",10,207.89,7.09,47,10,1,ASTAR,1
ROUTE_002314,PLANT09,2023-12-17,PICKER_036,"[4, 6, 7, 10]",4,65.24,3.41,30,5,1,GREEDY,0
ROUTE_002315,PLANT12,2023-05-05,PICKER_009,"[2, 3, 5, 14, 16, 21, 22, 25]",8,139.56,5.58,70,10,1,MANUAL,1
ROUTE_002316,PLANT04,2024-04-08,PICKER_033,"[9, 11, 16]",3,35.46,2.3,69,8,1,GREEDY,1
ROUTE_002317,PLANT16,2023-06-13,PICKER_035,"[1, 4, 6, 7, 8, 9, 11, 12]",8,134.08,3.91,30,3,1,ASTAR,0
ROUTE_002318,PLANT11,2024-03-12,PICKER_032,"[1, 2]",2,44.67,2.87,34,6,1,MANUAL,1
ROUTE_002319,PLANT12,2024-04-01,PICKER_032,"[3, 4, 5, 10, 17, 18, 20, 22, 25]",9,195.4,5.48,16,9,1,ASTAR,0
ROUTE_002320,PLANT12,2023-04-11,PICKER_008,"[1, 4, 12, 15, 16, 19, 21]",7,122.53,4.74,71,7,1,GREEDY,1
ROUTE_002321,PLANT20,2024-12-24,PICKER_015,"[1, 2, 3, 4, 5]",5,53.14,2.37,46,10,1,ASTAR,0
ROUTE_002322,PLANT20,2024-12-02,PICKER_002,"[1, 2, 3, 4, 5, 6, 7]",7,117.15,4.54,53,4,1,DIJKSTRA,0
ROUTE_002323,PLANT01,2024-07-09,PICKER_037,"[8, 10, 11, 15, 17, 19, 21, 24]",8,124.79,4.53,35,4,1,GREEDY,1
ROUTE_002324,PLANT10,2023-04-24,PICKER_025,"[2, 4, 9, 14, 15, 18, 21]",7,121.39,4.09,13,2,1,ASTAR,0
ROUTE_002325,PLANT08,2024-02-09,PICKER_003,"[1, 5, 12, 15, 16, 17, 21, 22, 23, 25]",10,187.43,5.26,17,7,1,ASTAR,1
ROUTE_002326,PLANT04,2023-01-24,PICKER_034,"[5, 20]",2,35.01,2.12,49,2,1,DIJKSTRA,1
ROUTE_002327,PLANT03,2024-04-07,PICKER_036,"[1, 2, 4, 5, 7, 8, 9, 10, 11]",9,169.21,6.2,23,1,1,MANUAL,1
ROUTE_002328,PLANT14,2024-10-12,PICKER_031,"[2, 3, 7, 17, 19, 26]",6,104.68,3.86,71,5,1,MANUAL,1
ROUTE_002329,PLANT18,2024-02-18,PICKER_043,"[3, 5, 8, 9, 10, 13, 14, 15]",8,162.17,4.84,71,7,1,MANUAL,1
ROUTE_002330,PLANT16,2023-09-20,PICKER_038,"[3, 4, 8, 11, 13, 15]",6,119.43,3.18,21,8,1,DIJKSTRA,1
ROUTE_002331,PLANT12,2024-09-27,PICKER_026,"[3, 12, 15, 16, 19, 20, 21]",7,133.18,4.91,67,1,1,ASTAR,0
ROUTE_002332,PLANT14,2023-11-24,PICKER_050,"[4, 9, 10, 12, 15, 19, 21, 25, 28, 29]",10,210.85,6.12,10,8,1,ASTAR,1
ROUTE_002333,PLANT20,2024-02-19,PICKER_034,"[2, 3, 5, 6]",4,74.21,3.18,37,5,1,MANUAL,1
ROUTE_002334,PLANT03,2024-10-14,PICKER_007,"[1, 2, 3, 4, 5, 6, 8, 9, 10, 11]",10,148.61,4.57,62,10,1,DIJKSTRA,0
ROUTE_002335,PLANT07,2024-04-02,PICKER_040,"[1, 2, 4, 5, 6, 8, 9, 10, 11]",9,179.47,6.46,73,9,1,ASTAR,0
ROUTE_002336,PLANT01,2023-11-02,PICKER_008,"[3, 15, 23, 25]",4,67.17,1.89,11,4,1,MANUAL,0
ROUTE_002337,PLANT20,2023-03-14,PICKER_019,"[3, 4, 6, 7]",4,77.48,3.97,79,5,1,GREEDY,1
ROUTE_002338,PLANT02,2023-04-16,PICKER_017,"[1, 2, 3, 4, 5]",5,61.49,1.98,63,7,1,GREEDY,1
ROUTE_002339,PLANT04,2023-04-16,PICKER_003,"[4, 8, 11, 14]",4,45.68,2.88,33,8,1,MANUAL,1
ROUTE_002340,PLANT12,2023-05-24,PICKER_008,"[3, 10, 24, 25]",4,53.62,2.95,46,5,1,DIJKSTRA,0
ROUTE_002341,PLANT01,2024-03-08,PICKER_014,"[11, 21, 22]",3,61.37,2.06,74,9,1,GREEDY,1
ROUTE_002342,PLANT01,2023-09-09,PICKER_040,"[20, 26]",2,28.19,2.47,11,1,1,DIJKSTRA,0
ROUTE_002343,PLANT04,2024-10-19,PICKER_046,"[2, 3, 5, 7, 12, 13, 16]",7,126.51,3.03,80,3,1,MANUAL,0
ROUTE_002344,PLANT19,2023-12-11,PICKER_038,"[5, 13, 18]",3,56.9,3.58,40,4,1,DIJKSTRA,1
ROUTE_002345,PLANT11,2023-11-23,PICKER_008,"[1, 2, 3, 4, 5]",5,74.38,4.25,63,10,1,DIJKSTRA,1
ROUTE_002346,PLANT06,2024-05-27,PICKER_014,"[3, 5, 6, 9, 11, 14, 18, 19, 21, 25]",10,172.97,4.32,58,5,1,DIJKSTRA,0
ROUTE_002347,PLANT03,2023-04-28,PICKER_040,"[5, 7, 9, 10]",4,83.27,3.61,22,7,1,ASTAR,0
ROUTE_002348,PLANT06,2023-05-28,PICKER_002,"[2, 3, 6, 8, 19]",5,96.13,3.74,79,7,1,MANUAL,1
ROUTE_002349,PLANT05,2023-05-04,PICKER_031,"[2, 3, 4, 5, 6, 7, 8, 9]",8,135.8,4.09,45,8,1,ASTAR,1
ROUTE_002350,PLANT06,2024-08-18,PICKER_042,"[13, 17, 18, 21]",4,94.24,3.69,65,1,1,MANUAL,0
ROUTE_002351,PLANT19,2024-09-11,PICKER_017,"[11, 20, 21]",3,55.58,3.99,16,4,1,ASTAR,0
ROUTE_002352,PLANT07,2024-04-30,PICKER_049,"[1, 2, 6]",3,61.24,2.21,63,7,1,GREEDY,1
ROUTE_002353,PLANT05,2023-05-10,PICKER_009,"[1, 2, 4, 5, 6, 7, 8, 9]",8,140.02,4.62,27,5,1,DIJKSTRA,0
ROUTE_002354,PLANT07,2024-06-02,PICKER_023,"[2, 3, 7, 10]",4,82.68,2.62,25,5,1,MANUAL,0
ROUTE_002355,PLANT16,2024-09-10,PICKER_042,"[2, 3, 5, 7, 8, 10, 13, 14, 16]",9,195.48,5.88,67,9,1,ASTAR,1
ROUTE_002356,PLANT04,2024-10-25,PICKER_043,"[2, 4, 12]",3,39.97,3.17,19,8,1,MANUAL,0
ROUTE_002357,PLANT11,2023-10-11,PICKER_034,"[1, 2, 3, 4]",4,53.74,2.68,20,1,1,MANUAL,0
ROUTE_002358,PLANT07,2024-05-03,PICKER_028,"[1, 6, 8, 11]",4,53.3,3.29,65,1,1,GREEDY,1
ROUTE_002359,PLANT10,2024-02-10,PICKER_013,"[2, 8, 10]",3,53.26,1.67,52,7,1,DIJKSTRA,1
ROUTE_002360,PLANT04,2024-11-10,PICKER_026,"[4, 14, 15, 19]",4,75.11,2.47,45,8,1,ASTAR,1
ROUTE_002361,PLANT14,2023-08-25,PICKER_009,"[3, 4, 6, 12, 18, 23, 26, 29]",8,154.23,4.26,67,3,1,MANUAL,0
ROUTE_002362,PLANT17,2023-05-18,PICKER_012,"[3, 5, 8, 9, 15]",5,76.63,3.49,47,6,1,DIJKSTRA,1
ROUTE_002363,PLANT08,2024-10-20,PICKER_019,"[1, 3, 4, 5, 11, 12, 20]",7,113.03,3.7,49,5,1,DIJKSTRA,0
ROUTE_002364,PLANT09,2023-06-24,PICKER_044,"[3, 8]",2,18.89,2.56,54,8,1,GREEDY,0
ROUTE_002365,PLANT06,2023-11-17,PICKER_014,"[14, 16, 25]",3,63.75,3.76,74,8,1,DIJKSTRA,1
ROUTE_002366,PLANT15,2023-04-13,PICKER_047,"[2, 3, 5, 8, 13, 14, 18, 19, 21, 25]",10,145.44,3.88,7,6,1,ASTAR,1
ROUTE_002367,PLANT08,2024-03-24,PICKER_046,"[4, 11, 16, 22, 23, 29]",6,127.27,3.94,71,9,1,MANUAL,1
ROUTE_002368,PLANT12,2023-05-04,PICKER_045,"[3, 5, 13, 20, 21, 22, 25]",7,146.79,4.21,12,9,1,GREEDY,0
ROUTE_002369,PLANT20,2024-12-28,PICKER_009,"[1, 2, 5, 6]",4,71.52,3.42,61,10,1,GREEDY,1
ROUTE_002370,PLANT04,2023-12-27,PICKER_016,"[2, 13, 14, 19]",4,49.26,3.23,42,2,1,GREEDY,1
ROUTE_002371,PLANT19,2024-01-19,PICKER_012,"[1, 2, 4, 8, 13, 17, 18, 21, 23]",9,175.05,5.41,58,9,1,MANUAL,0
ROUTE_002372,PLANT04,2023-07-14,PICKER_045,"[2, 8, 13]",3,72.57,3.65,55,10,1,DIJKSTRA,0
ROUTE_002373,PLANT05,2023-05-09,PICKER_014,"[6, 7]",2,21.36,3.06,19,9,1,GREEDY,1
ROUTE_002374,PLANT19,2024-04-06,PICKER_031,"[6, 8, 11, 14, 16, 23]",6,92.15,3.55,61,3,1,DIJKSTRA,0
ROUTE_002375,PLANT05,2023-02-11,PICKER_029,"[2, 5, 7]",3,48.37,2.21,6,9,1,DIJKSTRA,1
ROUTE_002376,PLANT02,2024-03-15,PICKER_010,"[2, 3]",2,44.08,2.48,54,7,1,DIJKSTRA,1
ROUTE_002377,PLANT12,2023-04-09,PICKER_047,"[3, 4, 5, 8, 9, 11, 20, 21]",8,121.37,4.35,39,6,1,MANUAL,1
ROUTE_002378,PLANT03,2024-03-31,PICKER_035,"[1, 3, 4]",3,52.61,3.17,59,10,1,MANUAL,0
ROUTE_002379,PLANT20,2024-11-09,PICKER_026,"[1, 2, 4, 5, 7]",5,65.61,2.77,56,7,1,ASTAR,1
ROUTE_002380,PLANT14,2023-09-11,PICKER_026,"[6, 7, 13, 16, 17, 19, 24, 27, 28]",9,189.7,4.49,15,6,1,MANUAL,1
ROUTE_002381,PLANT03,2024-07-30,PICKER_048,"[1, 2, 3, 4, 5, 6, 7, 9, 10, 11]",10,185.92,5.77,47,4,1,GREEDY,0
ROUTE_002382,PLANT06,2023-02-14,PICKER_022,"[3, 5, 8, 16, 20, 25, 26, 27]",8,124.73,3.45,52,1,1,MANUAL,1
ROUTE_002383,PLANT09,2024-11-30,PICKER_032,"[1, 2, 3, 5, 7, 9, 10]",7,116.49,3.6,50,2,1,MANUAL,1
ROUTE_002384,PLANT16,2024-07-27,PICKER_025,"[1, 2, 4, 6, 12]",5,91.04,4.04,24,6,1,DIJKSTRA,1
ROUTE_002385,PLANT10,2023-03-31,PICKER_014,"[3, 4, 6, 11, 20, 21]",6,131.94,5.28,64,3,1,GREEDY,1
ROUTE_002386,PLANT06,2024-07-17,PICKER_047,"[2, 6, 12, 15, 17, 19, 22]",7,133.56,4.91,64,8,1,GREEDY,0
ROUTE_002387,PLANT18,2023-01-20,PICKER_025,"[3, 5, 7, 8, 10, 13, 14, 15]",8,162.23,4.98,57,2,1,GREEDY,0
ROUTE_002388,PLANT19,2023-03-18,PICKER_008,"[1, 2, 3, 4, 16, 19, 21]",7,132.9,5.49,79,2,1,DIJKSTRA,1
ROUTE_002389,PLANT20,2023-03-15,PICKER_028,"[1, 5, 7]",3,72.72,1.99,21,10,1,GREEDY,0
ROUTE_002390,PLANT04,2023-06-17,PICKER_050,"[2, 14]",2,26.49,2.21,80,5,1,ASTAR,1
ROUTE_002391,PLANT09,2024-05-25,PICKER_016,"[1, 3, 4, 5, 6, 7, 8, 9, 10]",9,127.62,4.95,34,10,1,MANUAL,0
ROUTE_002392,PLANT20,2024-12-04,PICKER_015,"[1, 2, 3, 4, 5, 6]",6,113.49,3.75,73,6,1,MANUAL,1
ROUTE_002393,PLANT13,2024-10-13,PICKER_043,"[5, 7, 8]",3,27.08,1.88,37,4,1,GREEDY,0
ROUTE_002394,PLANT03,2024-09-21,PICKER_047,"[1, 2, 3, 7, 8, 9, 10, 11]",8,156.88,4.15,39,4,1,MANUAL,1
ROUTE_002395,PLANT20,2024-07-01,PICKER_007,"[2, 3, 6, 7]",4,74.53,2.59,22,10,1,GREEDY,1
ROUTE_002396,PLANT20,2024-11-16,PICKER_022,"[1, 2, 3, 4, 5, 6, 7]",7,88.47,2.58,38,2,1,ASTAR,1
ROUTE_002397,PLANT08,2024-01-23,PICKER_005,"[2, 12]",2,33.69,2.32,27,8,1,ASTAR,0
ROUTE_002398,PLANT05,2024-05-01,PICKER_048,"[1, 2, 3, 4, 5, 8, 9]",7,119.09,4.75,8,4,1,ASTAR,0
ROUTE_002399,PLANT18,2024-01-23,PICKER_021,"[1, 4, 11, 12]",4,60.12,2.33,34,1,1,GREEDY,1
ROUTE_002400,PLANT17,2023-09-06,PICKER_035,"[3, 12, 13, 18, 23]",5,90.84,3.23,61,10,1,ASTAR,0
ROUTE_002401,PLANT16,2024-03-10,PICKER_041,"[3, 9, 10]",3,50.26,2.78,61,7,1,MANUAL,0
ROUTE_002402,PLANT09,2023-04-10,PICKER_035,"[3, 6, 10]",3,61.02,3.8,14,5,1,MANUAL,0
ROUTE_002403,PLANT06,2023-07-04,PICKER_039,"[3, 12, 22, 24, 25, 28]",6,128.41,3.99,27,7,1,DIJKSTRA,0
ROUTE_002404,PLANT17,2024-04-28,PICKER_039,"[9, 11, 16, 22]",4,64.39,3.02,12,3,1,GREEDY,1
ROUTE_002405,PLANT13,2024-07-04,PICKER_042,"[1, 2, 3, 4, 5, 8, 10]",7,135.64,4.13,45,9,1,DIJKSTRA,0
ROUTE_002406,PLANT15,2023-10-26,PICKER_046,"[3, 12, 17, 18]",4,74.68,3.39,22,10,1,DIJKSTRA,0
ROUTE_002407,PLANT05,2024-09-02,PICKER_010,"[1, 2, 4, 5, 7, 8]",6,115.01,3.33,38,9,1,GREEDY,0
ROUTE_002408,PLANT17,2023-10-07,PICKER_043,"[1, 2, 4, 8, 12, 17, 18, 20, 22, 24]",10,158.29,3.74,8,3,1,GREEDY,1
ROUTE_002409,PLANT07,2024-09-19,PICKER_037,"[3, 6, 7, 8, 9, 11]",6,118.42,4.66,60,10,1,MANUAL,1
ROUTE_002410,PLANT16,2023-04-04,PICKER_004,"[1, 3, 8, 10, 14, 16]",6,102.93,2.71,66,5,1,MANUAL,0
ROUTE_002411,PLANT11,2023-06-25,PICKER_004,"[1, 2, 3, 4, 5]",5,123.2,3.98,53,4,1,MANUAL,1
ROUTE_002412,PLANT11,2023-10-27,PICKER_044,"[1, 5]",2,37.8,3.7,73,5,1,MANUAL,0
ROUTE_002413,PLANT11,2024-05-05,PICKER_033,"[3, 4]",2,40.28,3.69,38,9,1,MANUAL,0
ROUTE_002414,PLANT10,2024-06-19,PICKER_025,"[12, 19, 23, 24]",4,66.44,2.43,43,1,1,MANUAL,1
ROUTE_002415,PLANT06,2023-11-16,PICKER_018,"[1, 10, 12, 18, 19]",5,89.94,4.02,56,4,1,ASTAR,1
ROUTE_002416,PLANT04,2023-04-04,PICKER_015,"[3, 4, 5, 6, 10, 13, 14, 18]",8,161.57,4.01,28,4,1,GREEDY,0
ROUTE_002417,PLANT03,2023-09-16,PICKER_011,"[7, 10]",2,43.0,2.52,72,9,1,DIJKSTRA,1
ROUTE_002418,PLANT18,2023-11-13,PICKER_018,"[2, 5]",2,39.0,2.39,10,2,1,ASTAR,0
ROUTE_002419,PLANT08,2024-02-18,PICKER_043,"[7, 9, 14, 19]",4,78.18,3.18,58,8,1,MANUAL,0
ROUTE_002420,PLANT13,2023-02-07,PICKER_029,"[2, 3, 4, 5, 6, 7, 8, 9, 10]",9,158.8,4.21,26,1,1,GREEDY,1
ROUTE_002421,PLANT03,2024-02-21,PICKER_050,"[1, 4, 9]",3,37.05,2.78,14,7,1,GREEDY,0
ROUTE_002422,PLANT06,2023-11-20,PICKER_050,"[1, 6, 12, 15, 25, 26, 27, 28]",8,146.5,3.76,73,7,1,GREEDY,1
ROUTE_002423,PLANT02,2024-03-29,PICKER_011,"[1, 3, 5, 6]",4,69.55,4.3,53,7,1,GREEDY,1
ROUTE_002424,PLANT06,2023-01-14,PICKER_012,"[4, 10, 15, 16, 18, 21, 22, 23, 25, 27]",10,182.62,4.24,39,6,1,GREEDY,0
ROUTE_002425,PLANT01,2023-12-25,PICKER_031,"[8, 12]",2,15.21,1.1,11,8,1,ASTAR,0
ROUTE_002426,PLANT06,2023-11-29,PICKER_021,"[4, 6, 7, 9, 10, 15, 17, 18, 24, 26]",10,159.74,3.89,78,5,1,ASTAR,0
ROUTE_002427,PLANT09,2023-10-06,PICKER_024,"[1, 2, 4, 5, 7, 8, 10]",7,145.49,3.96,23,1,1,DIJKSTRA,0
ROUTE_002428,PLANT01,2024-09-12,PICKER_018,"[1, 6, 10, 15, 16, 21]",6,128.43,3.92,19,7,1,GREEDY,1
ROUTE_002429,PLANT02,2023-04-17,PICKER_002,"[2, 6]",2,27.84,1.53,52,1,1,ASTAR,0
ROUTE_002430,PLANT16,2024-09-15,PICKER_025,"[1, 2, 3, 7, 8, 9, 10, 14, 15]",9,176.74,5.49,33,5,1,MANUAL,0
ROUTE_002431,PLANT14,2024-02-25,PICKER_018,"[1, 2, 3, 13, 20, 27]",6,134.62,3.55,47,8,1,ASTAR,1
ROUTE_002432,PLANT12,2024-05-15,PICKER_034,"[3, 10, 16, 17, 19, 23]",6,92.43,4.41,21,1,1,MANUAL,0
ROUTE_002433,PLANT19,2023-03-21,PICKER_042,"[4, 12, 16, 19, 21, 23]",6,110.13,3.21,37,9,1,GREEDY,0
ROUTE_002434,PLANT06,2023-12-17,PICKER_042,"[6, 9, 18, 21, 24, 26]",6,131.65,5.53,10,1,1,GREEDY,1
ROUTE_002435,PLANT11,2023-03-04,PICKER_014,"[3, 4]",2,50.83,2.15,58,5,1,ASTAR,1
ROUTE_002436,PLANT11,2023-03-23,PICKER_046,"[1, 2, 5]",3,51.5,3.98,80,9,1,DIJKSTRA,1
ROUTE_002437,PLANT19,2023-10-20,PICKER_025,"[6, 7, 11, 13, 14, 16, 17, 23]",8,172.83,6.16,61,6,1,MANUAL,1
ROUTE_002438,PLANT12,2024-06-12,PICKER_033,"[4, 5, 8, 17, 18, 24]",6,117.77,3.89,32,9,1,ASTAR,0
ROUTE_002439,PLANT03,2024-08-21,PICKER_007,"[3, 4, 5, 7, 9]",5,65.3,4.3,47,10,1,DIJKSTRA,1
ROUTE_002440,PLANT19,2023-02-09,PICKER_035,"[1, 7, 8, 22]",4,83.88,4.55,59,6,1,GREEDY,0
ROUTE_002441,PLANT09,2024-07-12,PICKER_025,"[2, 4, 5, 7]",4,74.63,2.4,27,4,1,GREEDY,0
ROUTE_002442,PLANT08,2024-05-17,PICKER_029,"[1, 2, 8, 9, 17, 20, 27]",7,117.73,3.63,72,2,1,DIJKSTRA,0
ROUTE_002443,PLANT11,2024-10-02,PICKER_034,"[3, 4, 5]",3,30.92,1.13,63,8,1,MANUAL,0
ROUTE_002444,PLANT11,2023-06-10,PICKER_036,"[1, 5]",2,49.02,2.2,45,1,1,GREEDY,0
ROUTE_002445,PLANT11,2024-02-10,PICKER_048,"[1, 3]",2,31.92,2.74,5,7,1,MANUAL,1
ROUTE_002446,PLANT10,2024-09-05,PICKER_020,"[13, 15, 20, 22, 23, 24]",6,106.09,2.68,31,7,1,GREEDY,0
ROUTE_002447,PLANT06,2024-02-16,PICKER_011,"[1, 7, 9, 12, 14, 20, 24, 25, 27, 28]",10,167.58,4.45,70,10,1,MANUAL,1
ROUTE_002448,PLANT16,2023-02-17,PICKER_038,"[5, 7, 9, 11, 13, 14, 15, 16]",8,134.46,3.91,55,1,1,GREEDY,1
ROUTE_002449,PLANT17,2023-11-02,PICKER_041,"[3, 4, 8, 11, 17, 20, 22]",7,123.29,4.53,65,4,1,DIJKSTRA,1
ROUTE_002450,PLANT14,2023-07-07,PICKER_010,"[3, 4, 5, 6, 7, 11, 15, 19, 24]",9,165.76,4.47,63,3,1,GREEDY,0
ROUTE_002451,PLANT03,2024-03-21,PICKER_018,"[4, 5, 7]",3,50.43,2.17,80,6,1,DIJKSTRA,1
ROUTE_002452,PLANT05,2024-10-27,PICKER_042,"[1, 2, 4, 5, 7, 9]",6,101.3,2.98,5,5,1,DIJKSTRA,0
ROUTE_002453,PLANT20,2023-02-09,PICKER_020,"[3, 5]",2,31.56,3.09,15,4,1,GREEDY,1
ROUTE_002454,PLANT02,2023-11-22,PICKER_005,"[1, 2, 3, 4, 5, 6]",6,108.66,3.02,15,1,1,MANUAL,1
ROUTE_002455,PLANT16,2024-10-11,PICKER_022,"[1, 3, 5, 7, 8, 12, 13, 16]",8,108.7,5.03,37,10,1,MANUAL,1
ROUTE_002456,PLANT08,2024-12-09,PICKER_011,"[18, 22, 26]",3,67.63,2.34,6,4,1,DIJKSTRA,0
ROUTE_002457,PLANT18,2024-02-16,PICKER_030,"[6, 8, 9, 10, 11, 12, 15, 16]",8,130.44,3.89,64,4,1,MANUAL,1
ROUTE_002458,PLANT01,2024-11-10,PICKER_048,"[4, 5, 10, 15, 21, 23]",6,101.58,4.16,69,1,1,GREEDY,1
ROUTE_002459,PLANT19,2024-07-07,PICKER_031,"[1, 3, 12, 22]",4,73.05,2.27,10,8,1,DIJKSTRA,0
ROUTE_002460,PLANT10,2023-06-29,PICKER_019,"[3, 5, 9, 10, 14, 19]",6,93.75,3.99,73,6,1,ASTAR,0
ROUTE_002461,PLANT16,2024-07-04,PICKER_040,"[2, 10, 11, 13]",4,76.73,2.26,74,5,1,DIJKSTRA,1
ROUTE_002462,PLANT16,2023-05-23,PICKER_045,"[5, 8, 10, 11]",4,84.43,4.1,9,10,1,MANUAL,0
ROUTE_002463,PLANT19,2024-08-31,PICKER_035,"[1, 5, 6, 7, 12, 14, 15, 18, 19, 22]",10,174.77,5.06,33,6,1,ASTAR,0
ROUTE_002464,PLANT01,2023-01-10,PICKER_022,"[13, 15, 18, 23, 26]",5,115.65,5.28,63,1,1,ASTAR,0
ROUTE_002465,PLANT01,2024-04-23,PICKER_006,"[5, 13, 15, 19, 23]",5,103.54,2.59,27,7,1,MANUAL,1
ROUTE_002466,PLANT16,2023-09-25,PICKER_017,"[2, 3, 6, 7]",4,90.33,2.82,80,4,1,MANUAL,0
ROUTE_002467,PLANT16,2023-05-20,PICKER_020,"[2, 4, 5, 7, 8, 10, 12, 14, 15, 16]",10,161.57,5.66,69,4,1,GREEDY,1
ROUTE_002468,PLANT15,2023-07-04,PICKER_012,"[3, 7, 8, 17, 18]",5,71.99,3.73,50,4,1,GREEDY,1
ROUTE_002469,PLANT15,2023-09-08,PICKER_014,"[1, 2, 4, 13, 17, 19, 25]",7,147.96,3.88,39,3,1,ASTAR,0
ROUTE_002470,PLANT11,2024-07-02,PICKER_016,"[1, 2, 3, 4, 5]",5,68.73,4.15,17,7,1,GREEDY,0
ROUTE_002471,PLANT13,2024-09-13,PICKER_033,"[1, 4, 5]",3,54.68,2.05,51,2,1,MANUAL,0
ROUTE_002472,PLANT05,2023-10-04,PICKER_026,"[3, 4, 6, 8]",4,68.22,2.32,37,7,1,GREEDY,0
ROUTE_002473,PLANT14,2024-12-20,PICKER_007,"[6, 7, 8, 23, 24, 25, 26]",7,151.86,3.9,19,6,1,MANUAL,1
ROUTE_002474,PLANT16,2023-02-08,PICKER_003,"[1, 2, 4, 5, 7, 8, 9, 10, 13, 16]",10,155.44,4.76,19,9,1,MANUAL,1
ROUTE_002475,PLANT16,2023-12-15,PICKER_048,"[2, 3]",2,40.96,2.39,18,4,1,DIJKSTRA,0
ROUTE_002476,PLANT15,2023-01-13,PICKER_041,"[12, 13, 19, 21, 25]",5,90.56,3.81,75,9,1,ASTAR,1
ROUTE_002477,PLANT10,2023-03-07,PICKER_007,"[16, 23]",2,23.3,1.0,62,7,1,DIJKSTRA,1
ROUTE_002478,PLANT03,2024-01-22,PICKER_029,"[2, 3, 6, 7, 8, 9, 10]",7,107.31,5.07,57,4,1,GREEDY,1
ROUTE_002479,PLANT01,2023-01-01,PICKER_022,"[5, 9, 11, 12, 16, 19, 20, 22]",8,142.31,3.93,31,2,1,ASTAR,1
ROUTE_002480,PLANT19,2024-04-29,PICKER_028,"[3, 6, 7, 8, 9, 12, 18, 21]",8,156.68,5.39,55,6,1,MANUAL,1
ROUTE_002481,PLANT01,2024-09-21,PICKER_018,"[12, 22, 24]",3,35.51,1.6,78,7,1,ASTAR,1
ROUTE_002482,PLANT19,2024-09-11,PICKER_041,"[4, 5, 11, 23]",4,65.88,3.94,31,7,1,GREEDY,1
ROUTE_002483,PLANT04,2024-04-13,PICKER_050,"[3, 5, 7, 9, 10, 14, 15, 16, 19, 20]",10,187.17,4.25,16,5,1,MANUAL,1
ROUTE_002484,PLANT08,2023-11-22,PICKER_048,"[1, 11, 13, 21, 24, 25, 26, 27]",8,164.22,4.38,6,7,1,DIJKSTRA,0
ROUTE_002485,PLANT20,2024-06-12,PICKER_021,"[1, 2, 3, 4, 6, 7]",6,113.31,4.5,74,2,1,DIJKSTRA,1
ROUTE_002486,PLANT03,2023-11-21,PICKER_006,"[1, 2, 3, 5, 7, 8, 9, 10, 11]",9,164.94,4.48,40,6,1,MANUAL,1
ROUTE_002487,PLANT15,2023-06-16,PICKER_037,"[3, 5, 9, 10, 12, 14, 20]",7,98.05,2.8,29,3,1,ASTAR,0
ROUTE_002488,PLANT18,2023-06-24,PICKER_029,"[1, 4, 6, 8, 10]",5,103.03,3.23,28,10,1,ASTAR,0
ROUTE_002489,PLANT13,2023-05-08,PICKER_006,"[5, 6, 8]",3,49.15,1.83,45,4,1,ASTAR,1
ROUTE_002490,PLANT10,2023-09-30,PICKER_003,"[2, 8, 14, 20, 21, 22, 23, 24]",8,117.44,4.34,43,2,1,GREEDY,0
ROUTE_002491,PLANT09,2024-12-25,PICKER_018,"[1, 2, 3, 4, 6, 8, 9, 10]",8,139.12,3.33,75,5,1,DIJKSTRA,0
ROUTE_002492,PLANT16,2023-03-08,PICKER_029,"[3, 5, 7, 8, 9, 10, 12, 13, 14, 16]",10,176.2,4.17,12,6,1,GREEDY,1
ROUTE_002493,PLANT17,2024-06-26,PICKER_010,"[2, 7, 9, 11, 12, 13, 14, 17, 24]",9,170.23,4.71,38,3,1,DIJKSTRA,0
ROUTE_002494,PLANT10,2024-12-26,PICKER_006,"[2, 3, 5, 6, 11, 17, 18, 20, 22, 24]",10,193.76,4.58,80,3,1,GREEDY,0
ROUTE_002495,PLANT18,2023-06-01,PICKER_036,"[1, 2, 3, 5, 9, 10, 13, 15, 16]",9,162.87,5.06,50,8,1,ASTAR,0
ROUTE_002496,PLANT08,2023-01-15,PICKER_025,"[11, 29]",2,48.75,1.97,50,6,1,MANUAL,1
ROUTE_002497,PLANT04,2024-04-14,PICKER_016,"[1, 2, 3, 8, 9, 11, 17, 20]",8,112.92,4.97,61,4,1,DIJKSTRA,1
ROUTE_002498,PLANT18,2024-12-03,PICKER_035,"[1, 3, 4, 5, 6, 12, 13, 14, 15]",9,181.37,4.67,63,2,1,GREEDY,1
ROUTE_002499,PLANT16,2023-11-14,PICKER_019,"[1, 2, 3, 9, 12, 13, 14, 15, 16]",9,121.1,5.2,49,1,1,GREEDY,1
ROUTE_002500,PLANT15,2023-11-14,PICKER_041,"[1, 5, 6, 10, 13, 16, 18]",7,154.36,4.03,28,5,1,DIJKSTRA,0
ROUTE_002501,PLANT06,2023-08-09,PICKER_017,"[4, 6, 7, 9, 14, 21, 25]",7,101.41,2.89,64,6,1,ASTAR,0
ROUTE_002502,PLANT16,2023-01-09,PICKER_018,"[6, 14]",2,35.52,3.59,27,9,1,GREEDY,0
ROUTE_002503,PLANT18,2023-06-19,PICKER_014,"[5, 6, 10, 12, 13]",5,77.44,2.47,23,8,1,MANUAL,0
ROUTE_002504,PLANT14,2024-04-30,PICKER_009,"[5, 7, 12, 21, 22]",5,89.71,2.95,33,1,1,DIJKSTRA,1
ROUTE_002505,PLANT14,2024-09-10,PICKER_044,"[6, 8, 11, 22, 26, 28, 29]",7,114.77,5.16,12,8,1,GREEDY,0
ROUTE_002506,PLANT19,2023-10-28,PICKER_036,"[4, 6, 10, 16, 17, 22]",6,152.58,4.45,18,4,1,MANUAL,1
ROUTE_002507,PLANT07,2023-05-25,PICKER_038,"[2, 4, 5, 7, 8, 9, 11, 12]",8,137.16,4.68,29,1,1,DIJKSTRA,0
ROUTE_002508,PLANT02,2023-12-22,PICKER_017,"[1, 2, 3, 4, 5]",5,109.72,4.53,50,9,1,DIJKSTRA,0
ROUTE_002509,PLANT04,2023-09-15,PICKER_038,"[9, 12, 18, 20]",4,58.8,3.88,11,3,1,DIJKSTRA,0
ROUTE_002510,PLANT15,2023-06-04,PICKER_021,"[4, 9, 13, 14, 16, 20, 21, 23, 25]",9,157.56,4.2,61,4,1,DIJKSTRA,0
ROUTE_002511,PLANT12,2023-10-05,PICKER_013,"[4, 8, 10, 14, 15, 21, 23]",7,141.73,3.82,78,5,1,MANUAL,0
ROUTE_002512,PLANT08,2023-06-27,PICKER_008,"[1, 2, 4, 20, 22, 23, 25]",7,85.91,3.6,42,4,1,DIJKSTRA,1
ROUTE_002513,PLANT05,2023-12-11,PICKER_013,"[2, 3, 5, 6, 7, 8]",6,143.34,3.86,22,9,1,ASTAR,1
ROUTE_002514,PLANT12,2024-09-03,PICKER_046,"[5, 6, 7, 8, 9, 11, 21]",7,127.46,3.24,56,10,1,ASTAR,0
ROUTE_002515,PLANT03,2023-04-16,PICKER_035,"[1, 2, 3, 4, 6]",5,115.21,5.05,27,1,1,GREEDY,1
ROUTE_002516,PLANT14,2024-04-09,PICKER_027,"[1, 12, 14, 16, 24, 26]",6,110.47,5.01,32,1,1,ASTAR,0
ROUTE_002517,PLANT04,2023-06-22,PICKER_012,"[7, 8, 9, 12, 15]",5,88.83,4.11,22,7,1,ASTAR,0
ROUTE_002518,PLANT19,2023-06-23,PICKER_019,"[9, 11, 16]",3,62.93,3.58,33,4,1,ASTAR,0
ROUTE_002519,PLANT06,2024-03-29,PICKER_035,"[3, 9, 12, 20, 21]",5,111.27,4.61,71,8,1,DIJKSTRA,0
ROUTE_002520,PLANT03,2024-10-11,PICKER_007,"[1, 5, 8, 10, 11]",5,91.15,3.08,61,1,1,GREEDY,0
ROUTE_002521,PLANT06,2024-07-18,PICKER_020,"[2, 5, 6, 9, 13, 14, 19, 21, 22, 23]",10,155.49,4.39,22,10,1,GREEDY,1
ROUTE_002522,PLANT04,2023-08-13,PICKER_002,"[2, 13]",2,34.58,1.44,29,4,1,DIJKSTRA,0
ROUTE_002523,PLANT11,2023-10-11,PICKER_002,"[1, 2, 3, 4, 5]",5,51.74,2.1,52,7,1,GREEDY,1
ROUTE_002524,PLANT08,2024-12-21,PICKER_033,"[12, 28]",2,33.53,2.43,9,9,1,DIJKSTRA,1
ROUTE_002525,PLANT18,2024-08-27,PICKER_003,"[1, 6, 7, 8, 9, 10, 12, 13, 14]",9,149.96,5.17,14,6,1,DIJKSTRA,0
ROUTE_002526,PLANT13,2023-03-05,PICKER_026,"[3, 5, 6, 7, 9, 10]",6,109.89,4.98,49,6,1,MANUAL,1
ROUTE_002527,PLANT17,2024-07-16,PICKER_020,"[1, 6, 10, 11, 15, 18, 21, 23, 24]",9,154.02,3.89,73,6,1,GREEDY,1
ROUTE_002528,PLANT17,2023-02-04,PICKER_021,"[4, 12, 13, 17, 18, 21, 22]",7,122.53,4.92,14,10,1,ASTAR,0
ROUTE_002529,PLANT19,2024-06-17,PICKER_025,"[1, 3, 11]",3,26.44,1.4,73,5,1,DIJKSTRA,1
ROUTE_002530,PLANT06,2023-11-06,PICKER_019,"[4, 15, 25, 26, 27]",5,67.81,4.35,35,7,1,MANUAL,0
ROUTE_002531,PLANT20,2023-07-31,PICKER_037,"[1, 2]",2,34.8,2.11,5,5,1,GREEDY,0
ROUTE_002532,PLANT20,2024-12-05,PICKER_019,"[1, 2, 3, 4, 5, 6, 7]",7,145.46,4.75,78,6,1,DIJKSTRA,0
ROUTE_002533,PLANT12,2024-05-07,PICKER_045,"[13, 24, 25]",3,36.02,1.84,50,7,1,GREEDY,0
ROUTE_002534,PLANT15,2024-07-08,PICKER_046,"[6, 12, 14, 17, 18, 19, 22]",7,118.2,3.67,27,3,1,GREEDY,1
ROUTE_002535,PLANT18,2023-07-12,PICKER_004,"[2, 3, 6, 8, 10, 11, 12, 13, 14, 16]",10,189.02,5.99,17,10,1,GREEDY,0
ROUTE_002536,PLANT04,2023-02-17,PICKER_002,"[5, 6, 8, 10, 13, 14, 19, 20]",8,122.68,5.13,79,10,1,MANUAL,0
ROUTE_002537,PLANT12,2023-01-13,PICKER_010,"[3, 9, 17, 19, 24, 25]",6,92.36,3.31,50,3,1,GREEDY,0
ROUTE_002538,PLANT17,2024-06-18,PICKER_026,"[13, 19, 21]",3,34.44,2.11,35,9,1,GREEDY,0
ROUTE_002539,PLANT12,2024-07-16,PICKER_022,"[1, 5, 6, 10, 17, 21, 25]",7,128.99,3.46,42,1,1,DIJKSTRA,1
ROUTE_002540,PLANT17,2023-02-18,PICKER_007,"[1, 2, 11, 14, 17, 21, 23]",7,113.24,3.98,39,10,1,MANUAL,0
ROUTE_002541,PLANT11,2023-10-13,PICKER_030,"[1, 3, 5]",3,70.16,3.12,14,2,1,MANUAL,0
ROUTE_002542,PLANT14,2024-05-21,PICKER_005,"[1, 7, 8, 9, 12, 14, 16, 20, 26, 28]",10,162.35,5.99,45,4,1,MANUAL,0
ROUTE_002543,PLANT19,2024-03-17,PICKER_044,"[6, 8, 11, 12, 13, 14, 16, 18, 19, 20]",10,160.84,5.43,7,4,1,MANUAL,1
ROUTE_002544,PLANT15,2023-07-19,PICKER_014,"[11, 12, 13, 14, 17, 19, 20, 22, 25]",9,174.79,5.6,9,10,1,ASTAR,1
ROUTE_002545,PLANT20,2023-05-11,PICKER_020,"[1, 4, 5]",3,47.34,2.75,68,9,1,ASTAR,0
ROUTE_002546,PLANT16,2024-12-10,PICKER_018,"[4, 7, 13, 15]",4,45.02,2.01,19,10,1,DIJKSTRA,0
ROUTE_002547,PLANT01,2023-11-27,PICKER_030,"[1, 2, 5, 8, 19, 20, 21, 22]",8,154.76,4.96,59,1,1,MANUAL,0
ROUTE_002548,PLANT09,2024-04-20,PICKER_037,"[1, 7, 8]",3,56.04,3.15,14,1,1,DIJKSTRA,0
ROUTE_002549,PLANT03,2024-05-17,PICKER_049,"[1, 2, 3, 8, 9, 10, 11]",7,132.96,4.69,14,5,1,DIJKSTRA,1
ROUTE_002550,PLANT02,2023-10-04,PICKER_041,"[1, 2, 3, 4, 5, 6]",6,110.31,3.63,33,2,1,DIJKSTRA,0
ROUTE_002551,PLANT01,2024-08-27,PICKER_005,"[2, 6]",2,34.84,3.61,76,10,1,GREEDY,0
ROUTE_002552,PLANT11,2024-02-10,PICKER_020,"[2, 5]",2,29.59,2.06,54,10,1,GREEDY,1
ROUTE_002553,PLANT18,2024-11-30,PICKER_010,"[1, 3, 6, 8, 16]",5,85.47,3.59,71,8,1,ASTAR,0
ROUTE_002554,PLANT20,2024-06-11,PICKER_040,"[5, 7]",2,21.63,1.68,48,9,1,DIJKSTRA,1
ROUTE_002555,PLANT15,2023-11-10,PICKER_026,"[3, 4, 5]",3,72.75,3.18,20,6,1,GREEDY,1
ROUTE_002556,PLANT02,2023-02-21,PICKER_030,"[2, 3, 4, 5]",4,80.37,2.24,65,2,1,DIJKSTRA,1
ROUTE_002557,PLANT03,2023-06-10,PICKER_009,"[1, 4, 5, 9]",4,67.41,3.61,66,9,1,DIJKSTRA,0
ROUTE_002558,PLANT08,2024-05-11,PICKER_044,"[14, 16, 18, 20, 22, 28]",6,113.15,3.17,19,4,1,ASTAR,0
ROUTE_002559,PLANT01,2024-08-07,PICKER_018,"[11, 15, 19]",3,49.95,2.07,14,3,1,ASTAR,1
ROUTE_002560,PLANT09,2023-03-14,PICKER_046,"[1, 3, 5, 10]",4,38.35,1.98,20,1,1,GREEDY,0
ROUTE_002561,PLANT04,2023-12-29,PICKER_006,"[2, 6, 8, 13, 14, 17, 19, 20]",8,156.88,5.29,48,8,1,ASTAR,0
ROUTE_002562,PLANT17,2024-04-13,PICKER_011,"[3, 5, 6, 7, 9, 11, 14, 21, 23]",9,171.37,5.2,79,9,1,MANUAL,0
ROUTE_002563,PLANT10,2023-09-20,PICKER_027,"[4, 5, 12, 24]",4,81.88,2.81,63,2,1,ASTAR,1
ROUTE_002564,PLANT06,2023-12-18,PICKER_028,"[13, 28]",2,16.77,0.85,8,4,1,MANUAL,1
ROUTE_002565,PLANT02,2024-07-15,PICKER_004,"[1, 3]",2,27.71,2.36,16,6,1,MANUAL,0
ROUTE_002566,PLANT06,2024-02-10,PICKER_006,"[2, 7, 9, 10, 20, 22, 26, 28]",8,136.43,3.61,37,6,1,ASTAR,1
ROUTE_002567,PLANT11,2023-07-13,PICKER_014,"[1, 2, 3, 4]",4,91.03,4.16,44,2,1,GREEDY,1
ROUTE_002568,PLANT16,2024-11-18,PICKER_019,"[3, 4, 6, 8, 9, 15, 16]",7,151.11,4.32,78,8,1,ASTAR,1
ROUTE_002569,PLANT18,2023-09-20,PICKER_026,"[3, 10, 13, 16]",4,77.83,3.29,59,6,1,MANUAL,1
ROUTE_002570,PLANT17,2023-07-29,PICKER_033,"[1, 7, 9, 24]",4,70.41,2.32,44,1,1,DIJKSTRA,1
ROUTE_002571,PLANT13,2023-03-25,PICKER_026,"[1, 3, 4, 5, 7]",5,68.75,2.99,73,6,1,ASTAR,1
ROUTE_002572,PLANT02,2023-08-02,PICKER_018,"[2, 4, 5]",3,30.67,1.25,9,2,1,MANUAL,1
ROUTE_002573,PLANT10,2024-08-14,PICKER_013,"[10, 13, 15, 19, 22, 24]",6,114.1,4.89,56,1,1,MANUAL,1
ROUTE_002574,PLANT12,2023-10-24,PICKER_017,"[1, 2, 8, 11, 15, 16, 22, 23]",8,161.03,6.08,25,8,1,DIJKSTRA,1
ROUTE_002575,PLANT08,2024-09-15,PICKER_006,"[12, 17, 21]",3,58.75,3.01,71,9,1,GREEDY,1
ROUTE_002576,PLANT07,2023-03-17,PICKER_012,"[4, 5, 11]",3,55.31,3.42,73,2,1,GREEDY,0
ROUTE_002577,PLANT10,2023-04-12,PICKER_019,"[1, 2, 6, 9, 16, 21, 23, 24]",8,158.55,3.74,44,10,1,MANUAL,1
ROUTE_002578,PLANT04,2023-02-20,PICKER_042,"[4, 7, 11, 17]",4,70.9,2.96,51,8,1,GREEDY,0
ROUTE_002579,PLANT07,2024-04-26,PICKER_033,"[2, 3, 5, 6, 8, 9, 10, 11, 12]",9,132.9,3.19,72,2,1,DIJKSTRA,0
ROUTE_002580,PLANT08,2023-12-25,PICKER_028,"[6, 12, 17]",3,58.96,2.05,32,9,1,MANUAL,0
ROUTE_002581,PLANT20,2024-08-27,PICKER_043,"[1, 2, 3, 6]",4,92.31,3.43,63,5,1,ASTAR,0
ROUTE_002582,PLANT16,2023-08-09,PICKER_036,"[1, 2, 4, 5, 7, 8, 10, 12, 13, 16]",10,164.28,4.25,47,9,1,DIJKSTRA,0
ROUTE_002583,PLANT04,2023-03-15,PICKER_025,"[1, 3, 17, 18, 20]",5,83.1,2.26,65,3,1,ASTAR,0
ROUTE_002584,PLANT11,2023-08-04,PICKER_050,"[1, 2, 4, 5]",4,58.36,3.1,72,1,1,DIJKSTRA,0
ROUTE_002585,PLANT01,2023-09-15,PICKER_016,"[3, 4, 7, 8, 9, 13, 14, 16, 17, 22]",10,196.06,4.79,24,6,1,DIJKSTRA,1
ROUTE_002586,PLANT17,2023-06-04,PICKER_017,"[9, 19]",2,43.88,1.97,46,9,1,DIJKSTRA,1
ROUTE_002587,PLANT20,2023-04-08,PICKER_047,"[5, 6, 7]",3,69.76,2.59,43,7,1,DIJKSTRA,0
ROUTE_002588,PLANT05,2024-11-21,PICKER_007,"[4, 5, 7, 9]",4,69.45,2.46,36,4,1,MANUAL,0
ROUTE_002589,PLANT02,2023-12-20,PICKER_042,"[1, 2, 3, 4, 5, 6]",6,99.43,4.51,47,10,1,MANUAL,0
ROUTE_002590,PLANT17,2024-09-23,PICKER_050,"[3, 4, 12, 13, 14, 18]",6,97.56,2.66,37,2,1,ASTAR,0
ROUTE_002591,PLANT02,2023-04-29,PICKER_028,"[1, 2, 4]",3,21.39,2.53,54,1,1,GREEDY,1
ROUTE_002592,PLANT06,2024-03-09,PICKER_031,"[2, 9, 11, 12, 24]",5,82.55,4.32,78,6,1,MANUAL,1
ROUTE_002593,PLANT15,2023-07-20,PICKER_034,"[1, 10, 19, 20, 23]",5,101.22,3.76,46,1,1,GREEDY,0
ROUTE_002594,PLANT06,2023-02-07,PICKER_025,"[2, 7, 25]",3,29.38,1.66,6,3,1,MANUAL,0
ROUTE_002595,PLANT12,2023-10-01,PICKER_001,"[10, 18]",2,25.42,1.6,69,6,1,GREEDY,1
ROUTE_002596,PLANT07,2023-03-09,PICKER_031,"[1, 2, 3, 4, 5, 9, 11, 12]",8,150.96,3.84,72,10,1,GREEDY,1
ROUTE_002597,PLANT01,2024-08-28,PICKER_025,"[7, 18, 24, 25]",4,66.15,2.49,67,4,1,GREEDY,0
ROUTE_002598,PLANT10,2023-05-03,PICKER_012,"[1, 5, 6, 7, 10, 11, 12, 13, 18, 24]",10,190.75,5.77,49,3,1,GREEDY,1
ROUTE_002599,PLANT19,2024-07-15,PICKER_019,"[7, 22]",2,47.63,3.32,80,4,1,ASTAR,1
ROUTE_002600,PLANT13,2023-03-19,PICKER_043,"[1, 8]",2,21.16,1.12,51,2,1,ASTAR,0
ROUTE_002601,PLANT15,2024-06-17,PICKER_013,"[6, 7, 11, 19, 20, 21]",6,132.03,3.97,46,6,1,ASTAR,0
ROUTE_002602,PLANT09,2023-02-08,PICKER_039,"[1, 2, 6, 8, 9, 10]",6,91.06,2.56,31,5,1,MANUAL,1
ROUTE_002603,PLANT01,2024-03-09,PICKER_032,"[1, 2, 3, 4, 6, 9, 14, 21, 23, 24]",10,203.28,5.56,6,8,1,GREEDY,0
ROUTE_002604,PLANT17,2024-09-11,PICKER_047,"[5, 10, 20, 21]",4,94.53,3.68,42,4,1,GREEDY,0
ROUTE_002605,PLANT18,2024-03-07,PICKER_030,"[2, 3, 5, 7, 10, 12, 13, 15, 16]",9,174.03,5.81,68,4,1,MANUAL,0
ROUTE_002606,PLANT18,2023-01-07,PICKER_040,"[1, 7, 8, 9, 10, 12, 15]",7,133.81,5.43,34,8,1,ASTAR,0
ROUTE_002607,PLANT01,2023-09-26,PICKER_038,"[20, 24]",2,33.58,3.07,58,10,1,MANUAL,1
ROUTE_002608,PLANT07,2024-11-21,PICKER_012,"[2, 3, 5, 9, 10, 12]",6,122.59,3.33,49,10,1,GREEDY,1
ROUTE_002609,PLANT03,2023-03-02,PICKER_008,"[2, 3, 11]",3,42.58,2.27,55,9,1,MANUAL,1
ROUTE_002610,PLANT19,2023-11-27,PICKER_047,"[1, 9, 12, 13, 18]",5,98.32,4.57,49,6,1,ASTAR,1
ROUTE_002611,PLANT04,2023-09-07,PICKER_012,"[1, 2, 4, 10, 13, 14, 15, 18, 20]",9,210.04,4.75,36,7,1,DIJKSTRA,0
ROUTE_002612,PLANT02,2023-04-15,PICKER_015,"[2, 3]",2,42.45,1.72,52,1,1,MANUAL,1
ROUTE_002613,PLANT11,2023-01-02,PICKER_030,"[1, 2, 3, 4]",4,37.22,3.38,77,9,1,MANUAL,0
ROUTE_002614,PLANT03,2024-07-25,PICKER_012,"[1, 2, 3, 4, 5, 6, 7, 9, 10, 11]",10,216.29,5.89,52,7,1,MANUAL,0
ROUTE_002615,PLANT16,2024-04-13,PICKER_006,"[4, 6, 10, 11, 12, 14, 15]",7,99.51,4.4,9,1,1,GREEDY,1
ROUTE_002616,PLANT16,2023-10-09,PICKER_045,"[6, 16]",2,20.51,3.18,11,5,1,MANUAL,1
ROUTE_002617,PLANT06,2023-02-09,PICKER_021,"[4, 8, 12, 14, 17, 25, 27]",7,130.26,5.02,60,8,1,DIJKSTRA,0
ROUTE_002618,PLANT17,2024-04-30,PICKER_045,"[1, 4, 5, 7, 11, 21, 22, 23]",8,162.48,5.07,44,7,1,GREEDY,0
ROUTE_002619,PLANT05,2024-01-27,PICKER_008,"[1, 4, 8]",3,44.75,2.58,14,10,1,DIJKSTRA,1
ROUTE_002620,PLANT16,2024-06-12,PICKER_050,"[1, 3, 8, 12, 13, 15]",6,95.97,4.76,6,6,1,GREEDY,1
ROUTE_002621,PLANT07,2023-11-02,PICKER_041,"[1, 4, 5, 6, 7, 8, 9, 10, 11, 12]",10,177.32,5.01,56,2,1,DIJKSTRA,0
ROUTE_002622,PLANT07,2024-08-04,PICKER_048,"[1, 2, 3, 4, 7, 8, 9, 10, 12]",9,137.49,5.1,74,8,1,GREEDY,0
ROUTE_002623,PLANT07,2024-04-03,PICKER_025,"[6, 7, 8, 9, 10, 12]",6,113.03,4.14,12,4,1,DIJKSTRA,0
ROUTE_002624,PLANT20,2023-09-24,PICKER_036,"[1, 3, 4, 5, 7]",5,98.67,3.27,78,6,1,GREEDY,0
ROUTE_002625,PLANT18,2024-06-23,PICKER_017,"[1, 2, 5, 9, 11]",5,104.22,4.81,57,9,1,DIJKSTRA,0
ROUTE_002626,PLANT07,2023-01-29,PICKER_016,"[1, 2, 4, 5, 6, 7, 8, 9, 10, 12]",10,177.38,4.42,49,9,1,GREEDY,1
ROUTE_002627,PLANT13,2024-02-17,PICKER_028,"[2, 5, 9]",3,45.8,1.55,78,4,1,MANUAL,1
ROUTE_002628,PLANT20,2024-08-28,PICKER_001,"[1, 2, 3, 4, 5, 6, 7]",7,117.31,4.94,60,9,1,ASTAR,1
ROUTE_002629,PLANT14,2024-05-18,PICKER_020,"[1, 11]",2,38.85,1.75,54,9,1,DIJKSTRA,1
ROUTE_002630,PLANT02,2023-03-23,PICKER_037,"[1, 2, 3]",3,48.6,2.34,25,8,1,ASTAR,0
ROUTE_002631,PLANT02,2024-10-24,PICKER_009,"[1, 4]",2,18.78,1.96,75,6,1,MANUAL,1
ROUTE_002632,PLANT05,2023-10-25,PICKER_041,"[2, 3, 5, 6, 8, 9]",6,90.64,3.62,29,7,1,DIJKSTRA,1
ROUTE_002633,PLANT20,2023-07-26,PICKER_044,"[2, 4]",2,40.17,2.02,62,4,1,MANUAL,0
ROUTE_002634,PLANT17,2024-10-12,PICKER_011,"[1, 2, 7, 18, 21]",5,93.62,3.89,49,6,1,DIJKSTRA,0
ROUTE_002635,PLANT15,2023-12-20,PICKER_037,"[2, 4, 5, 8, 10, 11, 22]",7,142.72,3.8,34,6,1,GREEDY,1
ROUTE_002636,PLANT02,2024-10-16,PICKER_034,"[1, 3, 4, 6]",4,57.33,3.91,35,1,1,ASTAR,0
ROUTE_002637,PLANT19,2023-01-16,PICKER_004,"[1, 3]",2,41.98,2.31,30,7,1,MANUAL,1
ROUTE_002638,PLANT17,2023-04-20,PICKER_009,"[3, 4, 9, 10, 16, 18]",6,140.85,3.91,27,9,1,ASTAR,0
ROUTE_002639,PLANT11,2023-12-28,PICKER_035,"[1, 2, 3, 4, 5]",5,104.13,4.1,10,7,1,ASTAR,0
ROUTE_002640,PLANT19,2023-05-06,PICKER_028,"[8, 13, 23]",3,50.33,3.24,38,1,1,MANUAL,1
ROUTE_002641,PLANT08,2023-12-06,PICKER_028,"[1, 2, 4, 8, 10, 21, 26]",7,124.55,4.92,48,9,1,GREEDY,1
ROUTE_002642,PLANT13,2024-09-17,PICKER_003,"[1, 2, 3, 4, 6, 7, 8, 9, 10]",9,150.94,5.06,10,3,1,ASTAR,1
ROUTE_002643,PLANT09,2023-10-03,PICKER_017,"[9, 10]",2,23.74,3.39,44,5,1,ASTAR,0
ROUTE_002644,PLANT09,2024-03-30,PICKER_025,"[1, 7]",2,21.7,2.21,31,6,1,ASTAR,0
ROUTE_002645,PLANT14,2023-02-25,PICKER_043,"[3, 4, 12, 13, 14, 24, 28]",7,139.87,5.55,57,9,1,ASTAR,1
ROUTE_002646,PLANT09,2024-04-03,PICKER_033,"[3, 5, 6, 7, 8, 9]",6,113.34,3.33,14,6,1,ASTAR,0
ROUTE_002647,PLANT20,2023-07-03,PICKER_018,"[1, 7]",2,17.17,0.92,34,10,1,GREEDY,0
ROUTE_002648,PLANT05,2023-03-15,PICKER_049,"[4, 5, 8]",3,61.43,1.92,16,2,1,MANUAL,0
ROUTE_002649,PLANT16,2023-04-27,PICKER_008,"[5, 7, 10]",3,29.02,1.63,70,7,1,GREEDY,0
ROUTE_002650,PLANT14,2023-12-02,PICKER_041,"[2, 3, 6, 9, 13, 17, 26]",7,109.16,2.79,79,3,1,GREEDY,1
ROUTE_002651,PLANT07,2023-03-12,PICKER_038,"[1, 2, 3, 4, 5, 6, 7, 12]",8,127.52,3.81,52,1,1,DIJKSTRA,1
ROUTE_002652,PLANT16,2023-11-12,PICKER_032,"[4, 7, 10, 14, 15]",5,77.75,3.49,21,6,1,DIJKSTRA,0
ROUTE_002653,PLANT03,2023-05-18,PICKER_035,"[1, 3, 4, 5, 6, 8, 11]",7,138.08,4.82,6,8,1,GREEDY,0
ROUTE_002654,PLANT13,2023-04-13,PICKER_018,"[2, 8, 10]",3,51.89,2.16,28,9,1,GREEDY,1
ROUTE_002655,PLANT01,2023-12-06,PICKER_027,"[2, 3, 19, 25]",4,76.76,4.13,9,10,1,GREEDY,1
ROUTE_002656,PLANT04,2024-06-07,PICKER_044,"[1, 2, 4, 5, 6, 7, 13, 15, 16, 19]",10,218.46,5.59,16,6,1,ASTAR,0
ROUTE_002657,PLANT02,2024-04-21,PICKER_014,"[1, 2, 4, 5]",4,87.96,3.06,68,8,1,DIJKSTRA,0
ROUTE_002658,PLANT13,2023-10-12,PICKER_031,"[1, 2, 3, 4, 5, 6, 10]",7,130.98,4.38,23,1,1,GREEDY,1
ROUTE_002659,PLANT20,2024-05-26,PICKER_004,"[1, 2, 4, 5, 7]",5,77.24,4.37,76,9,1,DIJKSTRA,0
ROUTE_002660,PLANT20,2023-12-23,PICKER_002,"[1, 2, 4, 6, 7]",5,116.66,3.85,52,3,1,MANUAL,0
ROUTE_002661,PLANT14,2024-06-15,PICKER_027,"[8, 9, 10, 11, 16, 18, 21, 24, 25, 26]",10,192.13,5.01,28,4,1,GREEDY,1
ROUTE_002662,PLANT05,2024-10-07,PICKER_040,"[1, 3, 5, 6, 7, 8]",6,85.52,2.67,43,5,1,DIJKSTRA,1
ROUTE_002663,PLANT15,2024-01-25,PICKER_023,"[6, 7, 9, 10, 12, 15, 16, 17, 18, 25]",10,162.36,5.02,56,5,1,GREEDY,1
ROUTE_002664,PLANT16,2023-04-11,PICKER_005,"[3, 4, 7, 10, 11, 13, 15, 16]",8,149.45,3.7,71,7,1,GREEDY,1
ROUTE_002665,PLANT12,2024-04-26,PICKER_003,"[3, 5, 6, 9, 10, 13, 15, 23, 24]",9,154.1,4.55,34,10,1,GREEDY,1
ROUTE_002666,PLANT12,2023-08-23,PICKER_030,"[6, 7, 13]",3,51.81,2.33,20,4,1,DIJKSTRA,0
ROUTE_002667,PLANT14,2023-07-04,PICKER_036,"[7, 9, 22]",3,64.04,2.33,62,5,1,MANUAL,1
ROUTE_002668,PLANT11,2024-06-05,PICKER_011,"[1, 2, 3, 4, 5]",5,100.55,4.29,75,3,1,GREEDY,0
ROUTE_002669,PLANT01,2024-05-27,PICKER_048,"[3, 10, 11, 16, 18, 20, 24]",7,151.77,4.47,14,9,1,DIJKSTRA,1
ROUTE_002670,PLANT17,2024-06-16,PICKER_021,"[6, 11, 12, 13, 17]",5,45.58,1.83,71,8,1,ASTAR,0
ROUTE_002671,PLANT07,2023-05-05,PICKER_014,"[3, 5, 10, 11, 12]",5,108.86,3.49,12,9,1,MANUAL,0
ROUTE_002672,PLANT18,2024-02-11,PICKER_015,"[3, 4, 8, 12]",4,70.74,3.37,29,3,1,MANUAL,1
ROUTE_002673,PLANT12,2023-01-16,PICKER_028,"[1, 9, 10, 16, 17, 20]",6,117.07,4.17,34,10,1,DIJKSTRA,1
ROUTE_002674,PLANT14,2024-10-22,PICKER_042,"[1, 5, 16, 20, 24, 26, 28]",7,156.79,4.59,48,5,1,MANUAL,0
ROUTE_002675,PLANT03,2024-10-01,PICKER_014,"[1, 2, 3, 4, 5, 6, 7, 8, 10, 11]",10,166.64,5.52,53,6,1,ASTAR,0
ROUTE_002676,PLANT17,2024-12-21,PICKER_050,"[4, 6, 11, 16, 17, 18, 22, 23]",8,141.3,5.51,52,2,1,GREEDY,0
ROUTE_002677,PLANT07,2024-06-18,PICKER_050,"[3, 4, 5, 10, 11]",5,90.65,3.9,66,4,1,ASTAR,1
ROUTE_002678,PLANT10,2023-01-28,PICKER_020,"[4, 15, 19, 20]",4,77.25,3.87,22,3,1,ASTAR,1
ROUTE_002679,PLANT14,2023-04-30,PICKER_021,"[2, 9, 10, 11, 15, 17, 23, 24, 26]",9,155.01,5.15,71,1,1,ASTAR,1
ROUTE_002680,PLANT10,2023-06-29,PICKER_025,"[2, 8, 11, 16, 18, 22, 24]",7,113.45,3.51,34,7,1,MANUAL,1
ROUTE_002681,PLANT19,2024-08-28,PICKER_023,"[1, 5, 7, 10, 18, 19, 21]",7,97.62,4.49,41,5,1,ASTAR,1
ROUTE_002682,PLANT16,2023-01-06,PICKER_017,"[5, 13, 16]",3,71.47,3.45,10,8,1,DIJKSTRA,1
ROUTE_002683,PLANT10,2024-06-26,PICKER_007,"[1, 2, 4, 6, 7, 13, 15, 17, 19]",9,159.29,3.81,16,4,1,MANUAL,1
ROUTE_002684,PLANT17,2024-01-19,PICKER_047,"[3, 4, 6, 8, 11, 17, 18, 21, 23]",9,181.19,4.85,6,2,1,GREEDY,0
ROUTE_002685,PLANT10,2023-02-09,PICKER_047,"[1, 10, 11, 12, 14, 17, 18, 21]",8,112.65,3.28,23,3,1,DIJKSTRA,1
ROUTE_002686,PLANT05,2024-02-01,PICKER_029,"[1, 2, 3, 4, 5, 6, 7, 8, 9]",9,135.62,3.32,71,3,1,GREEDY,0
ROUTE_002687,PLANT15,2024-01-04,PICKER_003,"[4, 6, 14, 15, 16, 20, 23, 24, 25]",9,170.87,4.83,40,6,1,GREEDY,0
ROUTE_002688,PLANT14,2023-03-21,PICKER_018,"[2, 3, 5, 8, 9, 17, 18, 24, 26, 29]",10,188.38,6.38,8,3,1,GREEDY,1
ROUTE_002689,PLANT01,2023-08-28,PICKER_007,"[3, 9, 10, 13, 14, 18, 19, 23, 24, 25]",10,182.6,4.43,63,2,1,GREEDY,0
ROUTE_002690,PLANT02,2023-12-13,PICKER_041,"[4, 5]",2,42.51,2.72,15,10,1,DIJKSTRA,1
ROUTE_002691,PLANT05,2023-06-14,PICKER_002,"[1, 2, 3, 4, 5, 6, 7, 8, 9]",9,161.62,5.52,79,3,1,GREEDY,0
ROUTE_002692,PLANT03,2024-09-17,PICKER_048,"[2, 3, 4, 7, 8, 9, 10, 11]",8,123.59,4.2,66,7,1,GREEDY,1
ROUTE_002693,PLANT15,2023-03-26,PICKER_029,"[1, 2, 4]",3,81.11,4.33,67,5,1,GREEDY,0
ROUTE_002694,PLANT02,2024-10-14,PICKER_003,"[1, 5, 6]",3,45.0,1.54,51,10,1,GREEDY,0
ROUTE_002695,PLANT07,2023-12-05,PICKER_009,"[5, 7, 8, 9, 11]",5,108.29,4.16,56,10,1,ASTAR,1
ROUTE_002696,PLANT10,2024-08-19,PICKER_015,"[4, 10, 17, 19]",4,82.1,4.37,60,7,1,MANUAL,0
ROUTE_002697,PLANT01,2023-04-16,PICKER_044,"[4, 5, 16, 19]",4,99.54,3.81,76,4,1,ASTAR,1
ROUTE_002698,PLANT11,2023-05-17,PICKER_043,"[1, 2, 3, 4]",4,63.94,3.68,59,8,1,GREEDY,1
ROUTE_002699,PLANT10,2024-04-04,PICKER_044,"[10, 11, 13, 15, 17]",5,94.36,3.26,73,1,1,DIJKSTRA,0
ROUTE_002700,PLANT05,2023-12-09,PICKER_010,"[1, 2, 3, 4, 6, 7, 8]",7,152.35,4.1,54,5,1,MANUAL,0
ROUTE_002701,PLANT16,2023-05-01,PICKER_044,"[6, 11, 12, 15, 16]",5,118.71,5.02,62,4,1,ASTAR,0
ROUTE_002702,PLANT20,2024-07-15,PICKER_009,"[3, 6, 7]",3,65.07,3.5,50,10,1,ASTAR,0
ROUTE_002703,PLANT06,2024-09-19,PICKER_006,"[1, 2, 6, 16, 27]",5,111.42,2.89,43,6,1,ASTAR,0
ROUTE_002704,PLANT03,2023-01-15,PICKER_014,"[1, 2, 3, 4, 5, 7, 8, 10, 11]",9,124.22,3.02,55,2,1,MANUAL,0
ROUTE_002705,PLANT12,2024-08-15,PICKER_046,"[1, 7, 9, 10, 11, 12, 15, 17, 23, 24]",10,177.58,5.23,59,5,1,MANUAL,0
ROUTE_002706,PLANT20,2024-05-04,PICKER_047,"[1, 3, 6, 7]",4,92.8,4.38,68,10,1,GREEDY,0
ROUTE_002707,PLANT07,2024-12-06,PICKER_044,"[2, 3, 4, 5, 6, 8, 10, 11, 12]",9,206.23,5.74,76,9,1,DIJKSTRA,1
ROUTE_002708,PLANT05,2024-08-28,PICKER_018,"[1, 2, 4, 5, 6, 7, 9]",7,142.11,4.52,66,7,1,MANUAL,0
ROUTE_002709,PLANT12,2024-07-25,PICKER_043,"[3, 4, 5, 8, 10, 11, 18, 19]",8,113.72,2.9,36,1,1,GREEDY,0
ROUTE_002710,PLANT04,2023-03-09,PICKER_018,"[1, 2, 3, 6, 7, 14, 18, 20]",8,140.58,5.45,34,10,1,GREEDY,1
ROUTE_002711,PLANT16,2023-03-04,PICKER_007,"[7, 11]",2,32.32,1.7,56,6,1,MANUAL,1
ROUTE_002712,PLANT06,2023-12-27,PICKER_045,"[4, 8, 9, 13, 15, 18, 19, 25, 27]",9,144.24,5.76,18,7,1,GREEDY,1
ROUTE_002713,PLANT09,2024-05-10,PICKER_035,"[1, 2, 4, 7]",4,63.46,2.71,36,5,1,DIJKSTRA,0
ROUTE_002714,PLANT05,2023-12-11,PICKER_001,"[1, 3, 5, 6, 9]",5,98.33,3.8,25,5,1,ASTAR,0
ROUTE_002715,PLANT02,2024-11-07,PICKER_031,"[1, 3, 6]",3,40.94,2.88,65,2,1,GREEDY,0
ROUTE_002716,PLANT17,2023-03-28,PICKER_035,"[14, 18, 22]",3,50.49,3.56,61,3,1,MANUAL,0
ROUTE_002717,PLANT09,2023-12-22,PICKER_017,"[1, 3, 5, 6, 7, 8, 10]",7,127.45,4.77,14,8,1,ASTAR,1
ROUTE_002718,PLANT12,2023-04-25,PICKER_042,"[6, 7, 10, 11, 13, 17, 23, 25]",8,166.23,4.32,56,5,1,DIJKSTRA,1
ROUTE_002719,PLANT02,2024-03-12,PICKER_046,"[1, 2, 3, 6]",4,51.47,2.01,65,7,1,MANUAL,1
ROUTE_002720,PLANT18,2023-09-07,PICKER_006,"[15, 16]",2,29.11,1.67,37,2,1,MANUAL,1
ROUTE_002721,PLANT13,2024-03-19,PICKER_021,"[2, 3, 4, 5, 6, 7, 8, 9, 10]",9,169.74,4.1,61,1,1,GREEDY,1
ROUTE_002722,PLANT01,2023-10-15,PICKER_043,"[2, 6, 7, 11, 14, 20]",6,104.2,4.13,30,4,1,MANUAL,1
ROUTE_002723,PLANT17,2024-03-31,PICKER_041,"[2, 4, 5, 20, 23]",5,91.88,2.48,12,7,1,MANUAL,1
ROUTE_002724,PLANT20,2023-04-30,PICKER_035,"[1, 2, 3, 4, 6]",5,78.02,2.24,49,10,1,GREEDY,0
ROUTE_002725,PLANT14,2024-11-17,PICKER_008,"[13, 20]",2,22.87,2.43,36,6,1,DIJKSTRA,1
ROUTE_002726,PLANT17,2024-05-05,PICKER_027,"[4, 5, 15, 16, 22]",5,101.89,4.2,55,10,1,ASTAR,1
ROUTE_002727,PLANT13,2023-03-18,PICKER_008,"[1, 2, 3, 6, 8, 9, 10]",7,127.43,3.54,76,1,1,GREEDY,0
ROUTE_002728,PLANT15,2024-06-11,PICKER_017,"[3, 6, 8, 9, 10, 19, 25]",7,111.94,3.85,34,10,1,MANUAL,1
ROUTE_002729,PLANT09,2023-06-21,PICKER_007,"[2, 3, 4, 5, 9]",5,84.41,4.56,74,7,1,MANUAL,1
ROUTE_002730,PLANT08,2024-05-15,PICKER_042,"[5, 6, 7, 10, 15, 16, 17, 19, 22, 25]",10,206.74,5.7,35,10,1,MANUAL,1
ROUTE_002731,PLANT04,2024-05-26,PICKER_018,"[2, 8, 11, 13, 14, 15, 16]",7,126.89,3.75,64,1,1,ASTAR,0
ROUTE_002732,PLANT07,2023-09-26,PICKER_027,"[3, 8, 9]",3,50.82,2.75,47,1,1,DIJKSTRA,0
ROUTE_002733,PLANT17,2023-12-01,PICKER_005,"[9, 10, 13, 18, 19, 21, 24]",7,94.61,3.1,6,6,1,GREEDY,0
ROUTE_002734,PLANT09,2024-10-30,PICKER_005,"[2, 3, 4, 5, 7, 8, 9, 10]",8,165.69,5.8,33,4,1,ASTAR,1
ROUTE_002735,PLANT14,2023-12-01,PICKER_038,"[1, 4, 11]",3,50.99,2.3,58,2,1,ASTAR,0
ROUTE_002736,PLANT18,2024-10-08,PICKER_016,"[1, 2, 4, 5, 6, 7, 8, 14, 16]",9,147.31,4.3,17,7,1,ASTAR,0
ROUTE_002737,PLANT19,2024-10-01,PICKER_049,"[1, 2, 3, 6, 7, 10, 14, 22, 23]",9,197.94,4.95,68,3,1,MANUAL,1
ROUTE_002738,PLANT08,2024-05-14,PICKER_012,"[5, 14, 15, 16, 18, 21, 24, 25, 28, 29]",10,159.36,5.64,11,10,1,ASTAR,0
ROUTE_002739,PLANT01,2024-01-06,PICKER_034,"[3, 4, 5, 6, 14, 15, 23]",7,141.91,4.21,38,9,1,DIJKSTRA,1
ROUTE_002740,PLANT02,2024-10-02,PICKER_021,"[1, 2, 3, 4, 5, 6]",6,73.1,2.82,36,6,1,DIJKSTRA,1
ROUTE_002741,PLANT11,2023-11-24,PICKER_021,"[1, 5]",2,37.27,1.91,32,5,1,GREEDY,1
ROUTE_002742,PLANT12,2024-05-25,PICKER_029,"[1, 2, 9, 11, 13, 16, 19, 21]",8,189.93,5.07,72,7,1,ASTAR,0
ROUTE_002743,PLANT14,2023-04-18,PICKER_036,"[2, 6, 10, 14, 15, 19, 23, 24, 25, 26]",10,159.75,3.8,8,10,1,GREEDY,0
ROUTE_002744,PLANT12,2024-02-16,PICKER_028,"[3, 4, 8, 11, 15, 19]",6,134.86,4.26,41,2,1,GREEDY,0
ROUTE_002745,PLANT17,2023-07-27,PICKER_025,"[1, 11, 12, 18, 22, 23, 24]",7,96.22,2.77,72,9,1,MANUAL,0
ROUTE_002746,PLANT04,2023-10-05,PICKER_016,"[3, 4, 13, 19, 20]",5,94.88,4.51,42,7,1,ASTAR,0
ROUTE_002747,PLANT20,2024-08-11,PICKER_046,"[1, 2, 3, 4, 5, 6]",6,95.5,3.77,18,9,1,MANUAL,0
ROUTE_002748,PLANT17,2023-08-17,PICKER_002,"[4, 6, 11, 20, 24]",5,67.25,3.95,36,8,1,DIJKSTRA,1
ROUTE_002749,PLANT15,2024-12-31,PICKER_033,"[2, 21, 22, 23]",4,44.52,2.84,51,8,1,DIJKSTRA,0
ROUTE_002750,PLANT10,2024-02-28,PICKER_017,"[5, 12, 18, 19]",4,69.31,3.95,18,3,1,DIJKSTRA,0
ROUTE_002751,PLANT11,2024-01-28,PICKER_048,"[3, 4, 5]",3,66.6,2.06,13,2,1,MANUAL,1
ROUTE_002752,PLANT07,2024-12-20,PICKER_022,"[4, 5, 8, 9, 10, 11]",6,114.23,3.71,42,6,1,ASTAR,1
ROUTE_002753,PLANT04,2024-10-22,PICKER_042,"[1, 2, 5, 7, 9, 10, 11, 17, 18]",9,171.27,4.54,32,6,1,MANUAL,1
ROUTE_002754,PLANT15,2023-12-22,PICKER_011,"[13, 14, 15, 21]",4,81.66,4.33,48,2,1,MANUAL,0
ROUTE_002755,PLANT09,2024-06-13,PICKER_028,"[5, 8]",2,34.79,3.22,54,1,1,GREEDY,0
ROUTE_002756,PLANT17,2023-03-20,PICKER_033,"[6, 10, 11, 16, 17, 20, 21, 24]",8,106.17,3.77,9,5,1,DIJKSTRA,1
ROUTE_002757,PLANT09,2023-01-28,PICKER_041,"[1, 2, 3, 5, 6, 7, 8, 9, 10]",9,149.39,5.81,52,10,1,ASTAR,1
ROUTE_002758,PLANT14,2023-06-06,PICKER_033,"[3, 5, 22, 26, 29]",5,87.61,3.0,44,3,1,GREEDY,0
ROUTE_002759,PLANT04,2023-01-21,PICKER_018,"[5, 7, 9, 13, 14, 16, 17, 18, 20]",9,138.71,4.71,28,2,1,DIJKSTRA,1
ROUTE_002760,PLANT05,2024-05-08,PICKER_034,"[2, 3, 4, 6, 8, 9]",6,129.5,4.14,19,10,1,ASTAR,0
ROUTE_002761,PLANT06,2024-05-25,PICKER_037,"[1, 3, 5, 13, 28]",5,96.11,3.82,52,9,1,MANUAL,1
ROUTE_002762,PLANT18,2023-07-25,PICKER_040,"[3, 9, 10, 11]",4,76.12,4.43,61,2,1,MANUAL,1
ROUTE_002763,PLANT18,2023-09-09,PICKER_013,"[3, 5, 6, 7, 11, 12, 14]",7,124.15,3.07,13,10,1,MANUAL,0
ROUTE_002764,PLANT06,2024-05-10,PICKER_014,"[1, 7, 8, 23]",4,86.65,3.56,26,6,1,GREEDY,1
ROUTE_002765,PLANT12,2023-03-29,PICKER_035,"[16, 22]",2,26.8,1.45,39,7,1,GREEDY,0
ROUTE_002766,PLANT10,2024-07-02,PICKER_026,"[2, 10, 15, 16, 20, 23]",6,117.37,4.5,68,5,1,ASTAR,0
ROUTE_002767,PLANT04,2023-04-20,PICKER_035,"[1, 2, 3, 5, 9, 16]",6,111.35,3.78,42,5,1,MANUAL,0
ROUTE_002768,PLANT20,2023-10-03,PICKER_039,"[2, 6, 7]",3,69.42,3.95,7,5,1,MANUAL,0
ROUTE_002769,PLANT17,2024-09-14,PICKER_016,"[5, 6, 15, 17, 23]",5,86.69,4.72,24,3,1,MANUAL,0
ROUTE_002770,PLANT07,2024-02-17,PICKER_034,"[4, 5, 8]",3,56.38,3.3,74,7,1,MANUAL,1
ROUTE_002771,PLANT11,2023-05-09,PICKER_049,"[1, 2, 3, 5]",4,81.69,2.85,30,1,1,DIJKSTRA,1
ROUTE_002772,PLANT09,2024-01-20,PICKER_036,"[3, 4, 7, 9, 10]",5,78.47,4.09,64,1,1,GREEDY,0
ROUTE_002773,PLANT02,2023-08-23,PICKER_015,"[1, 2, 3, 5, 6]",5,95.41,2.77,35,5,1,MANUAL,1
ROUTE_002774,PLANT02,2024-06-10,PICKER_048,"[1, 2, 3, 4, 5, 6]",6,102.0,2.77,20,10,1,ASTAR,0
ROUTE_002775,PLANT03,2023-01-27,PICKER_035,"[3, 11]",2,26.27,2.1,35,9,1,DIJKSTRA,0
ROUTE_002776,PLANT02,2024-07-02,PICKER_013,"[2, 3, 4, 6]",4,39.18,2.97,45,3,1,GREEDY,1
ROUTE_002777,PLANT10,2023-01-31,PICKER_028,"[3, 9, 10, 11, 13, 17, 21, 24]",8,155.28,3.88,11,4,1,MANUAL,1
ROUTE_002778,PLANT05,2023-03-09,PICKER_018,"[2, 7]",2,32.09,2.74,14,2,1,GREEDY,1
ROUTE_002779,PLANT04,2024-08-28,PICKER_032,"[1, 4, 8, 18]",4,101.24,2.63,80,4,1,ASTAR,1
ROUTE_002780,PLANT19,2024-04-26,PICKER_019,"[1, 8, 12, 13, 21, 22]",6,102.04,3.52,54,4,1,GREEDY,0
ROUTE_002781,PLANT03,2024-10-29,PICKER_028,"[5, 6, 11]",3,67.35,2.98,30,6,1,MANUAL,1
ROUTE_002782,PLANT02,2024-12-05,PICKER_004,"[2, 3, 4]",3,46.48,3.01,79,2,1,DIJKSTRA,1
ROUTE_002783,PLANT04,2024-10-06,PICKER_027,"[2, 3, 4, 8, 9, 11, 15, 18, 19, 20]",10,164.75,4.31,57,3,1,MANUAL,0
ROUTE_002784,PLANT04,2023-04-15,PICKER_014,"[6, 7, 14, 18, 19]",5,62.53,2.43,34,10,1,MANUAL,0
ROUTE_002785,PLANT09,2023-03-03,PICKER_029,"[6, 7]",2,37.01,2.1,55,5,1,DIJKSTRA,0
ROUTE_002786,PLANT02,2024-09-04,PICKER_004,"[1, 2, 3, 4, 5, 6]",6,115.3,3.5,13,1,1,MANUAL,1
ROUTE_002787,PLANT11,2024-01-28,PICKER_041,"[1, 2]",2,42.04,2.87,71,7,1,DIJKSTRA,1
ROUTE_002788,PLANT11,2023-08-02,PICKER_050,"[2, 3, 5]",3,57.0,3.0,77,1,1,GREEDY,0
ROUTE_002789,PLANT17,2024-12-05,PICKER_007,"[10, 19]",2,23.87,2.48,42,1,1,GREEDY,1
ROUTE_002790,PLANT11,2023-07-30,PICKER_005,"[3, 4, 5]",3,41.04,3.58,58,5,1,GREEDY,0
ROUTE_002791,PLANT13,2023-01-02,PICKER_005,"[2, 3, 4, 6, 7, 8, 9]",7,148.22,4.28,9,6,1,ASTAR,1
ROUTE_002792,PLANT05,2024-04-20,PICKER_037,"[2, 7]",2,44.73,2.57,23,3,1,ASTAR,0
ROUTE_002793,PLANT09,2023-11-09,PICKER_043,"[1, 3, 4, 5, 7, 8, 9, 10]",8,172.91,4.42,42,7,1,DIJKSTRA,0
ROUTE_002794,PLANT11,2023-10-11,PICKER_003,"[1, 2, 4, 5]",4,77.26,3.67,21,1,1,ASTAR,1
ROUTE_002795,PLANT11,2023-07-12,PICKER_045,"[1, 3]",2,23.34,2.67,61,1,1,MANUAL,0
ROUTE_002796,PLANT12,2023-08-16,PICKER_034,"[1, 3, 4, 5, 8, 13, 16, 18, 21, 22]",10,166.77,5.15,27,2,1,ASTAR,1
ROUTE_002797,PLANT07,2023-08-17,PICKER_029,"[5, 9, 12]",3,67.93,1.91,54,3,1,DIJKSTRA,1
ROUTE_002798,PLANT06,2023-08-13,PICKER_017,"[1, 2, 3, 11, 18, 19, 20, 28]",8,116.71,4.72,66,7,1,DIJKSTRA,0
ROUTE_002799,PLANT13,2023-03-15,PICKER_036,"[1, 2, 3, 5, 10]",5,73.61,3.22,56,5,1,GREEDY,1
ROUTE_002800,PLANT09,2023-10-02,PICKER_011,"[1, 2, 3, 5, 7, 9]",6,118.79,2.94,32,10,1,ASTAR,0
ROUTE_002801,PLANT13,2023-07-17,PICKER_047,"[1, 3, 4, 5, 6, 8, 10]",7,120.84,4.8,71,6,1,GREEDY,0
ROUTE_002802,PLANT13,2023-08-01,PICKER_047,"[3, 4, 5, 6, 10]",5,85.8,4.29,55,6,1,MANUAL,0
ROUTE_002803,PLANT02,2024-07-13,PICKER_011,"[1, 2, 3, 4, 5, 6]",6,132.98,4.1,42,8,1,GREEDY,0
ROUTE_002804,PLANT18,2023-04-24,PICKER_049,"[1, 7, 8, 9, 10, 11, 12, 13, 16]",9,140.22,5.74,9,4,1,DIJKSTRA,1
ROUTE_002805,PLANT16,2024-11-07,PICKER_015,"[1, 2, 5, 6, 8, 9, 14]",7,135.53,4.32,17,5,1,GREEDY,0
ROUTE_002806,PLANT14,2024-10-24,PICKER_018,"[5, 6, 12, 13, 20, 21, 22, 24, 29]",9,184.8,4.21,34,3,1,ASTAR,1
ROUTE_002807,PLANT01,2023-10-06,PICKER_027,"[4, 5, 6, 11, 12, 13, 14, 17, 19, 25]",10,174.53,6.32,47,6,1,MANUAL,0
ROUTE_002808,PLANT01,2023-07-24,PICKER_041,"[2, 10, 14, 22, 26]",5,113.74,5.02,5,5,1,GREEDY,0
ROUTE_002809,PLANT19,2024-01-05,PICKER_033,"[14, 16, 17]",3,32.87,1.87,9,7,1,GREEDY,0
ROUTE_002810,PLANT13,2023-03-22,PICKER_006,"[1, 2, 3, 4, 5, 6, 7, 9, 10]",9,185.39,4.78,12,10,1,GREEDY,0
ROUTE_002811,PLANT12,2023-09-23,PICKER_003,"[3, 6, 8, 9, 10, 11, 13, 14, 20]",9,122.7,4.93,63,3,1,MANUAL,0
ROUTE_002812,PLANT05,2024-06-28,PICKER_027,"[3, 7]",2,15.91,2.19,80,7,1,DIJKSTRA,0
ROUTE_002813,PLANT15,2024-11-24,PICKER_009,"[2, 6, 11, 14, 22]",5,94.01,4.43,17,8,1,GREEDY,0
ROUTE_002814,PLANT12,2023-05-04,PICKER_015,"[1, 2, 13, 14, 20, 23, 25]",7,114.62,2.95,64,8,1,DIJKSTRA,0
ROUTE_002815,PLANT02,2023-08-04,PICKER_043,"[1, 2, 3, 4, 6]",5,85.38,4.31,53,6,1,GREEDY,0
ROUTE_002816,PLANT01,2024-12-31,PICKER_043,"[1, 2, 4, 12, 14, 18, 23]",7,102.22,3.44,33,8,1,GREEDY,1
ROUTE_002817,PLANT11,2024-06-25,PICKER_042,"[1, 2, 4, 5]",4,59.97,2.67,75,2,1,ASTAR,1
ROUTE_002818,PLANT12,2024-06-07,PICKER_005,"[14, 16, 20]",3,53.75,3.09,31,1,1,ASTAR,1
ROUTE_002819,PLANT11,2024-06-03,PICKER_021,"[1, 2]",2,41.17,3.79,25,3,1,GREEDY,0
ROUTE_002820,PLANT08,2023-06-30,PICKER_010,"[2, 5, 8, 13, 16, 19, 27, 28, 29]",9,169.78,4.79,55,9,1,GREEDY,0
ROUTE_002821,PLANT01,2024-12-08,PICKER_044,"[2, 8, 10, 21, 25, 26]",6,98.41,4.97,65,9,1,DIJKSTRA,0
ROUTE_002822,PLANT19,2023-01-03,PICKER_050,"[5, 13]",2,27.29,3.11,11,2,1,DIJKSTRA,0
ROUTE_002823,PLANT18,2023-04-29,PICKER_009,"[1, 4, 7, 8, 10, 13, 14, 15]",8,182.33,4.3,51,10,1,ASTAR,0
ROUTE_002824,PLANT13,2024-07-14,PICKER_028,"[2, 3, 4, 5, 6, 7, 8, 9]",8,145.61,4.01,32,7,1,DIJKSTRA,1
ROUTE_002825,PLANT13,2023-12-28,PICKER_026,"[1, 2, 3, 4, 5, 6, 7, 8, 9, 10]",10,199.46,5.53,69,8,1,DIJKSTRA,1
ROUTE_002826,PLANT03,2024-08-24,PICKER_013,"[1, 2, 3, 4, 6, 7, 8, 9, 10, 11]",10,195.55,5.15,73,9,1,ASTAR,0
ROUTE_002827,PLANT17,2024-01-08,PICKER_008,"[6, 14, 16, 22]",4,71.65,3.35,60,3,1,DIJKSTRA,0
ROUTE_002828,PLANT15,2024-12-11,PICKER_013,"[3, 4, 12, 20, 21, 22, 23]",7,122.27,4.83,7,4,1,ASTAR,0
ROUTE_002829,PLANT08,2024-08-15,PICKER_024,"[5, 7, 9, 11, 14, 16, 20, 21, 23, 26]",10,153.14,5.04,7,5,1,DIJKSTRA,1
ROUTE_002830,PLANT13,2024-08-31,PICKER_022,"[1, 2, 3, 4, 5, 6, 7, 8, 9, 10]",10,124.54,3.95,50,5,1,GREEDY,1
ROUTE_002831,PLANT02,2024-07-05,PICKER_028,"[1, 4, 5, 6]",4,90.55,3.23,20,6,1,ASTAR,1
ROUTE_002832,PLANT14,2024-08-20,PICKER_014,"[6, 7, 18, 19, 21]",5,89.55,3.51,59,3,1,ASTAR,0
ROUTE_002833,PLANT19,2024-02-26,PICKER_038,"[1, 4, 6, 7, 11, 13, 19, 20, 23]",9,205.06,5.29,39,8,1,MANUAL,1
ROUTE_002834,PLANT20,2024-02-06,PICKER_024,"[1, 2, 3, 4, 5, 7]",6,131.63,5.62,76,6,1,ASTAR,1
ROUTE_002835,PLANT18,2023-08-24,PICKER_031,"[5, 7, 10, 12, 14, 16]",6,110.02,3.96,70,7,1,MANUAL,0
ROUTE_002836,PLANT03,2023-09-18,PICKER_018,"[2, 3, 4, 7, 8]",5,96.06,4.63,9,8,1,GREEDY,1
ROUTE_002837,PLANT03,2024-11-28,PICKER_045,"[1, 2, 10]",3,69.53,2.61,74,8,1,DIJKSTRA,0
ROUTE_002838,PLANT09,2024-11-02,PICKER_015,"[2, 7, 9, 10]",4,43.12,2.93,63,3,1,ASTAR,0
ROUTE_002839,PLANT07,2023-10-09,PICKER_021,"[2, 6, 9]",3,45.85,1.73,11,10,1,GREEDY,1
ROUTE_002840,PLANT14,2023-03-15,PICKER_004,"[1, 2, 6, 8, 12, 18, 24, 28]",8,129.0,4.5,13,2,1,GREEDY,0
ROUTE_002841,PLANT02,2023-10-22,PICKER_042,"[1, 3]",2,39.98,2.7,65,7,1,GREEDY,0
ROUTE_002842,PLANT05,2024-02-13,PICKER_015,"[1, 2, 6, 8]",4,66.21,3.92,57,1,1,DIJKSTRA,0
ROUTE_002843,PLANT03,2023-12-23,PICKER_041,"[2, 3, 5, 6, 8, 9]",6,74.81,3.46,49,8,1,DIJKSTRA,1
ROUTE_002844,PLANT19,2024-10-01,PICKER_006,"[4, 5, 7, 8, 10, 16, 21, 22]",8,139.73,5.58,51,10,1,ASTAR,0
ROUTE_002845,PLANT07,2024-05-12,PICKER_007,"[1, 2, 4, 5, 6, 8, 10, 11, 12]",9,171.82,4.82,60,9,1,ASTAR,1
ROUTE_002846,PLANT06,2023-05-14,PICKER_014,"[7, 16, 18, 25, 26, 28]",6,121.89,3.13,74,5,1,GREEDY,0
ROUTE_002847,PLANT06,2023-02-05,PICKER_023,"[5, 10, 19, 22, 25, 28]",6,75.46,2.27,16,6,1,GREEDY,1
ROUTE_002848,PLANT17,2023-03-03,PICKER_002,"[5, 7, 9, 12, 17, 18, 24]",7,99.86,3.95,53,6,1,MANUAL,1
ROUTE_002849,PLANT11,2023-11-29,PICKER_031,"[1, 2, 5]",3,67.64,2.1,28,1,1,ASTAR,0
ROUTE_002850,PLANT20,2023-12-14,PICKER_050,"[2, 6]",2,48.3,3.59,11,9,1,MANUAL,0
ROUTE_002851,PLANT18,2024-01-22,PICKER_023,"[1, 2, 4, 6, 10, 11]",6,76.28,2.6,58,10,1,DIJKSTRA,1
ROUTE_002852,PLANT14,2024-02-11,PICKER_047,"[14, 15, 18, 23]",4,88.47,3.42,20,2,1,MANUAL,1
ROUTE_002853,PLANT11,2024-06-23,PICKER_025,"[1, 2, 3]",3,48.0,3.45,61,8,1,MANUAL,1
ROUTE_002854,PLANT18,2024-09-20,PICKER_023,"[2, 4, 5, 7, 10, 11, 13, 14, 15]",9,156.98,3.79,27,6,1,MANUAL,1
ROUTE_002855,PLANT03,2024-02-20,PICKER_018,"[5, 9, 10]",3,52.03,2.55,63,9,1,DIJKSTRA,1
ROUTE_002856,PLANT03,2024-07-03,PICKER_007,"[1, 2, 6, 11]",4,73.04,2.09,21,7,1,DIJKSTRA,0
ROUTE_002857,PLANT14,2024-10-27,PICKER_027,"[13, 15, 21, 22, 28]",5,102.75,3.66,72,5,1,MANUAL,1
ROUTE_002858,PLANT17,2023-12-23,PICKER_015,"[5, 6, 8, 12, 15, 20, 22, 23, 24]",9,174.88,5.5,23,8,1,DIJKSTRA,1
ROUTE_002859,PLANT16,2023-03-01,PICKER_015,"[2, 5, 9, 12, 14]",5,99.91,3.97,17,6,1,ASTAR,0
ROUTE_002860,PLANT07,2024-12-08,PICKER_013,"[1, 3, 4, 10]",4,51.05,2.41,73,9,1,GREEDY,1
ROUTE_002861,PLANT07,2024-04-23,PICKER_029,"[1, 6, 11, 12]",4,95.25,3.29,13,6,1,DIJKSTRA,1
ROUTE_002862,PLANT11,2024-05-30,PICKER_034,"[2, 3, 4, 5]",4,62.36,3.33,72,7,1,DIJKSTRA,0
ROUTE_002863,PLANT10,2024-01-22,PICKER_001,"[9, 15, 19, 20]",4,53.74,1.73,36,8,1,GREEDY,0
ROUTE_002864,PLANT01,2024-02-09,PICKER_042,"[6, 8, 9, 11, 13, 15, 17, 20, 21, 24]",10,166.31,4.21,38,8,1,ASTAR,1
ROUTE_002865,PLANT12,2023-05-29,PICKER_028,"[5, 7, 11, 14, 18, 21, 22]",7,142.87,4.08,55,5,1,ASTAR,1
ROUTE_002866,PLANT10,2024-07-12,PICKER_032,"[4, 5, 6, 12, 16, 22]",6,111.47,3.85,46,1,1,MANUAL,1
ROUTE_002867,PLANT07,2024-04-06,PICKER_009,"[1, 2, 3, 5, 6, 8, 9, 10, 11, 12]",10,169.89,5.05,60,8,1,MANUAL,1
ROUTE_002868,PLANT13,2023-08-24,PICKER_042,"[1, 2, 3, 5, 6, 7, 9, 10]",8,115.78,3.36,22,3,1,MANUAL,1
ROUTE_002869,PLANT16,2023-12-04,PICKER_017,"[7, 8]",2,33.91,1.63,6,6,1,DIJKSTRA,1
ROUTE_002870,PLANT07,2024-03-18,PICKER_003,"[2, 5, 7, 8, 9, 12]",6,131.6,5.62,78,4,1,DIJKSTRA,1
ROUTE_002871,PLANT04,2023-01-08,PICKER_045,"[5, 20]",2,30.2,1.13,36,2,1,ASTAR,1
ROUTE_002872,PLANT15,2024-04-05,PICKER_001,"[3, 7, 8, 9, 11, 12, 13, 23]",8,145.16,4.17,57,4,1,MANUAL,1
ROUTE_002873,PLANT07,2023-02-01,PICKER_007,"[5, 10]",2,24.27,1.99,40,9,1,GREEDY,1
ROUTE_002874,PLANT10,2024-04-03,PICKER_023,"[1, 3, 7, 14, 18, 21, 22]",7,114.91,3.35,70,1,1,MANUAL,1
ROUTE_002875,PLANT16,2023-06-20,PICKER_010,"[2, 10, 11, 12]",4,70.32,1.97,71,3,1,DIJKSTRA,0
ROUTE_002876,PLANT06,2024-02-28,PICKER_021,"[1, 5, 6, 15, 21, 22, 24]",7,116.54,4.6,75,3,1,GREEDY,1
ROUTE_002877,PLANT02,2024-08-29,PICKER_012,"[2, 3, 4, 5, 6]",5,112.97,3.38,36,9,1,MANUAL,0
ROUTE_002878,PLANT13,2023-07-26,PICKER_050,"[1, 2, 3, 4, 5, 6, 7, 8, 9, 10]",10,218.83,4.98,80,8,1,ASTAR,1
ROUTE_002879,PLANT07,2023-03-19,PICKER_005,"[1, 2, 4, 5, 7, 8, 9, 10, 11, 12]",10,181.44,6.52,13,5,1,DIJKSTRA,0
ROUTE_002880,PLANT16,2023-07-24,PICKER_003,"[1, 2, 4, 5, 6, 7, 11, 14, 16]",9,186.06,5.86,10,2,1,ASTAR,1
ROUTE_002881,PLANT16,2023-02-19,PICKER_033,"[2, 3, 5, 13, 14]",5,61.17,3.77,72,3,1,ASTAR,1
ROUTE_002882,PLANT07,2024-06-04,PICKER_031,"[2, 4, 9, 11]",4,62.55,2.69,42,6,1,MANUAL,0
ROUTE_002883,PLANT07,2024-04-22,PICKER_049,"[1, 4, 5, 7, 8, 9, 10]",7,147.86,4.51,51,6,1,ASTAR,1
ROUTE_002884,PLANT19,2024-02-24,PICKER_040,"[1, 6, 12, 14, 19]",5,92.22,3.16,69,8,1,GREEDY,1
ROUTE_002885,PLANT02,2023-10-17,PICKER_005,"[1, 2, 3, 4, 5]",5,71.82,3.52,42,5,1,MANUAL,0
ROUTE_002886,PLANT08,2024-01-05,PICKER_022,"[3, 5, 11, 12, 21, 24, 25, 27]",8,129.58,4.84,20,7,1,ASTAR,1
ROUTE_002887,PLANT19,2024-08-28,PICKER_017,"[2, 17, 19, 22, 23]",5,100.57,4.59,52,5,1,ASTAR,0
ROUTE_002888,PLANT14,2024-03-24,PICKER_016,"[6, 9, 10, 14, 17, 23, 27, 29]",8,134.79,5.53,5,1,1,GREEDY,1
ROUTE_002889,PLANT20,2023-06-24,PICKER_031,"[2, 3, 4, 5, 6, 7]",6,119.34,2.95,69,10,1,MANUAL,1
ROUTE_002890,PLANT09,2023-10-14,PICKER_046,"[1, 3, 4, 5, 6, 7, 8, 9, 10]",9,143.7,3.66,60,4,1,GREEDY,1
ROUTE_002891,PLANT01,2023-05-03,PICKER_014,"[1, 12, 18]",3,66.25,4.01,9,3,1,MANUAL,0
ROUTE_002892,PLANT16,2023-03-27,PICKER_043,"[2, 3, 5, 6, 8, 10, 11, 14, 16]",9,140.69,5.73,50,4,1,MANUAL,1
ROUTE_002893,PLANT08,2024-06-15,PICKER_033,"[2, 6, 12, 24, 25]",5,68.38,2.35,67,4,1,MANUAL,0
ROUTE_002894,PLANT12,2023-06-04,PICKER_025,"[2, 3, 10, 11, 14, 15, 16, 19, 23]",9,145.75,5.8,71,3,1,GREEDY,1
ROUTE_002895,PLANT20,2024-05-19,PICKER_010,"[1, 2, 3, 4, 5, 6, 7]",7,143.1,5.2,28,10,1,MANUAL,0
ROUTE_002896,PLANT05,2023-10-23,PICKER_032,"[1, 2, 3, 4, 6, 9]",6,118.03,4.27,80,1,1,MANUAL,0
ROUTE_002897,PLANT04,2024-12-16,PICKER_005,"[2, 3, 16]",3,56.96,2.35,75,4,1,GREEDY,1
ROUTE_002898,PLANT10,2023-01-10,PICKER_039,"[5, 13, 14, 15, 16]",5,90.97,2.65,57,7,1,MANUAL,0
ROUTE_002899,PLANT01,2024-02-05,PICKER_026,"[11, 15, 18]",3,59.37,4.02,76,1,1,MANUAL,0
ROUTE_002900,PLANT20,2024-01-06,PICKER_013,"[1, 2, 3, 4, 5, 7]",6,69.56,3.86,11,4,1,DIJKSTRA,0
ROUTE_002901,PLANT04,2023-05-05,PICKER_022,"[1, 2, 3, 7, 9, 10, 13, 14, 15, 17]",10,221.67,6.31,47,5,1,DIJKSTRA,0
ROUTE_002902,PLANT03,2023-03-09,PICKER_030,"[1, 4, 11]",3,75.68,3.11,46,4,1,DIJKSTRA,1
ROUTE_002903,PLANT01,2023-04-13,PICKER_011,"[3, 4, 6, 12, 17, 18, 19, 22, 26]",9,142.34,5.1,19,10,1,MANUAL,0
ROUTE_002904,PLANT15,2024-10-05,PICKER_040,"[15, 24]",2,22.18,2.79,72,2,1,DIJKSTRA,1
ROUTE_002905,PLANT08,2024-02-17,PICKER_045,"[1, 4, 7, 13, 14, 20, 22, 25, 27, 29]",10,164.47,4.03,62,1,1,DIJKSTRA,0
ROUTE_002906,PLANT08,2024-09-12,PICKER_032,"[7, 11, 16, 26, 28]",5,63.95,3.28,53,8,1,MANUAL,1
ROUTE_002907,PLANT19,2024-11-27,PICKER_014,"[5, 21, 23]",3,58.09,2.8,57,9,1,ASTAR,1
ROUTE_002908,PLANT12,2024-09-18,PICKER_015,"[2, 3, 12, 14, 16, 25]",6,118.25,3.54,24,6,1,MANUAL,0
ROUTE_002909,PLANT06,2023-08-14,PICKER_023,"[5, 9, 12, 19, 20, 22, 27, 28]",8,159.25,4.92,37,3,1,MANUAL,1
ROUTE_002910,PLANT01,2023-06-06,PICKER_023,"[2, 5, 16]",3,61.82,2.27,73,7,1,MANUAL,1
ROUTE_002911,PLANT15,2023-09-16,PICKER_013,"[2, 7, 18, 21, 23]",5,98.7,3.43,21,4,1,ASTAR,1
ROUTE_002912,PLANT09,2024-05-15,PICKER_035,"[2, 4, 5, 7, 8]",5,88.0,2.62,76,6,1,MANUAL,0
ROUTE_002913,PLANT16,2024-12-10,PICKER_032,"[5, 7, 8, 12, 13]",5,80.07,3.48,6,8,1,ASTAR,1
ROUTE_002914,PLANT09,2023-06-03,PICKER_014,"[2, 3, 4, 5, 6, 7, 9]",7,105.33,5.08,11,10,1,DIJKSTRA,0
ROUTE_002915,PLANT08,2023-09-26,PICKER_011,"[1, 11, 25, 28]",4,59.21,1.95,41,10,1,MANUAL,1
ROUTE_002916,PLANT05,2024-12-12,PICKER_005,"[2, 6]",2,22.72,1.42,65,1,1,ASTAR,0
ROUTE_002917,PLANT19,2023-01-03,PICKER_005,"[3, 6, 7, 13, 16, 18, 19, 20, 21, 23]",10,170.42,6.31,31,6,1,ASTAR,0
ROUTE_002918,PLANT13,2024-07-28,PICKER_042,"[1, 2, 3, 4, 5, 8, 9, 10]",8,150.83,3.59,26,8,1,GREEDY,1
ROUTE_002919,PLANT16,2023-11-02,PICKER_017,"[7, 8]",2,34.87,2.06,55,9,1,GREEDY,0
ROUTE_002920,PLANT07,2024-07-18,PICKER_002,"[1, 5, 7, 10, 11]",5,88.66,4.03,48,5,1,GREEDY,1
ROUTE_002921,PLANT20,2023-04-11,PICKER_039,"[2, 4, 5, 6, 7]",5,77.78,2.69,40,2,1,DIJKSTRA,1
ROUTE_002922,PLANT01,2024-08-20,PICKER_038,"[8, 9, 10, 17, 25, 26]",6,103.77,4.41,31,5,1,DIJKSTRA,1
ROUTE_002923,PLANT18,2024-07-29,PICKER_050,"[1, 3, 6, 7, 8, 9, 11, 12, 15]",9,131.6,3.94,77,1,1,DIJKSTRA,0
ROUTE_002924,PLANT06,2023-09-10,PICKER_020,"[6, 7, 8, 9, 20, 24]",6,138.37,5.05,61,6,1,GREEDY,0
ROUTE_002925,PLANT02,2023-01-17,PICKER_035,"[2, 3, 5, 6]",4,77.61,3.01,18,4,1,DIJKSTRA,1
ROUTE_002926,PLANT12,2023-03-20,PICKER_024,"[3, 8, 9, 16, 24]",5,96.79,2.45,22,1,1,GREEDY,1
ROUTE_002927,PLANT12,2024-12-05,PICKER_035,"[1, 5, 9, 12, 14, 24]",6,44.8,3.23,8,4,1,ASTAR,0
ROUTE_002928,PLANT07,2023-11-22,PICKER_031,"[5, 7, 8]",3,38.58,3.19,55,6,1,DIJKSTRA,0
ROUTE_002929,PLANT04,2023-02-11,PICKER_038,"[1, 2, 3, 14, 19]",5,93.87,3.62,40,6,1,DIJKSTRA,0
ROUTE_002930,PLANT11,2024-10-02,PICKER_019,"[1, 2, 3, 4, 5]",5,69.36,4.06,66,6,1,DIJKSTRA,1
ROUTE_002931,PLANT07,2024-07-22,PICKER_025,"[1, 6, 8, 10, 12]",5,107.74,4.24,75,2,1,MANUAL,0
ROUTE_002932,PLANT01,2024-04-02,PICKER_031,"[13, 19, 25]",3,59.16,2.06,43,6,1,MANUAL,1
ROUTE_002933,PLANT02,2024-07-19,PICKER_047,"[1, 2, 4, 6]",4,58.79,1.81,64,4,1,DIJKSTRA,1
ROUTE_002934,PLANT06,2023-12-27,PICKER_015,"[5, 27]",2,41.25,2.66,48,6,1,MANUAL,0
ROUTE_002935,PLANT10,2023-07-15,PICKER_020,"[11, 12, 21, 24]",4,63.71,3.53,20,8,1,ASTAR,0
ROUTE_002936,PLANT20,2024-08-04,PICKER_015,"[1, 2, 3, 4, 5, 6, 7]",7,127.99,5.42,50,3,1,GREEDY,1
ROUTE_002937,PLANT07,2023-12-22,PICKER_049,"[2, 7, 11, 12]",4,87.18,3.83,76,4,1,ASTAR,1
ROUTE_002938,PLANT07,2023-11-23,PICKER_042,"[2, 3, 5, 6, 8, 9, 12]",7,156.06,4.91,14,2,1,ASTAR,1
ROUTE_002939,PLANT13,2024-06-10,PICKER_045,"[1, 2, 3, 5, 6, 7, 8, 9, 10]",9,196.98,4.76,37,3,1,ASTAR,1
ROUTE_002940,PLANT20,2024-04-12,PICKER_021,"[1, 6]",2,23.3,1.86,29,6,1,MANUAL,1
ROUTE_002941,PLANT06,2024-02-05,PICKER_023,"[1, 7]",2,40.2,2.25,14,2,1,ASTAR,0
ROUTE_002942,PLANT05,2024-12-31,PICKER_032,"[3, 4]",2,42.54,2.74,20,10,1,MANUAL,1
ROUTE_002943,PLANT16,2023-04-20,PICKER_037,"[1, 5, 9, 13, 14]",5,86.26,3.82,5,6,1,DIJKSTRA,1
ROUTE_002944,PLANT06,2024-07-16,PICKER_010,"[1, 3, 4, 6, 7, 12, 15, 18, 26]",9,166.26,3.86,77,9,1,MANUAL,1
ROUTE_002945,PLANT04,2023-08-11,PICKER_031,"[2, 3, 7, 8, 10, 19]",6,115.38,4.94,67,8,1,GREEDY,0
ROUTE_002946,PLANT18,2023-01-11,PICKER_011,"[3, 4, 5, 6, 7, 8, 11, 13, 15, 16]",10,203.07,6.17,60,4,1,DIJKSTRA,1
ROUTE_002947,PLANT11,2024-11-03,PICKER_021,"[1, 3, 5]",3,66.78,2.31,64,2,1,GREEDY,0
ROUTE_002948,PLANT07,2023-11-03,PICKER_028,"[2, 10]",2,45.64,2.66,58,4,1,MANUAL,0
ROUTE_002949,PLANT05,2024-05-07,PICKER_018,"[1, 2, 3, 4, 6, 7, 8, 9]",8,166.08,4.54,5,3,1,DIJKSTRA,0
ROUTE_002950,PLANT19,2024-07-29,PICKER_025,"[1, 5, 6, 7, 8, 9, 16, 17]",8,164.14,5.87,41,9,1,DIJKSTRA,1
ROUTE_002951,PLANT01,2023-06-19,PICKER_044,"[1, 7, 11, 12, 13, 23, 24]",7,120.24,3.31,6,9,1,MANUAL,0
ROUTE_002952,PLANT17,2024-09-10,PICKER_039,"[2, 3, 12, 13, 18]",5,87.79,2.57,26,3,1,ASTAR,1
ROUTE_002953,PLANT20,2024-12-01,PICKER_024,"[4, 6]",2,31.01,2.65,20,8,1,ASTAR,1
ROUTE_002954,PLANT19,2024-08-11,PICKER_023,"[8, 10, 15, 20]",4,72.67,3.43,51,2,1,GREEDY,0
ROUTE_002955,PLANT02,2023-04-06,PICKER_027,"[1, 2, 3, 4, 5]",5,86.38,3.29,66,2,1,DIJKSTRA,1
ROUTE_002956,PLANT19,2023-03-07,PICKER_046,"[1, 3, 4, 6, 7, 9, 14, 17, 18]",9,178.99,5.69,57,1,1,GREEDY,0
ROUTE_002957,PLANT03,2023-10-25,PICKER_019,"[1, 2, 3, 4, 7, 11]",6,74.18,3.02,72,9,1,ASTAR,1
ROUTE_002958,PLANT03,2023-10-31,PICKER_008,"[1, 2, 3, 5, 8, 10]",6,141.32,3.76,38,2,1,GREEDY,1
ROUTE_002959,PLANT01,2024-11-29,PICKER_048,"[6, 9, 13, 24]",4,89.79,2.43,61,4,1,MANUAL,0
ROUTE_002960,PLANT11,2024-11-06,PICKER_039,"[1, 2, 5]",3,64.07,2.65,37,2,1,ASTAR,0
ROUTE_002961,PLANT07,2023-04-20,PICKER_032,"[1, 2, 3, 5, 12]",5,92.58,2.41,28,8,1,DIJKSTRA,1
ROUTE_002962,PLANT05,2024-03-14,PICKER_010,"[2, 4, 5, 6, 7, 8, 9]",7,116.68,3.76,36,6,1,GREEDY,1
ROUTE_002963,PLANT01,2023-12-03,PICKER_003,"[8, 11, 17, 26]",4,77.55,4.53,67,8,1,MANUAL,0
ROUTE_002964,PLANT19,2024-12-03,PICKER_048,"[3, 6, 7, 9, 13, 18, 19, 21]",8,173.45,5.74,29,7,1,DIJKSTRA,1
ROUTE_002965,PLANT19,2023-05-10,PICKER_019,"[1, 2, 6, 7, 15, 18, 22]",7,145.44,4.78,71,10,1,GREEDY,1
ROUTE_002966,PLANT01,2023-08-23,PICKER_043,"[4, 18]",2,31.68,2.94,79,1,1,ASTAR,0
ROUTE_002967,PLANT12,2023-10-23,PICKER_008,"[3, 7, 16, 23, 24]",5,57.67,3.18,15,10,1,DIJKSTRA,1
ROUTE_002968,PLANT14,2024-03-09,PICKER_036,"[3, 6, 9, 12, 17, 19, 21]",7,128.68,4.11,62,9,1,ASTAR,1
ROUTE_002969,PLANT10,2023-12-01,PICKER_031,"[1, 5, 6, 8, 12, 15, 22, 23]",8,117.42,4.1,43,2,1,GREEDY,0
ROUTE_002970,PLANT13,2023-06-24,PICKER_021,"[4, 5, 8, 9]",4,55.52,3.49,74,8,1,DIJKSTRA,0
ROUTE_002971,PLANT19,2023-05-17,PICKER_022,"[6, 7, 8, 9, 12, 13, 18, 20, 23]",9,188.1,5.17,45,6,1,ASTAR,0
ROUTE_002972,PLANT14,2023-07-13,PICKER_038,"[17, 18, 28]",3,44.51,2.13,45,10,1,GREEDY,1
ROUTE_002973,PLANT14,2024-01-11,PICKER_031,"[4, 11, 12, 23, 27]",5,78.55,2.45,45,5,1,GREEDY,0
ROUTE_002974,PLANT02,2024-11-16,PICKER_046,"[2, 3, 4, 6]",4,46.32,1.64,34,10,1,ASTAR,1
ROUTE_002975,PLANT06,2023-05-29,PICKER_003,"[2, 3, 4, 8, 9, 16, 18, 28]",8,92.62,2.42,66,5,1,GREEDY,1
ROUTE_002976,PLANT19,2023-01-09,PICKER_002,"[15, 20]",2,25.71,1.21,72,10,1,DIJKSTRA,0
ROUTE_002977,PLANT13,2023-06-17,PICKER_006,"[3, 4, 7, 8, 9]",5,77.85,2.26,26,10,1,ASTAR,1
ROUTE_002978,PLANT13,2023-08-21,PICKER_050,"[1, 3, 4, 5, 6, 8, 9, 10]",8,94.16,4.52,19,6,1,ASTAR,1
ROUTE_002979,PLANT19,2024-02-07,PICKER_013,"[3, 9, 10, 14, 15, 18, 22]",7,125.7,3.88,48,8,1,MANUAL,1
ROUTE_002980,PLANT16,2023-04-23,PICKER_043,"[3, 13, 15]",3,53.33,3.61,48,7,1,MANUAL,0
ROUTE_002981,PLANT17,2023-03-22,PICKER_006,"[4, 5, 12]",3,64.09,2.59,71,7,1,MANUAL,1
ROUTE_002982,PLANT16,2024-09-09,PICKER_027,"[1, 4, 6, 7, 9, 11, 13, 14, 16]",9,140.86,4.96,19,10,1,GREEDY,0
ROUTE_002983,PLANT12,2023-12-29,PICKER_014,"[3, 5, 6, 8, 9, 11, 15, 16, 20]",9,163.11,4.16,45,3,1,DIJKSTRA,0
ROUTE_002984,PLANT08,2023-08-23,PICKER_032,"[4, 9, 11]",3,35.86,3.05,59,3,1,ASTAR,1
ROUTE_002985,PLANT03,2024-01-27,PICKER_011,"[1, 8]",2,44.6,1.69,5,2,1,MANUAL,0
ROUTE_002986,PLANT04,2024-03-12,PICKER_031,"[2, 11, 14]",3,48.46,3.83,6,8,1,DIJKSTRA,1
ROUTE_002987,PLANT03,2023-04-27,PICKER_011,"[1, 2, 3, 5, 7, 8, 9, 10]",8,169.49,5.41,23,9,1,GREEDY,1
ROUTE_002988,PLANT16,2023-12-30,PICKER_020,"[1, 3, 5, 6, 7, 11, 13]",7,106.31,4.85,24,4,1,ASTAR,0
ROUTE_002989,PLANT19,2023-02-16,PICKER_020,"[5, 18, 20]",3,53.12,3.35,72,9,1,ASTAR,0
ROUTE_002990,PLANT08,2023-06-24,PICKER_029,"[1, 8, 11]",3,38.66,3.68,17,8,1,DIJKSTRA,1
ROUTE_002991,PLANT13,2024-09-12,PICKER_041,"[1, 2, 3, 4, 5, 6, 7, 8, 9, 10]",10,174.62,5.73,53,3,1,GREEDY,1
ROUTE_002992,PLANT06,2023-09-23,PICKER_021,"[3, 8, 12, 22]",4,77.98,3.27,49,6,1,MANUAL,1
ROUTE_002993,PLANT04,2024-03-08,PICKER_002,"[1, 2, 5, 7, 12, 15, 16, 20]",8,146.63,5.19,17,9,1,GREEDY,0
ROUTE_002994,PLANT01,2023-01-27,PICKER_046,"[1, 3, 6, 11, 14, 20, 21]",7,143.89,3.77,42,10,1,ASTAR,1
ROUTE_002995,PLANT09,2024-08-30,PICKER_026,"[1, 2, 3, 4, 5, 7, 8, 9, 10]",9,154.15,4.14,15,2,1,DIJKSTRA,1
ROUTE_002996,PLANT16,2023-06-21,PICKER_017,"[1, 2, 4, 10, 11, 12, 14, 15]",8,147.65,4.47,75,8,1,DIJKSTRA,1
ROUTE_002997,PLANT07,2024-04-28,PICKER_047,"[1, 2, 4, 5, 7, 9]",6,103.61,4.0,50,5,1,GREEDY,1
ROUTE_002998,PLANT07,2023-06-11,PICKER_017,"[4, 7, 9]",3,31.02,3.53,20,10,1,GREEDY,0
ROUTE_002999,PLANT15,2023-03-30,PICKER_007,"[1, 7, 20]",3,54.66,1.82,68,2,1,ASTAR,1
ROUTE_003000,PLANT20,2023-02-21,PICKER_006,"[2, 3, 4, 6, 7]",5,81.65,2.57,15,10,1,MANUAL,0
ROUTE_003001,PLANT11,2024-12-31,PICKER_017,"[1, 2, 3, 4, 5]",5,86.75,3.78,79,7,1,ASTAR,1
ROUTE_003002,PLANT03,2023-02-12,PICKER_019,"[1, 2, 3, 4, 5, 7, 8, 9, 10, 11]",10,211.49,5.18,9,2,1,MANUAL,0
ROUTE_003003,PLANT04,2023-06-28,PICKER_027,"[4, 6, 13]",3,64.14,3.91,71,10,1,ASTAR,1
ROUTE_003004,PLANT04,2023-04-23,PICKER_021,"[5, 8, 19]",3,75.25,3.74,80,5,1,GREEDY,1
ROUTE_003005,PLANT03,2023-11-21,PICKER_038,"[2, 9]",2,56.3,3.24,59,1,1,MANUAL,1
ROUTE_003006,PLANT03,2023-02-02,PICKER_024,"[1, 3, 6, 11]",4,79.49,2.72,19,10,1,GREEDY,1
ROUTE_003007,PLANT14,2024-02-06,PICKER_009,"[2, 5, 8, 11, 13, 21, 28]",7,108.37,2.67,36,9,1,ASTAR,1
ROUTE_003008,PLANT14,2024-09-12,PICKER_015,"[1, 3, 6, 13, 15, 18, 27, 28, 29]",9,167.76,4.18,54,8,1,ASTAR,0
ROUTE_003009,PLANT15,2024-11-25,PICKER_003,"[1, 3, 7, 12, 21, 25]",6,107.9,2.91,56,10,1,MANUAL,0
ROUTE_003010,PLANT11,2023-05-21,PICKER_015,"[1, 3]",2,51.18,3.22,47,6,1,DIJKSTRA,1
ROUTE_003011,PLANT04,2023-10-12,PICKER_021,"[13, 14, 15, 20]",4,71.12,3.5,5,1,1,MANUAL,1
ROUTE_003012,PLANT12,2024-05-23,PICKER_027,"[3, 8, 10, 16, 17, 19, 22, 24]",8,133.14,4.5,13,1,1,DIJKSTRA,1
ROUTE_003013,PLANT02,2024-01-19,PICKER_008,"[1, 2, 5]",3,70.28,3.25,77,3,1,ASTAR,1
ROUTE_003014,PLANT14,2023-06-07,PICKER_018,"[1, 5, 9, 12, 15, 16, 18, 22, 28]",9,170.22,4.28,37,8,1,DIJKSTRA,0
ROUTE_003015,PLANT04,2024-10-28,PICKER_043,"[5, 9, 11, 12, 13, 20]",6,103.36,3.26,53,8,1,ASTAR,0
ROUTE_003016,PLANT17,2024-07-28,PICKER_004,"[3, 6, 12, 15, 16]",5,87.53,4.56,8,9,1,MANUAL,0
ROUTE_003017,PLANT14,2024-08-14,PICKER_031,"[3, 5, 6, 8, 17, 19, 29]",7,139.42,4.43,50,8,1,DIJKSTRA,0
ROUTE_003018,PLANT12,2023-12-14,PICKER_049,"[6, 9, 19]",3,65.76,3.46,31,8,1,GREEDY,0
ROUTE_003019,PLANT02,2023-08-10,PICKER_049,"[1, 2, 4, 5]",4,56.39,2.16,50,7,1,ASTAR,1
ROUTE_003020,PLANT18,2023-05-24,PICKER_003,"[10, 11, 13, 15]",4,64.84,2.13,27,10,1,MANUAL,1
ROUTE_003021,PLANT17,2024-08-17,PICKER_007,"[2, 3, 8, 10, 11, 12, 13, 15, 18]",9,144.63,3.75,73,4,1,ASTAR,0
ROUTE_003022,PLANT10,2023-03-14,PICKER_049,"[1, 5, 6, 9, 16, 17, 19, 23]",8,146.99,5.81,78,6,1,GREEDY,1
ROUTE_003023,PLANT20,2023-03-29,PICKER_040,"[3, 6, 7]",3,50.2,2.89,31,4,1,ASTAR,1
ROUTE_003024,PLANT05,2024-03-08,PICKER_045,"[2, 3]",2,34.91,3.04,41,6,1,GREEDY,0
ROUTE_003025,PLANT07,2024-04-02,PICKER_002,"[1, 2, 3, 4, 5, 7, 8, 10, 11, 12]",10,137.91,5.22,8,1,1,GREEDY,1
ROUTE_003026,PLANT06,2024-09-13,PICKER_009,"[1, 10, 16, 23, 25]",5,75.48,3.71,15,6,1,DIJKSTRA,0
ROUTE_003027,PLANT14,2024-09-05,PICKER_017,"[6, 7, 10, 13, 15, 18, 21, 26, 28]",9,159.02,5.6,43,10,1,ASTAR,1
ROUTE_003028,PLANT02,2024-09-11,PICKER_028,"[1, 2, 3, 4, 5, 6]",6,105.17,2.76,17,4,1,MANUAL,1
ROUTE_003029,PLANT16,2023-08-15,PICKER_033,"[4, 6, 8, 12, 14, 15]",6,112.41,3.07,10,4,1,MANUAL,0
ROUTE_003030,PLANT19,2024-05-30,PICKER_012,"[2, 6, 9, 17, 19, 21, 22]",7,161.91,5.78,13,3,1,DIJKSTRA,0
ROUTE_003031,PLANT17,2024-10-03,PICKER_022,"[1, 4, 8, 10, 12, 14, 20, 24]",8,104.46,2.82,71,5,1,ASTAR,0
ROUTE_003032,PLANT09,2023-04-22,PICKER_036,"[1, 2, 3, 4, 5, 7, 8, 9, 10]",9,183.21,5.59,57,3,1,ASTAR,1
ROUTE_003033,PLANT17,2023-07-02,PICKER_031,"[4, 12, 13, 23]",4,77.55,4.52,40,10,1,DIJKSTRA,1
ROUTE_003034,PLANT20,2023-12-10,PICKER_019,"[1, 2, 3, 4, 5, 6, 7]",7,127.68,4.01,53,4,1,ASTAR,1
ROUTE_003035,PLANT17,2024-08-29,PICKER_012,"[4, 18, 19, 22]",4,64.48,2.81,74,7,1,ASTAR,1
ROUTE_003036,PLANT12,2024-08-06,PICKER_001,"[3, 6, 8, 11, 12, 18, 19]",7,135.45,3.77,21,10,1,GREEDY,0
ROUTE_003037,PLANT15,2024-05-07,PICKER_032,"[5, 12, 14, 15, 17, 18, 20, 24, 25]",9,154.96,4.4,78,4,1,GREEDY,0
ROUTE_003038,PLANT05,2024-11-28,PICKER_011,"[1, 2, 3, 4, 5, 6, 8, 9]",8,122.65,5.43,74,8,1,MANUAL,1
ROUTE_003039,PLANT16,2023-06-07,PICKER_026,"[1, 2, 4, 5, 6, 9, 13, 14, 15, 16]",10,176.48,6.5,72,8,1,GREEDY,1
ROUTE_003040,PLANT19,2023-10-12,PICKER_011,"[3, 5, 8, 13, 15, 16, 20, 21, 22, 23]",10,203.63,4.99,22,10,1,GREEDY,0
ROUTE_003041,PLANT01,2024-09-17,PICKER_040,"[1, 4, 5, 6, 11, 12, 15, 19, 24]",9,171.38,3.93,24,4,1,GREEDY,1
ROUTE_003042,PLANT06,2024-07-23,PICKER_046,"[3, 7, 10, 11, 17, 22, 26, 28]",8,119.88,3.94,43,2,1,MANUAL,1
ROUTE_003043,PLANT09,2024-05-13,PICKER_049,"[1, 4, 5, 6, 7, 9]",6,123.31,5.31,23,1,1,ASTAR,0
ROUTE_003044,PLANT02,2024-09-07,PICKER_020,"[1, 2, 3, 4, 5, 6]",6,98.56,3.61,9,9,1,MANUAL,0
ROUTE_003045,PLANT10,2023-05-25,PICKER_025,"[1, 7, 10, 11, 12, 14, 17, 18, 20, 21]",10,187.1,6.3,62,1,1,DIJKSTRA,1
ROUTE_003046,PLANT16,2024-05-21,PICKER_047,"[6, 13, 16]",3,55.14,2.2,37,8,1,MANUAL,0
ROUTE_003047,PLANT02,2023-03-02,PICKER_048,"[1, 3, 4, 5, 6]",5,62.21,3.42,58,2,1,DIJKSTRA,1
ROUTE_003048,PLANT13,2024-12-19,PICKER_013,"[1, 2, 4]",3,23.81,1.26,47,9,1,ASTAR,0
ROUTE_003049,PLANT06,2024-01-20,PICKER_022,"[5, 19, 20]",3,43.71,2.47,67,1,1,MANUAL,0
ROUTE_003050,PLANT05,2024-07-13,PICKER_022,"[2, 4, 7, 8, 9]",5,78.23,4.13,55,3,1,DIJKSTRA,1
ROUTE_003051,PLANT12,2023-10-15,PICKER_025,"[2, 3, 5, 12, 13, 14, 16]",7,107.8,3.62,36,9,1,ASTAR,1
ROUTE_003052,PLANT19,2024-11-15,PICKER_014,"[4, 9, 14]",3,49.85,2.91,27,1,1,MANUAL,0
ROUTE_003053,PLANT08,2023-02-27,PICKER_029,"[2, 6, 14, 17, 19, 20, 27]",7,99.51,3.05,56,10,1,ASTAR,0
ROUTE_003054,PLANT11,2024-10-30,PICKER_012,"[1, 2, 3, 4, 5]",5,109.92,3.15,6,3,1,MANUAL,1
ROUTE_003055,PLANT17,2023-10-02,PICKER_015,"[2, 11, 13, 14]",4,90.2,3.6,17,8,1,ASTAR,0
ROUTE_003056,PLANT10,2023-04-19,PICKER_001,"[4, 9, 12, 15, 16, 17, 22]",7,125.36,5.18,17,3,1,ASTAR,0
ROUTE_003057,PLANT18,2023-06-18,PICKER_020,"[3, 8, 11, 14]",4,74.52,2.1,28,5,1,MANUAL,1
ROUTE_003058,PLANT16,2024-06-14,PICKER_030,"[2, 5, 6]",3,29.61,1.45,24,5,1,GREEDY,0
ROUTE_003059,PLANT10,2023-07-24,PICKER_050,"[2, 3, 6, 7, 8, 10, 13, 19, 20, 24]",10,177.94,5.13,21,3,1,DIJKSTRA,0
ROUTE_003060,PLANT06,2023-09-14,PICKER_045,"[1, 9, 10, 11, 16]",5,96.1,2.54,65,8,1,MANUAL,1
ROUTE_003061,PLANT10,2024-01-25,PICKER_027,"[2, 4, 8, 10, 12, 14, 15, 17]",8,181.75,5.66,28,7,1,DIJKSTRA,0
ROUTE_003062,PLANT20,2024-08-29,PICKER_004,"[1, 2, 3, 4, 5, 6, 7]",7,101.72,3.96,65,3,1,GREEDY,1
ROUTE_003063,PLANT04,2024-06-20,PICKER_013,"[2, 8, 9, 13, 17]",5,72.74,4.31,33,1,1,GREEDY,0
ROUTE_003064,PLANT01,2023-06-23,PICKER_043,"[1, 4, 7, 8, 12, 14, 19]",7,77.63,4.35,12,6,1,GREEDY,1
ROUTE_003065,PLANT02,2023-12-28,PICKER_010,"[4, 5, 6]",3,51.41,1.63,21,10,1,DIJKSTRA,1
ROUTE_003066,PLANT13,2023-11-01,PICKER_025,"[1, 2, 3, 4, 5, 6, 7, 8, 9, 10]",10,214.64,5.46,32,10,1,MANUAL,1
ROUTE_003067,PLANT09,2023-01-31,PICKER_039,"[1, 2, 3, 5, 6, 8, 10]",7,117.24,3.41,48,7,1,GREEDY,1
ROUTE_003068,PLANT04,2024-05-31,PICKER_043,"[2, 3, 5, 8, 9, 16]",6,134.25,3.42,77,9,1,MANUAL,1
ROUTE_003069,PLANT17,2023-08-10,PICKER_047,"[2, 3, 8, 9, 10, 13, 21, 22, 23, 24]",10,143.44,5.24,23,3,1,ASTAR,1
ROUTE_003070,PLANT11,2023-02-25,PICKER_017,"[1, 2, 3, 4]",4,65.15,2.64,55,1,1,DIJKSTRA,0
ROUTE_003071,PLANT16,2023-01-02,PICKER_011,"[4, 7, 8, 9, 10, 13, 14, 15]",8,108.34,3.86,47,2,1,ASTAR,0
ROUTE_003072,PLANT18,2024-01-10,PICKER_046,"[1, 2, 3, 5, 7, 8, 9, 10, 12, 15]",10,168.38,6.34,22,3,1,GREEDY,1
ROUTE_003073,PLANT08,2024-10-11,PICKER_022,"[5, 6, 9, 10]",4,82.22,2.56,41,2,1,MANUAL,1
ROUTE_003074,PLANT02,2023-03-28,PICKER_023,"[1, 2, 3, 4, 5, 6]",6,112.05,4.54,80,4,1,ASTAR,1
ROUTE_003075,PLANT11,2024-07-03,PICKER_041,"[1, 2, 3, 4, 5]",5,95.85,4.86,56,2,1,ASTAR,0
ROUTE_003076,PLANT08,2024-01-31,PICKER_003,"[2, 3, 7, 10, 12, 14, 16, 20, 22, 26]",10,190.48,4.84,49,9,1,GREEDY,1
ROUTE_003077,PLANT15,2024-09-23,PICKER_014,"[8, 13, 17, 18]",4,63.15,4.06,76,4,1,GREEDY,0
ROUTE_003078,PLANT05,2023-07-04,PICKER_046,"[2, 3, 5, 7, 9]",5,95.73,3.61,54,6,1,DIJKSTRA,0
ROUTE_003079,PLANT02,2023-05-08,PICKER_011,"[1, 4]",2,22.32,2.99,65,5,1,ASTAR,1
ROUTE_003080,PLANT11,2023-07-29,PICKER_005,"[4, 5]",2,11.24,0.91,72,8,1,DIJKSTRA,0
ROUTE_003081,PLANT20,2023-01-15,PICKER_031,"[1, 3, 5]",3,74.25,2.38,61,7,1,ASTAR,1
ROUTE_003082,PLANT09,2024-05-10,PICKER_020,"[1, 2, 3, 4, 5, 6, 7, 8, 9, 10]",10,179.55,4.65,6,2,1,ASTAR,1
ROUTE_003083,PLANT19,2024-04-29,PICKER_021,"[2, 6, 7, 9, 11, 12, 15, 17, 23]",9,121.58,3.54,34,6,1,DIJKSTRA,1
ROUTE_003084,PLANT07,2024-07-03,PICKER_032,"[3, 4, 6, 7, 8, 9, 10, 12]",8,145.53,4.57,37,2,1,ASTAR,1
ROUTE_003085,PLANT05,2023-01-07,PICKER_035,"[1, 3, 4, 5, 6, 7, 8, 9]",8,143.29,5.0,53,6,1,ASTAR,1
ROUTE_003086,PLANT11,2024-12-03,PICKER_004,"[1, 2, 3, 4, 5]",5,83.57,3.74,39,6,1,DIJKSTRA,1
ROUTE_003087,PLANT16,2024-02-25,PICKER_040,"[4, 6, 15]",3,36.91,2.28,63,8,1,DIJKSTRA,1
ROUTE_003088,PLANT11,2024-02-27,PICKER_020,"[1, 4, 5]",3,53.12,2.6,5,8,1,ASTAR,0
ROUTE_003089,PLANT10,2023-12-27,PICKER_024,"[4, 11, 12, 13, 15, 18, 20, 21, 24]",9,140.99,4.02,41,1,1,MANUAL,0
ROUTE_003090,PLANT15,2024-12-19,PICKER_047,"[3, 7, 9, 21, 23]",5,77.68,3.72,72,2,1,DIJKSTRA,1
ROUTE_003091,PLANT06,2024-12-12,PICKER_010,"[9, 13, 16, 21, 22, 24, 27]",7,133.27,3.77,46,10,1,DIJKSTRA,1
ROUTE_003092,PLANT13,2023-04-23,PICKER_046,"[1, 2, 3, 4, 5, 6, 7]",7,119.81,5.11,13,2,1,MANUAL,0
ROUTE_003093,PLANT13,2023-03-19,PICKER_005,"[1, 3, 5, 8, 9, 10]",6,102.33,2.99,11,1,1,GREEDY,1
ROUTE_003094,PLANT18,2023-11-08,PICKER_037,"[2, 5, 7, 11, 12, 16]",6,106.78,2.9,59,5,1,ASTAR,0
ROUTE_003095,PLANT19,2024-12-06,PICKER_037,"[2, 4, 8, 10, 12, 13, 18, 22]",8,105.35,5.04,39,2,1,ASTAR,1
ROUTE_003096,PLANT07,2023-11-10,PICKER_011,"[1, 2, 3, 11, 12]",5,105.8,4.62,41,5,1,GREEDY,0
ROUTE_003097,PLANT02,2023-07-02,PICKER_045,"[2, 3, 5, 6]",4,88.96,2.34,9,2,1,GREEDY,1
ROUTE_003098,PLANT14,2024-07-30,PICKER_039,"[5, 21, 23, 29]",4,57.49,2.27,27,10,1,GREEDY,0
ROUTE_003099,PLANT11,2024-09-19,PICKER_028,"[1, 4, 5]",3,47.06,1.63,34,2,1,ASTAR,1
ROUTE_003100,PLANT18,2024-05-25,PICKER_022,"[6, 10, 11]",3,66.86,4.24,27,5,1,ASTAR,1
ROUTE_003101,PLANT16,2023-03-03,PICKER_044,"[1, 14, 15, 16]",4,80.79,4.07,32,10,1,MANUAL,0
ROUTE_003102,PLANT07,2024-02-26,PICKER_050,"[5, 8]",2,33.05,3.33,49,7,1,DIJKSTRA,0
ROUTE_003103,PLANT14,2023-01-04,PICKER_042,"[2, 5, 6, 13, 17, 18, 22, 23, 25, 28]",10,155.09,3.92,38,4,1,ASTAR,1
ROUTE_003104,PLANT02,2024-06-17,PICKER_044,"[1, 2, 3, 4, 5, 6]",6,92.5,3.24,65,3,1,ASTAR,0
ROUTE_003105,PLANT12,2023-05-24,PICKER_030,"[3, 4, 7, 13, 20, 23]",6,108.97,3.24,20,6,1,DIJKSTRA,0
ROUTE_003106,PLANT04,2024-09-02,PICKER_028,"[6, 9, 12, 16, 18]",5,90.33,4.63,37,5,1,GREEDY,0
ROUTE_003107,PLANT14,2024-03-14,PICKER_031,"[1, 2, 6, 8, 10, 12, 14, 15, 17, 19]",10,188.22,5.47,73,4,1,DIJKSTRA,0
ROUTE_003108,PLANT20,2023-05-11,PICKER_006,"[1, 2, 3, 4, 6, 7]",6,110.25,2.82,76,7,1,DIJKSTRA,1
ROUTE_003109,PLANT16,2024-05-02,PICKER_024,"[1, 3, 4, 6, 7, 10, 14, 15]",8,127.85,5.19,70,3,1,ASTAR,0
ROUTE_003110,PLANT02,2024-06-21,PICKER_005,"[2, 4]",2,35.11,3.64,74,9,1,DIJKSTRA,1
ROUTE_003111,PLANT15,2023-08-16,PICKER_017,"[4, 16, 18, 23, 24, 25]",6,107.0,4.59,78,2,1,ASTAR,1
ROUTE_003112,PLANT08,2024-04-01,PICKER_039,"[6, 22, 24]",3,37.42,2.04,62,3,1,ASTAR,1
ROUTE_003113,PLANT15,2023-06-14,PICKER_042,"[4, 12, 17, 18]",4,52.24,3.07,56,9,1,ASTAR,1
ROUTE_003114,PLANT05,2024-03-22,PICKER_049,"[1, 9]",2,35.47,2.52,61,6,1,GREEDY,1
ROUTE_003115,PLANT16,2024-08-22,PICKER_027,"[7, 8, 10, 16]",4,57.4,1.89,54,10,1,DIJKSTRA,0
ROUTE_003116,PLANT02,2023-11-02,PICKER_032,"[1, 2, 3, 4, 5, 6]",6,110.06,2.83,13,9,1,GREEDY,0
ROUTE_003117,PLANT15,2024-10-30,PICKER_036,"[2, 7, 10, 13, 14, 18]",6,93.36,4.3,65,6,1,ASTAR,0
ROUTE_003118,PLANT12,2023-09-19,PICKER_004,"[3, 21, 24]",3,55.59,3.71,24,5,1,ASTAR,1
ROUTE_003119,PLANT07,2023-10-29,PICKER_017,"[1, 6, 8, 9, 11]",5,67.42,2.77,59,1,1,ASTAR,0
ROUTE_003120,PLANT18,2023-07-14,PICKER_040,"[13, 15]",2,25.51,2.52,51,9,1,GREEDY,1
ROUTE_003121,PLANT09,2023-12-04,PICKER_024,"[1, 2, 3, 4, 6, 7, 8]",7,136.72,4.38,79,2,1,ASTAR,0
ROUTE_003122,PLANT15,2024-02-29,PICKER_005,"[2, 3, 8, 9, 12, 14, 16, 20, 21]",9,152.47,4.96,45,10,1,MANUAL,1
ROUTE_003123,PLANT13,2023-08-10,PICKER_039,"[6, 8, 9]",3,59.79,3.75,54,9,1,MANUAL,0
ROUTE_003124,PLANT11,2024-09-20,PICKER_011,"[1, 2, 3, 5]",4,108.81,3.14,72,7,1,MANUAL,0
ROUTE_003125,PLANT02,2023-07-16,PICKER_006,"[1, 4, 5, 6]",4,71.43,2.54,5,1,1,DIJKSTRA,1
ROUTE_003126,PLANT12,2024-10-22,PICKER_035,"[2, 3, 5, 6, 7, 8, 9, 10, 15, 25]",10,173.5,4.17,66,2,1,DIJKSTRA,1
ROUTE_003127,PLANT17,2023-05-01,PICKER_048,"[5, 6, 9, 11, 19, 21]",6,98.67,4.64,17,2,1,ASTAR,1
ROUTE_003128,PLANT19,2023-09-19,PICKER_013,"[4, 6, 7, 18]",4,66.78,2.8,22,4,1,GREEDY,0
ROUTE_003129,PLANT04,2024-09-04,PICKER_015,"[1, 3, 6, 11, 12, 18]",6,127.54,3.89,80,8,1,GREEDY,0
ROUTE_003130,PLANT18,2023-10-30,PICKER_021,"[4, 5, 8, 12, 14, 15, 16]",7,102.07,2.73,45,7,1,ASTAR,0
ROUTE_003131,PLANT05,2023-03-11,PICKER_021,"[1, 2, 3, 4, 5, 6, 8]",7,119.28,3.1,68,8,1,ASTAR,1
ROUTE_003132,PLANT17,2023-08-05,PICKER_025,"[3, 5, 7, 8, 9, 11, 15, 18, 22]",9,110.59,3.02,80,2,1,GREEDY,1
ROUTE_003133,PLANT11,2024-02-21,PICKER_047,"[1, 3, 5]",3,39.12,1.3,5,7,1,DIJKSTRA,0
ROUTE_003134,PLANT08,2024-04-28,PICKER_007,"[5, 7, 10, 14, 17, 21, 24, 25, 28]",9,152.7,4.56,28,9,1,GREEDY,0
ROUTE_003135,PLANT11,2023-02-09,PICKER_023,"[1, 3, 4, 5]",4,60.02,3.12,18,10,1,MANUAL,0
ROUTE_003136,PLANT07,2023-10-24,PICKER_047,"[2, 4, 6, 10, 12]",5,87.22,2.36,37,1,1,ASTAR,0
ROUTE_003137,PLANT04,2023-03-06,PICKER_014,"[18, 20]",2,26.63,2.5,30,10,1,ASTAR,0
ROUTE_003138,PLANT12,2024-10-07,PICKER_030,"[1, 3, 7, 12, 14, 17, 20]",7,143.95,4.8,48,10,1,MANUAL,0
ROUTE_003139,PLANT12,2024-08-30,PICKER_049,"[13, 22]",2,37.56,2.02,50,1,1,GREEDY,1
ROUTE_003140,PLANT08,2023-02-04,PICKER_050,"[9, 16, 19, 23]",4,89.92,2.68,24,6,1,ASTAR,0
ROUTE_003141,PLANT16,2024-09-10,PICKER_033,"[5, 6, 8, 9, 10, 12, 14, 15, 16]",9,157.46,4.59,9,7,1,GREEDY,1
ROUTE_003142,PLANT05,2023-12-21,PICKER_023,"[3, 7, 9]",3,61.17,2.14,20,4,1,DIJKSTRA,1
ROUTE_003143,PLANT07,2023-12-01,PICKER_005,"[2, 3, 4, 8]",4,86.11,2.26,21,9,1,ASTAR,1
ROUTE_003144,PLANT09,2024-12-24,PICKER_036,"[2, 3, 4, 5, 6, 7, 8, 9]",8,174.68,4.31,26,8,1,DIJKSTRA,0
ROUTE_003145,PLANT08,2024-11-08,PICKER_033,"[1, 5, 10, 13, 14, 15, 20, 27, 29]",9,119.32,5.12,12,7,1,GREEDY,1
ROUTE_003146,PLANT17,2023-11-23,PICKER_034,"[4, 5, 12, 20]",4,66.17,2.01,20,6,1,DIJKSTRA,1
ROUTE_003147,PLANT09,2023-08-19,PICKER_044,"[5, 10]",2,34.42,2.64,12,6,1,GREEDY,1
ROUTE_003148,PLANT16,2023-06-08,PICKER_027,"[11, 12, 15, 16]",4,77.65,2.46,5,2,1,ASTAR,0
ROUTE_003149,PLANT10,2024-05-04,PICKER_048,"[9, 20]",2,44.46,3.24,23,8,1,ASTAR,0
ROUTE_003150,PLANT19,2024-10-19,PICKER_023,"[7, 8, 17]",3,52.47,2.06,74,5,1,GREEDY,1
ROUTE_003151,PLANT11,2023-09-25,PICKER_034,"[1, 4, 5]",3,52.27,2.35,66,6,1,DIJKSTRA,0
ROUTE_003152,PLANT03,2023-09-04,PICKER_002,"[2, 4, 8, 10, 11]",5,74.08,3.12,7,1,1,ASTAR,0
ROUTE_003153,PLANT14,2023-10-10,PICKER_006,"[4, 5, 8, 19, 27]",5,98.08,3.16,38,5,1,ASTAR,1
ROUTE_003154,PLANT16,2024-04-19,PICKER_014,"[8, 11, 16]",3,69.7,2.78,13,5,1,MANUAL,0
ROUTE_003155,PLANT01,2024-12-18,PICKER_039,"[11, 14, 15, 21, 22]",5,111.37,3.12,39,6,1,MANUAL,1
ROUTE_003156,PLANT19,2023-03-13,PICKER_048,"[3, 17, 18, 19, 21, 22, 23]",7,121.71,4.89,35,7,1,DIJKSTRA,1
ROUTE_003157,PLANT16,2023-04-08,PICKER_032,"[6, 13]",2,37.24,1.77,19,1,1,ASTAR,0
ROUTE_003158,PLANT20,2023-05-13,PICKER_049,"[3, 6]",2,19.74,3.3,27,10,1,MANUAL,0
ROUTE_003159,PLANT17,2024-09-06,PICKER_011,"[6, 20]",2,40.66,3.4,27,8,1,GREEDY,0
ROUTE_003160,PLANT14,2023-08-27,PICKER_010,"[14, 16, 18, 20, 21, 28]",6,130.08,3.84,57,2,1,ASTAR,0
ROUTE_003161,PLANT08,2023-11-26,PICKER_009,"[5, 8, 14]",3,78.63,2.8,8,10,1,GREEDY,1
ROUTE_003162,PLANT10,2024-06-30,PICKER_046,"[2, 7, 11, 12, 13, 16, 18, 19]",8,135.96,3.55,12,4,1,GREEDY,1
ROUTE_003163,PLANT16,2024-10-07,PICKER_037,"[1, 2, 4, 5, 6, 8, 9, 11, 14, 16]",10,159.17,4.46,48,1,1,MANUAL,1
ROUTE_003164,PLANT09,2023-09-17,PICKER_025,"[1, 2, 3, 7, 9]",5,76.04,3.48,33,10,1,GREEDY,1
ROUTE_003165,PLANT15,2023-03-18,PICKER_048,"[1, 4, 6, 7, 11, 12, 14, 15, 20, 21]",10,205.89,5.5,11,2,1,GREEDY,1
ROUTE_003166,PLANT13,2023-05-05,PICKER_002,"[1, 2, 4, 9]",4,78.64,3.38,72,8,1,MANUAL,0
ROUTE_003167,PLANT19,2023-08-25,PICKER_007,"[1, 2, 3, 4, 6, 11, 12, 13, 14, 15]",10,183.16,6.06,20,4,1,GREEDY,1
ROUTE_003168,PLANT09,2023-06-10,PICKER_027,"[5, 8]",2,26.04,3.42,80,9,1,MANUAL,1
ROUTE_003169,PLANT08,2023-11-03,PICKER_019,"[6, 9, 10, 12, 14, 15, 18, 21, 23, 27]",10,213.78,6.24,78,5,1,MANUAL,0
ROUTE_003170,PLANT05,2023-02-09,PICKER_031,"[1, 2, 3, 4, 5, 6, 7, 8, 9]",9,173.11,5.41,32,2,1,DIJKSTRA,0
ROUTE_003171,PLANT06,2023-01-18,PICKER_012,"[12, 13, 24]",3,65.09,3.03,9,4,1,ASTAR,1
ROUTE_003172,PLANT20,2023-02-15,PICKER_011,"[1, 2, 3, 4, 5, 6, 7]",7,129.56,5.42,26,7,1,MANUAL,0
ROUTE_003173,PLANT14,2023-03-19,PICKER_048,"[3, 7, 14, 18, 22, 24]",6,136.5,5.04,38,7,1,MANUAL,1
ROUTE_003174,PLANT03,2023-09-10,PICKER_005,"[10, 11]",2,42.18,1.67,79,7,1,MANUAL,0
ROUTE_003175,PLANT19,2024-12-18,PICKER_041,"[2, 5, 11, 12, 14, 15, 22]",7,107.31,3.17,8,10,1,ASTAR,1
ROUTE_003176,PLANT12,2023-11-12,PICKER_014,"[1, 4, 5, 9, 10, 17, 22]",7,142.39,3.94,14,3,1,ASTAR,1
ROUTE_003177,PLANT02,2023-10-13,PICKER_031,"[1, 3, 5]",3,48.18,3.08,20,4,1,ASTAR,0
ROUTE_003178,PLANT06,2023-12-15,PICKER_024,"[1, 4, 13, 16, 18, 28]",6,84.02,2.23,49,5,1,GREEDY,0
ROUTE_003179,PLANT16,2023-05-13,PICKER_050,"[2, 4, 5, 6, 8, 9, 14, 15]",8,190.6,5.02,57,5,1,DIJKSTRA,1
ROUTE_003180,PLANT17,2023-10-31,PICKER_038,"[3, 11, 13, 20, 22, 24]",6,106.96,3.06,77,2,1,GREEDY,0
ROUTE_003181,PLANT03,2024-05-26,PICKER_045,"[3, 6]",2,38.34,2.01,69,10,1,MANUAL,1
ROUTE_003182,PLANT01,2024-03-02,PICKER_041,"[4, 8, 9, 13, 26]",5,73.95,4.22,79,8,1,GREEDY,0
ROUTE_003183,PLANT08,2024-08-28,PICKER_028,"[7, 13, 19, 22]",4,69.2,3.77,64,10,1,MANUAL,1
ROUTE_003184,PLANT09,2024-01-17,PICKER_048,"[1, 3, 4, 5, 6, 7, 8, 9, 10]",9,161.91,5.38,47,2,1,GREEDY,1
ROUTE_003185,PLANT04,2024-12-17,PICKER_020,"[1, 4, 8, 11, 13, 14]",6,88.14,4.66,11,2,1,DIJKSTRA,0
ROUTE_003186,PLANT12,2023-06-24,PICKER_007,"[1, 12, 15]",3,49.63,2.71,54,8,1,MANUAL,1
ROUTE_003187,PLANT11,2024-05-10,PICKER_009,"[1, 2, 3, 4, 5]",5,53.06,2.51,52,5,1,GREEDY,0
ROUTE_003188,PLANT04,2024-10-16,PICKER_014,"[10, 11, 13, 16, 19, 20]",6,96.97,3.22,63,7,1,MANUAL,0
ROUTE_003189,PLANT04,2024-08-20,PICKER_030,"[4, 8, 9, 11, 14, 15]",6,114.22,3.36,27,8,1,ASTAR,1
ROUTE_003190,PLANT01,2023-08-07,PICKER_010,"[4, 5, 8, 16, 20, 23, 25, 26]",8,95.95,4.02,68,4,1,GREEDY,1
ROUTE_003191,PLANT20,2024-04-29,PICKER_043,"[6, 7]",2,42.45,2.63,35,1,1,DIJKSTRA,0
ROUTE_003192,PLANT12,2024-08-22,PICKER_040,"[3, 7, 12, 16, 18, 23]",6,67.39,2.86,77,2,1,MANUAL,1
ROUTE_003193,PLANT06,2023-02-20,PICKER_007,"[9, 12, 23, 24]",4,43.73,2.83,43,10,1,MANUAL,1
ROUTE_003194,PLANT15,2024-05-20,PICKER_046,"[3, 15, 24]",3,62.7,2.01,60,1,1,MANUAL,0
ROUTE_003195,PLANT10,2023-11-06,PICKER_008,"[5, 11]",2,42.03,1.67,63,4,1,DIJKSTRA,0
ROUTE_003196,PLANT13,2023-09-09,PICKER_048,"[1, 2, 3, 4, 5, 7, 8, 9, 10]",9,140.5,5.49,15,2,1,MANUAL,0
ROUTE_003197,PLANT06,2024-11-29,PICKER_008,"[2, 3, 7, 12, 15, 16, 20, 21, 22]",9,166.46,4.89,69,2,1,DIJKSTRA,1
ROUTE_003198,PLANT07,2024-11-14,PICKER_004,"[2, 6, 7, 8, 9, 10]",6,95.68,3.04,20,2,1,GREEDY,0
ROUTE_003199,PLANT08,2024-01-22,PICKER_006,"[11, 16, 28]",3,62.89,2.24,53,5,1,GREEDY,1
ROUTE_003200,PLANT05,2024-05-21,PICKER_007,"[5, 6, 7]",3,45.08,2.89,60,9,1,DIJKSTRA,0
ROUTE_003201,PLANT12,2024-06-30,PICKER_047,"[1, 5, 6, 12, 14, 15, 18, 20]",8,133.31,4.97,73,7,1,ASTAR,0
ROUTE_003202,PLANT07,2023-11-29,PICKER_040,"[1, 5, 7, 8, 9, 11]",6,121.61,3.19,51,5,1,MANUAL,0
ROUTE_003203,PLANT20,2024-10-07,PICKER_013,"[1, 5, 6, 7]",4,79.36,2.67,80,5,1,MANUAL,1
ROUTE_003204,PLANT01,2023-10-19,PICKER_016,"[1, 4, 5, 18, 19, 23, 25]",7,145.34,4.82,22,10,1,GREEDY,1
ROUTE_003205,PLANT03,2024-09-30,PICKER_016,"[3, 5, 6, 8]",4,75.77,3.18,44,10,1,DIJKSTRA,0
ROUTE_003206,PLANT08,2023-09-25,PICKER_045,"[11, 18]",2,27.53,3.15,14,10,1,ASTAR,1
ROUTE_003207,PLANT11,2023-04-28,PICKER_048,"[1, 2, 3, 4, 5]",5,64.03,3.29,22,1,1,DIJKSTRA,0
ROUTE_003208,PLANT14,2023-03-18,PICKER_039,"[7, 18, 23, 28]",4,94.78,3.24,58,10,1,ASTAR,0
ROUTE_003209,PLANT18,2023-04-05,PICKER_033,"[3, 4, 8, 11, 13, 14, 16]",7,98.3,3.32,77,6,1,GREEDY,1
ROUTE_003210,PLANT02,2023-07-10,PICKER_016,"[1, 2, 3, 6]",4,87.48,3.03,44,3,1,ASTAR,1
ROUTE_003211,PLANT07,2024-08-16,PICKER_038,"[2, 8, 12]",3,56.61,3.45,18,10,1,GREEDY,0
ROUTE_003212,PLANT04,2024-05-02,PICKER_021,"[1, 3, 5, 7, 9, 13, 15, 17, 18, 20]",10,153.94,4.23,73,7,1,GREEDY,1
ROUTE_003213,PLANT10,2023-06-09,PICKER_012,"[8, 13, 14, 21]",4,54.15,3.27,11,8,1,MANUAL,0
ROUTE_003214,PLANT12,2024-02-16,PICKER_047,"[1, 6, 10, 16, 24, 25]",6,89.92,4.37,46,10,1,ASTAR,0
ROUTE_003215,PLANT13,2024-12-25,PICKER_048,"[1, 3, 9, 10]",4,76.26,3.7,7,9,1,GREEDY,0
ROUTE_003216,PLANT13,2023-11-26,PICKER_015,"[1, 2, 3]",3,23.78,1.84,50,7,1,GREEDY,0
ROUTE_003217,PLANT11,2023-05-07,PICKER_040,"[1, 3, 4]",3,44.53,1.79,9,8,1,MANUAL,0
ROUTE_003218,PLANT01,2024-01-01,PICKER_019,"[11, 19]",2,51.68,3.28,39,4,1,GREEDY,0
ROUTE_003219,PLANT09,2023-11-05,PICKER_002,"[1, 2, 3, 4, 5, 6, 7, 9, 10]",9,177.6,6.24,43,6,1,ASTAR,0
ROUTE_003220,PLANT16,2023-10-29,PICKER_035,"[1, 5, 9, 11, 12, 14, 15, 16]",8,188.09,6.22,28,9,1,MANUAL,0
ROUTE_003221,PLANT13,2023-03-11,PICKER_036,"[1, 2, 3, 5, 6, 7, 8, 9, 10]",9,124.17,3.87,62,3,1,ASTAR,0
ROUTE_003222,PLANT12,2024-01-12,PICKER_004,"[5, 6, 10, 11]",4,78.27,3.65,9,1,1,ASTAR,1
ROUTE_003223,PLANT13,2023-06-16,PICKER_034,"[1, 2, 3, 4, 5, 6, 7, 8, 9, 10]",10,150.6,5.81,22,6,1,MANUAL,0
ROUTE_003224,PLANT17,2023-02-18,PICKER_034,"[2, 3, 9, 12]",4,63.61,3.07,74,10,1,MANUAL,1
ROUTE_003225,PLANT04,2024-08-08,PICKER_028,"[4, 7, 8, 13, 14, 16, 18, 19, 20]",9,172.59,4.55,27,3,1,DIJKSTRA,1
ROUTE_003226,PLANT16,2024-04-29,PICKER_016,"[1, 2, 4, 5, 6, 11, 14, 15, 16]",9,191.75,4.43,78,1,1,DIJKSTRA,1
ROUTE_003227,PLANT07,2023-04-29,PICKER_018,"[1, 3, 4, 5, 8, 9, 11, 12]",8,139.79,4.17,20,9,1,GREEDY,1
ROUTE_003228,PLANT01,2023-07-09,PICKER_041,"[1, 5, 12, 24]",4,74.63,2.48,49,2,1,ASTAR,1
ROUTE_003229,PLANT18,2023-01-23,PICKER_010,"[5, 7, 8, 15]",4,72.66,2.75,77,5,1,DIJKSTRA,0
ROUTE_003230,PLANT05,2024-10-12,PICKER_034,"[1, 3, 4, 5, 6, 7]",6,110.43,2.96,78,9,1,MANUAL,0
ROUTE_003231,PLANT12,2023-05-02,PICKER_047,"[2, 4, 6, 10, 12, 19, 21]",7,119.71,4.4,21,9,1,GREEDY,0
ROUTE_003232,PLANT14,2024-02-12,PICKER_029,"[1, 14, 17, 22, 25, 26, 29]",7,124.32,5.48,32,9,1,MANUAL,1
ROUTE_003233,PLANT18,2023-12-26,PICKER_023,"[6, 8, 12]",3,58.31,4.16,70,9,1,ASTAR,0
ROUTE_003234,PLANT09,2023-12-27,PICKER_021,"[1, 2, 3, 4, 5, 6, 9, 10]",8,163.04,6.14,68,9,1,ASTAR,0
ROUTE_003235,PLANT20,2024-10-12,PICKER_033,"[1, 2, 3, 4, 5, 6, 7]",7,108.07,5.08,46,4,1,ASTAR,1
ROUTE_003236,PLANT12,2023-11-03,PICKER_005,"[2, 5, 8, 14, 16, 18, 22]",7,114.87,3.52,32,2,1,DIJKSTRA,1
ROUTE_003237,PLANT07,2023-03-13,PICKER_021,"[3, 6]",2,23.31,2.38,71,3,1,GREEDY,0
ROUTE_003238,PLANT08,2023-06-04,PICKER_028,"[2, 3, 12, 16, 17, 20, 22, 27, 29]",9,124.4,4.15,54,10,1,ASTAR,0
ROUTE_003239,PLANT12,2023-04-13,PICKER_041,"[3, 4, 8, 17, 21]",5,116.72,3.34,76,10,1,DIJKSTRA,0
ROUTE_003240,PLANT10,2023-06-19,PICKER_018,"[2, 5, 15, 17]",4,84.76,3.43,39,4,1,ASTAR,1
ROUTE_003241,PLANT09,2024-03-12,PICKER_013,"[2, 4, 10]",3,51.05,3.69,12,4,1,GREEDY,1
ROUTE_003242,PLANT07,2024-09-07,PICKER_017,"[4, 6, 7, 12]",4,65.44,3.31,13,4,1,DIJKSTRA,0
ROUTE_003243,PLANT18,2024-09-03,PICKER_016,"[11, 13, 14]",3,69.52,2.4,30,3,1,MANUAL,1
ROUTE_003244,PLANT19,2023-09-21,PICKER_046,"[3, 9, 19, 23]",4,83.64,2.74,63,1,1,ASTAR,1
ROUTE_003245,PLANT11,2023-10-19,PICKER_031,"[2, 3, 4]",3,65.42,2.58,71,6,1,MANUAL,1
ROUTE_003246,PLANT11,2023-01-27,PICKER_043,"[1, 2, 3, 4, 5]",5,118.34,3.53,66,3,1,DIJKSTRA,0
ROUTE_003247,PLANT15,2023-10-30,PICKER_027,"[3, 7, 8, 9, 15, 19, 21, 23]",8,151.38,3.56,26,5,1,ASTAR,0
ROUTE_003248,PLANT04,2024-06-07,PICKER_039,"[4, 8, 10, 11, 12]",5,80.52,2.15,28,5,1,ASTAR,1
ROUTE_003249,PLANT09,2023-11-20,PICKER_035,"[1, 2, 3, 4, 5, 6, 7, 8, 9, 10]",10,191.75,6.19,41,6,1,ASTAR,0
ROUTE_003250,PLANT01,2024-12-19,PICKER_007,"[2, 5, 7, 17, 24, 25, 26]",7,144.41,5.77,43,4,1,DIJKSTRA,1
ROUTE_003251,PLANT08,2024-05-27,PICKER_029,"[3, 14, 15, 16, 22, 24, 25, 26]",8,141.91,5.05,48,10,1,DIJKSTRA,0
ROUTE_003252,PLANT06,2024-09-01,PICKER_001,"[6, 19]",2,45.83,1.87,30,7,1,ASTAR,1
ROUTE_003253,PLANT17,2024-04-05,PICKER_030,"[1, 9, 11, 17, 19, 21, 22, 24]",8,135.56,5.05,74,2,1,MANUAL,1
ROUTE_003254,PLANT02,2023-10-28,PICKER_034,"[1, 3]",2,45.0,1.75,17,3,1,MANUAL,1
ROUTE_003255,PLANT07,2024-09-02,PICKER_021,"[2, 4, 5, 7, 8, 11, 12]",7,91.52,3.34,31,9,1,ASTAR,0
ROUTE_003256,PLANT18,2023-04-19,PICKER_012,"[4, 6, 7, 11, 12, 13, 14, 16]",8,145.48,4.48,19,6,1,GREEDY,0
ROUTE_003257,PLANT01,2023-02-05,PICKER_010,"[3, 4, 10, 12, 13, 15, 17, 20, 24]",9,134.42,4.51,29,7,1,DIJKSTRA,1
ROUTE_003258,PLANT07,2024-11-15,PICKER_021,"[1, 5, 7, 8, 9, 11]",6,99.61,2.8,6,10,1,ASTAR,0
ROUTE_003259,PLANT06,2023-08-17,PICKER_021,"[5, 11, 13, 14, 19, 20, 21, 25, 27]",9,193.98,6.4,36,10,1,ASTAR,0
ROUTE_003260,PLANT12,2023-11-07,PICKER_020,"[7, 16, 19, 22, 23]",5,107.77,3.72,77,2,1,ASTAR,0
ROUTE_003261,PLANT09,2023-10-19,PICKER_035,"[1, 2, 4, 5, 6, 7, 8, 9, 10]",9,178.89,5.69,47,1,1,ASTAR,1
ROUTE_003262,PLANT12,2024-11-04,PICKER_005,"[2, 9, 11, 15, 23, 25]",6,116.46,4.73,16,6,1,ASTAR,1
ROUTE_003263,PLANT07,2023-01-31,PICKER_042,"[1, 3, 4, 5, 8, 9, 10, 12]",8,138.57,4.85,53,9,1,GREEDY,1
ROUTE_003264,PLANT18,2023-09-04,PICKER_019,"[3, 5, 7, 10, 12, 14, 15]",7,119.61,5.15,77,8,1,ASTAR,1
ROUTE_003265,PLANT04,2024-03-16,PICKER_005,"[1, 7]",2,28.75,2.45,38,8,1,ASTAR,1
ROUTE_003266,PLANT13,2023-06-12,PICKER_050,"[1, 3, 9, 10]",4,63.17,3.74,61,10,1,ASTAR,1
ROUTE_003267,PLANT19,2024-12-28,PICKER_003,"[2, 3, 6, 7, 9, 10, 17, 21, 22, 23]",10,152.43,3.94,44,10,1,MANUAL,1
ROUTE_003268,PLANT08,2023-04-25,PICKER_025,"[3, 4, 9, 12, 17, 18, 22, 25, 27, 28]",10,185.37,4.62,14,9,1,GREEDY,1
ROUTE_003269,PLANT07,2024-07-11,PICKER_003,"[4, 9, 12]",3,40.85,2.49,20,9,1,ASTAR,1
ROUTE_003270,PLANT19,2024-09-17,PICKER_010,"[4, 8, 14, 17, 21]",5,67.91,3.21,28,3,1,DIJKSTRA,0
ROUTE_003271,PLANT05,2023-12-04,PICKER_047,"[4, 5]",2,36.81,3.35,8,3,1,GREEDY,1
ROUTE_003272,PLANT17,2023-09-26,PICKER_020,"[3, 5, 6, 12, 14, 19]",6,124.95,4.94,23,8,1,MANUAL,0
ROUTE_003273,PLANT05,2023-05-27,PICKER_041,"[1, 2, 3, 4, 6, 7, 8, 9]",8,162.63,5.65,36,2,1,ASTAR,1
ROUTE_003274,PLANT10,2024-05-25,PICKER_002,"[5, 11, 15]",3,41.7,3.01,37,2,1,ASTAR,1
ROUTE_003275,PLANT02,2024-07-08,PICKER_030,"[2, 3, 4, 5]",4,47.71,3.71,35,3,1,MANUAL,0
ROUTE_003276,PLANT12,2024-09-29,PICKER_032,"[3, 4, 5, 10, 14, 16, 17, 20]",8,147.25,5.86,74,8,1,DIJKSTRA,1
ROUTE_003277,PLANT03,2023-11-06,PICKER_019,"[2, 5, 9, 10]",4,74.4,3.39,39,1,1,MANUAL,1
ROUTE_003278,PLANT10,2024-01-28,PICKER_028,"[6, 7, 12, 17, 18, 19, 21, 24]",8,119.93,3.9,15,2,1,ASTAR,1
ROUTE_003279,PLANT05,2024-12-19,PICKER_001,"[1, 2, 3, 4, 5, 6, 7, 8, 9]",9,190.45,4.56,69,6,1,DIJKSTRA,1
ROUTE_003280,PLANT15,2024-12-05,PICKER_012,"[5, 22]",2,21.88,2.46,5,3,1,DIJKSTRA,1
ROUTE_003281,PLANT13,2023-08-02,PICKER_028,"[1, 2, 3, 4, 5, 6, 7, 8, 9, 10]",10,167.04,6.14,55,10,1,ASTAR,1
ROUTE_003282,PLANT07,2023-05-23,PICKER_034,"[1, 2, 4, 8, 10]",5,99.08,4.89,14,6,1,ASTAR,0
ROUTE_003283,PLANT17,2023-04-01,PICKER_029,"[2, 9, 11, 12, 14, 16, 18, 19, 21]",9,125.0,3.16,5,1,1,MANUAL,1
ROUTE_003284,PLANT06,2023-09-05,PICKER_041,"[6, 11, 27]",3,35.27,1.33,68,1,1,DIJKSTRA,1
ROUTE_003285,PLANT20,2024-06-29,PICKER_038,"[1, 2, 4, 6]",4,77.36,3.36,40,1,1,GREEDY,1
ROUTE_003286,PLANT14,2024-04-07,PICKER_019,"[7, 10, 21, 28]",4,87.48,2.43,44,6,1,GREEDY,1
ROUTE_003287,PLANT15,2023-07-22,PICKER_044,"[2, 3, 6, 10, 11, 12, 13, 17, 23]",9,160.61,5.47,38,3,1,DIJKSTRA,0
ROUTE_003288,PLANT17,2024-08-02,PICKER_030,"[3, 4, 9, 15, 16, 19]",6,142.8,5.25,15,2,1,MANUAL,1
ROUTE_003289,PLANT02,2024-10-11,PICKER_027,"[1, 3, 5]",3,43.45,2.87,58,10,1,ASTAR,1
ROUTE_003290,PLANT17,2024-02-29,PICKER_019,"[7, 17, 20]",3,29.23,3.37,33,4,1,ASTAR,1
ROUTE_003291,PLANT19,2023-08-11,PICKER_011,"[4, 6]",2,46.72,2.68,75,5,1,MANUAL,0
ROUTE_003292,PLANT09,2023-01-20,PICKER_009,"[1, 3, 4, 5, 6, 7, 8, 9, 10]",9,194.77,4.58,28,9,1,DIJKSTRA,1
ROUTE_003293,PLANT19,2024-09-26,PICKER_036,"[2, 9, 10, 13, 23]",5,99.98,4.89,9,8,1,GREEDY,0
ROUTE_003294,PLANT06,2024-01-24,PICKER_001,"[2, 4, 6, 7, 14, 18, 22, 24, 25]",9,182.81,4.57,59,5,1,MANUAL,1
ROUTE_003295,PLANT12,2023-12-24,PICKER_036,"[5, 6, 20]",3,76.53,2.92,57,2,1,DIJKSTRA,1
ROUTE_003296,PLANT07,2024-06-17,PICKER_034,"[6, 7, 10, 12]",4,57.06,2.22,14,3,1,MANUAL,1
ROUTE_003297,PLANT07,2023-10-27,PICKER_024,"[1, 2, 5, 6, 7, 8, 9, 10, 11, 12]",10,226.34,6.36,53,2,1,MANUAL,0
ROUTE_003298,PLANT01,2024-08-11,PICKER_005,"[2, 3, 7, 10, 19, 20, 24]",7,106.58,2.93,29,7,1,GREEDY,1
ROUTE_003299,PLANT04,2023-06-26,PICKER_040,"[2, 3, 4, 7, 12, 13, 16, 17, 19]",9,184.06,4.84,30,3,1,MANUAL,0
ROUTE_003300,PLANT13,2023-02-17,PICKER_001,"[1, 3, 4, 5, 6, 7, 8, 9]",8,168.15,4.01,37,1,1,ASTAR,0
ROUTE_003301,PLANT07,2023-05-29,PICKER_047,"[3, 4, 6, 8, 9]",5,66.28,2.68,69,3,1,DIJKSTRA,1
ROUTE_003302,PLANT01,2024-12-25,PICKER_048,"[5, 12, 13, 22, 23, 25]",6,108.14,4.6,36,6,1,ASTAR,0
ROUTE_003303,PLANT14,2023-12-21,PICKER_002,"[6, 9]",2,40.28,3.43,34,2,1,GREEDY,0
ROUTE_003304,PLANT20,2023-12-21,PICKER_029,"[1, 2, 3, 4, 5, 6, 7]",7,96.73,4.14,5,6,1,GREEDY,0
ROUTE_003305,PLANT05,2023-07-18,PICKER_041,"[1, 3, 4, 6, 7]",5,91.78,2.46,72,2,1,ASTAR,0
ROUTE_003306,PLANT11,2023-09-03,PICKER_024,"[3, 4, 5]",3,46.46,1.67,40,4,1,ASTAR,0
ROUTE_003307,PLANT09,2024-03-20,PICKER_034,"[2, 3, 4, 5, 6, 8, 9, 10]",8,128.75,3.67,72,8,1,ASTAR,1
ROUTE_003308,PLANT16,2023-05-27,PICKER_032,"[3, 6, 7, 9, 11, 12]",6,135.38,5.43,33,7,1,DIJKSTRA,0
ROUTE_003309,PLANT11,2023-07-03,PICKER_033,"[2, 5]",2,24.0,2.55,50,7,1,MANUAL,0
ROUTE_003310,PLANT12,2023-02-08,PICKER_048,"[2, 12, 23, 24]",4,69.34,3.8,61,7,1,ASTAR,0
ROUTE_003311,PLANT18,2024-09-16,PICKER_010,"[2, 4, 8, 9, 10, 11, 13, 14, 15, 16]",10,147.96,5.62,24,7,1,GREEDY,0
ROUTE_003312,PLANT17,2023-10-10,PICKER_022,"[1, 5, 6, 8, 9, 11, 12, 15, 16]",9,171.61,4.79,64,8,1,MANUAL,1
ROUTE_003313,PLANT13,2023-12-13,PICKER_016,"[1, 2, 3, 4, 5, 6, 8, 9, 10]",9,151.7,5.44,17,10,1,MANUAL,0
ROUTE_003314,PLANT02,2024-02-16,PICKER_016,"[1, 4]",2,34.4,2.71,6,6,1,MANUAL,1
ROUTE_003315,PLANT17,2023-12-08,PICKER_020,"[1, 15]",2,32.45,3.47,53,5,1,ASTAR,0
ROUTE_003316,PLANT18,2023-11-25,PICKER_010,"[3, 4, 10, 12, 16]",5,114.86,4.26,64,3,1,MANUAL,0
ROUTE_003317,PLANT12,2024-12-14,PICKER_021,"[16, 24]",2,41.58,1.97,79,5,1,GREEDY,1
ROUTE_003318,PLANT07,2023-12-30,PICKER_025,"[6, 7, 8]",3,66.16,4.28,51,4,1,MANUAL,0
ROUTE_003319,PLANT18,2023-12-14,PICKER_027,"[1, 4, 5, 6, 8, 12, 14, 15, 16]",9,204.82,5.32,12,7,1,DIJKSTRA,1
ROUTE_003320,PLANT04,2023-04-11,PICKER_023,"[1, 6, 9, 10, 12, 16, 17]",7,145.72,4.29,61,10,1,ASTAR,0
ROUTE_003321,PLANT09,2024-03-31,PICKER_032,"[2, 3, 4, 5]",4,57.58,3.86,61,9,1,GREEDY,1
ROUTE_003322,PLANT14,2023-05-29,PICKER_041,"[5, 8, 9, 10, 11, 26, 29]",7,133.61,3.4,62,5,1,ASTAR,0
ROUTE_003323,PLANT20,2023-05-14,PICKER_022,"[1, 2, 3, 4, 5, 6, 7]",7,157.64,6.12,20,7,1,DIJKSTRA,1
ROUTE_003324,PLANT17,2023-01-14,PICKER_012,"[5, 6, 8, 12, 18, 21, 22, 24]",8,169.42,5.29,80,8,1,MANUAL,0
ROUTE_003325,PLANT11,2023-11-04,PICKER_037,"[3, 4, 5]",3,76.26,4.41,42,8,1,GREEDY,1
ROUTE_003326,PLANT20,2023-12-07,PICKER_008,"[1, 2, 3, 4, 5, 6, 7]",7,167.85,5.25,51,6,1,DIJKSTRA,1
ROUTE_003327,PLANT11,2023-04-25,PICKER_050,"[1, 2, 4, 5]",4,60.78,1.88,48,10,1,DIJKSTRA,1
ROUTE_003328,PLANT10,2023-04-29,PICKER_001,"[18, 19, 21, 23]",4,65.84,3.71,71,5,1,DIJKSTRA,1
ROUTE_003329,PLANT13,2023-01-10,PICKER_003,"[1, 2, 4, 6]",4,49.51,3.55,27,3,1,DIJKSTRA,0
ROUTE_003330,PLANT07,2023-04-20,PICKER_013,"[2, 3, 5, 6, 8, 9, 10, 12]",8,147.14,5.29,72,4,1,ASTAR,0
ROUTE_003331,PLANT01,2024-07-10,PICKER_027,"[2, 5, 6, 13, 14, 15, 17, 21, 22]",9,122.98,4.84,29,7,1,ASTAR,1
ROUTE_003332,PLANT15,2023-11-06,PICKER_023,"[7, 8, 9, 17, 21]",5,78.32,4.32,20,10,1,MANUAL,1
ROUTE_003333,PLANT17,2023-11-19,PICKER_044,"[5, 6, 23]",3,47.75,1.47,42,2,1,MANUAL,0
ROUTE_003334,PLANT09,2023-10-21,PICKER_040,"[1, 2, 3, 5, 6, 7, 8, 10]",8,117.56,5.24,6,7,1,ASTAR,0
ROUTE_003335,PLANT19,2023-09-04,PICKER_049,"[7, 10, 11, 14, 17, 19, 21, 22]",8,128.77,5.26,31,6,1,ASTAR,1
ROUTE_003336,PLANT10,2024-12-16,PICKER_040,"[2, 5, 11, 21]",4,86.8,3.97,79,3,1,ASTAR,0
ROUTE_003337,PLANT08,2023-04-18,PICKER_017,"[3, 6, 7, 12, 18, 19, 21]",7,138.72,3.67,24,1,1,MANUAL,0
ROUTE_003338,PLANT20,2024-06-01,PICKER_024,"[1, 2, 3, 4, 5, 6, 7]",7,117.54,3.01,59,6,1,MANUAL,0
ROUTE_003339,PLANT10,2024-01-18,PICKER_020,"[1, 3, 4, 8, 21, 23]",6,128.34,5.04,34,3,1,MANUAL,1
ROUTE_003340,PLANT02,2023-01-28,PICKER_048,"[1, 2, 6]",3,30.97,2.32,45,4,1,ASTAR,1
ROUTE_003341,PLANT19,2023-10-12,PICKER_035,"[2, 3, 8, 12, 15, 16, 18, 22, 23]",9,158.7,4.87,57,8,1,GREEDY,1
ROUTE_003342,PLANT19,2023-12-15,PICKER_017,"[1, 5, 11, 13, 16, 17, 21]",7,96.69,3.58,31,6,1,GREEDY,1
ROUTE_003343,PLANT02,2024-01-27,PICKER_008,"[1, 2, 3, 4, 5, 6]",6,102.18,3.15,47,8,1,DIJKSTRA,0
ROUTE_003344,PLANT04,2024-08-31,PICKER_047,"[3, 4, 5, 6, 9, 14, 15, 17, 20]",9,149.81,4.63,7,8,1,DIJKSTRA,0
ROUTE_003345,PLANT14,2023-04-13,PICKER_047,"[5, 6, 8, 11, 14, 15, 16, 22, 26]",9,157.24,5.44,79,10,1,ASTAR,1
ROUTE_003346,PLANT19,2024-07-16,PICKER_030,"[1, 2, 6, 8, 10, 12, 14, 16, 17, 19]",10,150.95,3.63,24,3,1,MANUAL,0
ROUTE_003347,PLANT16,2024-01-21,PICKER_014,"[2, 3, 5, 6, 7, 8, 11, 12, 14, 16]",10,174.06,5.78,71,7,1,ASTAR,0
ROUTE_003348,PLANT20,2023-03-21,PICKER_017,"[3, 5, 6, 7]",4,67.2,3.18,73,4,1,MANUAL,1
ROUTE_003349,PLANT18,2024-05-01,PICKER_047,"[1, 3, 5, 10, 11, 13, 14]",7,117.95,4.98,39,2,1,MANUAL,0
ROUTE_003350,PLANT04,2024-08-01,PICKER_032,"[1, 3, 5, 6, 16]",5,117.4,4.11,39,8,1,GREEDY,0
ROUTE_003351,PLANT03,2024-12-26,PICKER_003,"[2, 6, 8]",3,43.69,2.74,60,8,1,MANUAL,1
ROUTE_003352,PLANT16,2024-02-11,PICKER_049,"[1, 2, 3, 7, 9, 10, 11, 12, 14, 16]",10,137.87,4.18,9,8,1,DIJKSTRA,1
ROUTE_003353,PLANT06,2023-11-05,PICKER_035,"[2, 4, 7, 13, 14, 18, 20, 24, 28]",9,177.33,5.59,40,8,1,MANUAL,0
ROUTE_003354,PLANT15,2023-01-03,PICKER_016,"[5, 6, 9, 11, 12, 15, 16, 20, 21, 24]",10,173.24,4.41,78,6,1,ASTAR,1
ROUTE_003355,PLANT17,2023-03-08,PICKER_016,"[2, 3, 4, 6, 12, 15, 17, 20, 21, 24]",10,166.94,5.16,35,10,1,GREEDY,0
ROUTE_003356,PLANT17,2023-05-08,PICKER_020,"[3, 15]",2,52.22,2.51,67,9,1,GREEDY,0
ROUTE_003357,PLANT17,2024-06-16,PICKER_028,"[2, 3, 4, 8, 11, 13, 18, 21, 23]",9,181.25,6.29,49,3,1,DIJKSTRA,1
ROUTE_003358,PLANT08,2024-05-04,PICKER_001,"[1, 9, 12, 18, 22, 28, 29]",7,110.09,4.92,57,6,1,ASTAR,1
ROUTE_003359,PLANT14,2024-09-19,PICKER_023,"[1, 4, 14, 16, 23, 27]",6,120.04,3.78,59,1,1,DIJKSTRA,0
ROUTE_003360,PLANT09,2024-06-25,PICKER_022,"[1, 2, 3, 4, 6, 8]",6,114.1,3.82,20,5,1,GREEDY,0
ROUTE_003361,PLANT08,2024-05-22,PICKER_047,"[3, 23]",2,41.52,2.31,30,9,1,DIJKSTRA,1
ROUTE_003362,PLANT02,2024-01-23,PICKER_024,"[1, 2, 3, 4, 5]",5,105.45,3.95,46,2,1,GREEDY,1
ROUTE_003363,PLANT15,2023-10-11,PICKER_022,"[2, 4, 5, 19, 25]",5,83.37,2.65,45,5,1,GREEDY,1
ROUTE_003364,PLANT06,2023-01-08,PICKER_009,"[1, 3, 9, 11, 13, 19, 21, 25, 26]",9,148.56,5.23,34,3,1,ASTAR,0
ROUTE_003365,PLANT01,2024-11-09,PICKER_013,"[11, 13, 15, 19, 21, 26]",6,108.55,2.84,41,6,1,MANUAL,0
ROUTE_003366,PLANT16,2023-06-06,PICKER_029,"[1, 2, 4, 5, 9, 10, 14, 15, 16]",9,162.47,4.59,67,10,1,MANUAL,1
ROUTE_003367,PLANT18,2023-03-21,PICKER_039,"[1, 2, 3, 4, 5]",5,81.87,3.93,73,6,1,GREEDY,1
ROUTE_003368,PLANT08,2023-04-03,PICKER_006,"[2, 6, 8, 17, 20, 23]",6,107.09,3.7,65,4,1,ASTAR,1
ROUTE_003369,PLANT05,2024-04-07,PICKER_017,"[2, 4]",2,47.04,1.54,28,5,1,ASTAR,0
ROUTE_003370,PLANT19,2023-11-11,PICKER_013,"[8, 17]",2,50.56,3.28,52,4,1,GREEDY,0
ROUTE_003371,PLANT09,2023-09-30,PICKER_006,"[1, 2, 3, 4, 5, 6, 8, 9, 10]",9,173.92,5.09,36,7,1,MANUAL,0
ROUTE_003372,PLANT12,2023-12-03,PICKER_038,"[7, 10, 11, 16, 18, 22, 23]",7,104.62,2.74,67,3,1,ASTAR,1
ROUTE_003373,PLANT09,2024-01-20,PICKER_001,"[1, 2, 3, 4, 5, 6, 7, 8, 9]",9,160.39,5.83,60,10,1,GREEDY,0
ROUTE_003374,PLANT18,2023-06-09,PICKER_004,"[6, 10, 11, 12]",4,104.85,4.71,16,5,1,DIJKSTRA,0
ROUTE_003375,PLANT08,2023-04-30,PICKER_022,"[4, 9, 10, 19, 21, 22, 24, 25, 27, 29]",10,174.31,6.41,54,9,1,MANUAL,1
ROUTE_003376,PLANT09,2023-12-17,PICKER_003,"[1, 3, 4, 5, 10]",5,118.79,4.84,26,2,1,ASTAR,0
ROUTE_003377,PLANT08,2024-12-19,PICKER_034,"[7, 24]",2,34.3,1.97,53,3,1,DIJKSTRA,0
ROUTE_003378,PLANT01,2023-10-30,PICKER_013,"[6, 9, 11, 14, 18, 25]",6,97.01,2.6,39,4,1,ASTAR,0
ROUTE_003379,PLANT16,2023-08-22,PICKER_004,"[1, 2, 3, 13]",4,62.91,3.55,46,7,1,MANUAL,1
ROUTE_003380,PLANT01,2023-05-01,PICKER_010,"[1, 12, 17, 18, 19, 23]",6,94.92,4.63,65,1,1,GREEDY,1
ROUTE_003381,PLANT20,2024-06-06,PICKER_002,"[1, 4, 5, 6, 7]",5,68.66,3.78,27,4,1,ASTAR,0
ROUTE_003382,PLANT13,2024-12-13,PICKER_022,"[5, 6, 7]",3,58.71,2.88,12,2,1,DIJKSTRA,1
ROUTE_003383,PLANT09,2023-05-19,PICKER_005,"[1, 2, 3, 4, 5, 7, 8, 9, 10]",9,143.25,5.21,78,6,1,DIJKSTRA,0
ROUTE_003384,PLANT10,2024-03-17,PICKER_045,"[1, 2, 4, 8, 14, 17, 19, 21]",8,138.37,4.64,7,1,1,MANUAL,1
ROUTE_003385,PLANT04,2023-03-12,PICKER_012,"[2, 6, 10, 13, 15, 16, 19]",7,117.98,4.33,7,3,1,MANUAL,1
ROUTE_003386,PLANT16,2023-08-02,PICKER_027,"[2, 3, 6, 11, 14, 16]",6,94.34,3.29,77,4,1,MANUAL,1
ROUTE_003387,PLANT11,2023-01-08,PICKER_004,"[2, 3, 4, 5]",4,77.58,4.38,73,4,1,DIJKSTRA,1
ROUTE_003388,PLANT05,2023-01-16,PICKER_008,"[1, 3, 5]",3,44.74,3.67,60,7,1,MANUAL,0
ROUTE_003389,PLANT04,2023-10-30,PICKER_047,"[7, 15]",2,36.63,1.47,72,9,1,ASTAR,1
ROUTE_003390,PLANT13,2024-04-17,PICKER_040,"[1, 2, 3, 5, 6, 7, 8, 9, 10]",9,138.31,4.8,19,4,1,GREEDY,1
ROUTE_003391,PLANT01,2024-04-13,PICKER_043,"[1, 3, 10, 20, 22]",5,51.56,2.18,32,9,1,DIJKSTRA,1
ROUTE_003392,PLANT04,2023-01-14,PICKER_019,"[1, 3, 7]",3,26.84,3.4,9,1,1,ASTAR,0
ROUTE_003393,PLANT18,2024-12-23,PICKER_035,"[1, 3, 6, 7, 9, 10, 12, 13, 15]",9,142.98,5.09,14,9,1,ASTAR,1
ROUTE_003394,PLANT07,2023-10-17,PICKER_007,"[1, 3, 4, 5, 8, 9, 10]",7,150.99,3.57,13,5,1,DIJKSTRA,1
ROUTE_003395,PLANT17,2024-10-30,PICKER_002,"[1, 3, 4, 7, 9, 10, 11, 18, 21]",9,173.73,5.24,51,7,1,MANUAL,1
ROUTE_003396,PLANT10,2024-10-16,PICKER_002,"[15, 18]",2,39.91,2.03,15,6,1,DIJKSTRA,0
ROUTE_003397,PLANT18,2023-08-23,PICKER_028,"[3, 4, 5, 6, 7, 8, 13]",7,135.94,3.44,41,9,1,GREEDY,1
ROUTE_003398,PLANT08,2023-04-09,PICKER_029,"[8, 10]",2,29.25,3.12,78,5,1,MANUAL,0
ROUTE_003399,PLANT09,2023-02-24,PICKER_014,"[1, 2, 3, 4, 7, 8, 9]",7,146.22,3.66,13,2,1,MANUAL,1
ROUTE_003400,PLANT05,2024-10-06,PICKER_036,"[1, 2, 4, 5, 6, 7, 8, 9]",8,157.28,3.85,59,3,1,ASTAR,1
ROUTE_003401,PLANT04,2024-08-02,PICKER_032,"[2, 6, 9, 10, 11, 14, 19]",7,116.62,4.63,33,9,1,ASTAR,1
ROUTE_003402,PLANT20,2024-09-25,PICKER_027,"[1, 2, 3, 4, 5, 6, 7]",7,108.07,2.75,39,8,1,MANUAL,1
ROUTE_003403,PLANT15,2024-02-01,PICKER_019,"[1, 4, 6, 7, 10, 12, 15, 21, 23, 24]",10,161.81,4.69,6,4,1,ASTAR,1
ROUTE_003404,PLANT14,2024-08-24,PICKER_043,"[9, 10, 12, 16, 25]",5,102.67,4.19,47,1,1,DIJKSTRA,0
ROUTE_003405,PLANT09,2024-10-06,PICKER_007,"[3, 6, 9]",3,57.39,1.84,23,9,1,ASTAR,0
ROUTE_003406,PLANT02,2023-06-27,PICKER_002,"[1, 2, 3, 4, 6]",5,75.72,2.18,34,5,1,DIJKSTRA,1
ROUTE_003407,PLANT08,2023-07-08,PICKER_044,"[1, 9, 10, 14, 16, 17, 24]",7,124.32,3.61,79,8,1,ASTAR,1
ROUTE_003408,PLANT03,2024-05-03,PICKER_047,"[1, 2, 3, 4, 5, 8, 9, 10, 11]",9,163.89,5.62,58,5,1,DIJKSTRA,1
ROUTE_003409,PLANT17,2023-12-04,PICKER_031,"[4, 5, 6, 7, 9, 10, 12, 15, 19, 23]",10,187.63,6.25,5,9,1,GREEDY,1
ROUTE_003410,PLANT20,2023-03-24,PICKER_012,"[1, 2, 4]",3,51.51,2.69,49,4,1,MANUAL,1
ROUTE_003411,PLANT02,2023-11-06,PICKER_048,"[3, 4, 5, 6]",4,87.52,2.78,22,6,1,MANUAL,0
ROUTE_003412,PLANT14,2023-07-03,PICKER_025,"[1, 10, 13, 14, 15, 19, 28]",7,124.35,4.23,53,1,1,ASTAR,0
ROUTE_003413,PLANT02,2023-08-13,PICKER_029,"[1, 2, 4, 5, 6]",5,95.69,3.25,42,3,1,GREEDY,1
ROUTE_003414,PLANT04,2024-02-13,PICKER_009,"[1, 2, 7, 8, 10, 13, 17, 18, 20]",9,156.97,3.93,53,1,1,ASTAR,1
ROUTE_003415,PLANT16,2024-06-21,PICKER_039,"[4, 6, 12]",3,58.87,2.4,66,9,1,GREEDY,1
ROUTE_003416,PLANT02,2023-03-03,PICKER_002,"[1, 2, 3, 4, 5, 6]",6,126.19,3.57,29,6,1,DIJKSTRA,1
ROUTE_003417,PLANT01,2023-02-08,PICKER_036,"[1, 6, 7, 22, 24, 25]",6,73.87,4.35,9,7,1,GREEDY,1
ROUTE_003418,PLANT16,2023-07-03,PICKER_025,"[2, 7, 10]",3,35.52,3.48,12,3,1,DIJKSTRA,1
ROUTE_003419,PLANT13,2023-01-18,PICKER_038,"[2, 4, 7, 8, 9]",5,104.26,4.63,67,1,1,DIJKSTRA,1
ROUTE_003420,PLANT12,2023-08-17,PICKER_011,"[1, 4, 13, 17, 18, 23]",6,80.12,4.0,70,9,1,ASTAR,1
ROUTE_003421,PLANT11,2023-01-25,PICKER_030,"[4, 5]",2,25.45,1.57,5,4,1,MANUAL,1
ROUTE_003422,PLANT06,2023-12-30,PICKER_045,"[8, 9, 11, 17, 22, 23, 25, 28]",8,148.53,4.56,25,10,1,MANUAL,0
ROUTE_003423,PLANT20,2024-01-25,PICKER_003,"[1, 2, 3, 5, 6, 7]",6,85.24,3.86,46,1,1,ASTAR,1
ROUTE_003424,PLANT14,2023-05-31,PICKER_017,"[8, 16, 17, 20, 22]",5,111.39,3.37,6,5,1,MANUAL,0
ROUTE_003425,PLANT16,2023-04-22,PICKER_008,"[2, 6, 8, 14]",4,72.63,2.27,77,1,1,GREEDY,0
ROUTE_003426,PLANT12,2024-09-12,PICKER_047,"[3, 10, 16, 25]",4,65.65,4.16,19,5,1,MANUAL,1
ROUTE_003427,PLANT08,2023-07-31,PICKER_016,"[4, 7, 10, 11, 13]",5,66.2,2.36,25,9,1,MANUAL,0
ROUTE_003428,PLANT13,2024-05-02,PICKER_018,"[1, 2, 3, 4, 5, 7, 8, 9]",8,140.01,3.52,55,4,1,GREEDY,0
ROUTE_003429,PLANT18,2024-08-05,PICKER_050,"[1, 2, 4, 5, 6, 8, 11, 14, 15]",9,124.21,4.54,62,9,1,MANUAL,1
ROUTE_003430,PLANT20,2023-07-05,PICKER_046,"[2, 3, 4, 5, 6, 7]",6,66.27,3.91,77,1,1,MANUAL,0
ROUTE_003431,PLANT01,2024-01-14,PICKER_036,"[4, 6, 9, 14, 25]",5,109.54,3.8,58,6,1,DIJKSTRA,1
ROUTE_003432,PLANT09,2023-02-26,PICKER_013,"[3, 4, 7, 8]",4,75.22,3.72,60,2,1,ASTAR,1
ROUTE_003433,PLANT17,2024-07-01,PICKER_041,"[1, 3, 8, 16, 22, 23, 24]",7,137.19,4.58,73,10,1,GREEDY,1
ROUTE_003434,PLANT09,2023-12-15,PICKER_025,"[1, 6, 8]",3,52.61,3.18,38,2,1,DIJKSTRA,0
ROUTE_003435,PLANT07,2024-02-13,PICKER_030,"[1, 4, 7, 9, 12]",5,119.32,5.19,48,6,1,ASTAR,1
ROUTE_003436,PLANT05,2024-12-26,PICKER_045,"[1, 2, 3, 4, 5, 6, 7, 8]",8,150.66,3.65,25,1,1,DIJKSTRA,1
ROUTE_003437,PLANT06,2024-08-20,PICKER_018,"[4, 5, 9, 16, 18, 23]",6,122.81,4.27,62,3,1,MANUAL,0
ROUTE_003438,PLANT01,2024-08-31,PICKER_037,"[1, 3, 4, 5, 12, 14, 15, 26]",8,132.87,4.04,34,10,1,GREEDY,0
ROUTE_003439,PLANT17,2023-12-23,PICKER_011,"[3, 18, 19, 22]",4,81.86,4.36,24,7,1,GREEDY,0
ROUTE_003440,PLANT20,2023-04-24,PICKER_030,"[1, 2, 3, 4, 5, 6, 7]",7,129.57,3.62,56,1,1,DIJKSTRA,1
ROUTE_003441,PLANT02,2023-08-25,PICKER_013,"[4, 5]",2,39.72,2.06,37,1,1,MANUAL,0
ROUTE_003442,PLANT04,2023-09-08,PICKER_046,"[2, 3, 4, 5, 7, 9, 12, 14, 15, 16]",10,111.55,3.04,18,3,1,GREEDY,0
ROUTE_003443,PLANT20,2024-06-25,PICKER_022,"[3, 4, 5]",3,54.24,3.06,80,9,1,ASTAR,0
ROUTE_003444,PLANT19,2023-05-10,PICKER_032,"[8, 11, 17, 19]",4,77.33,4.1,8,1,1,ASTAR,0
ROUTE_003445,PLANT06,2024-04-06,PICKER_015,"[3, 4]",2,45.77,2.52,22,3,1,ASTAR,0
ROUTE_003446,PLANT11,2023-04-08,PICKER_038,"[1, 2]",2,39.57,1.73,67,4,1,MANUAL,0
ROUTE_003447,PLANT02,2024-01-28,PICKER_009,"[1, 2, 3, 4, 5, 6]",6,107.9,4.64,29,10,1,GREEDY,1
ROUTE_003448,PLANT10,2024-04-09,PICKER_018,"[3, 13, 15, 18, 21]",5,78.48,3.63,35,3,1,GREEDY,1
ROUTE_003449,PLANT08,2024-08-01,PICKER_047,"[2, 3, 19, 21, 25, 28]",6,95.25,2.72,30,4,1,MANUAL,1
ROUTE_003450,PLANT16,2024-07-28,PICKER_003,"[1, 2, 7, 8, 9, 12, 14, 15, 16]",9,142.77,5.33,71,2,1,ASTAR,1
ROUTE_003451,PLANT19,2023-12-02,PICKER_025,"[4, 12, 16, 17, 22]",5,97.0,4.69,74,2,1,ASTAR,1
ROUTE_003452,PLANT08,2023-07-16,PICKER_042,"[1, 12, 25]",3,54.68,1.59,65,4,1,DIJKSTRA,1
ROUTE_003453,PLANT15,2024-05-21,PICKER_016,"[18, 24]",2,22.23,3.29,61,6,1,ASTAR,1
ROUTE_003454,PLANT02,2023-04-22,PICKER_049,"[1, 2, 3, 4, 5, 6]",6,132.24,4.4,66,8,1,GREEDY,0
ROUTE_003455,PLANT19,2024-08-31,PICKER_035,"[4, 17, 23]",3,57.83,2.25,75,1,1,DIJKSTRA,1
ROUTE_003456,PLANT10,2023-01-27,PICKER_022,"[5, 6, 10, 16, 17, 22, 24]",7,114.44,4.72,35,8,1,MANUAL,0
ROUTE_003457,PLANT03,2024-12-14,PICKER_035,"[1, 3, 4, 7, 8, 9, 10]",7,128.95,3.59,69,9,1,ASTAR,0
ROUTE_003458,PLANT20,2024-06-03,PICKER_023,"[2, 6]",2,40.92,2.08,67,7,1,GREEDY,0
ROUTE_003459,PLANT19,2023-05-26,PICKER_015,"[2, 6, 7, 10, 12, 17, 19]",7,123.55,3.11,24,1,1,ASTAR,1
ROUTE_003460,PLANT13,2023-04-22,PICKER_018,"[1, 3, 4, 8, 9, 10]",6,117.03,4.19,12,9,1,GREEDY,1
ROUTE_003461,PLANT16,2023-03-08,PICKER_049,"[3, 5, 13, 15]",4,60.45,2.17,65,1,1,GREEDY,1
ROUTE_003462,PLANT06,2024-11-09,PICKER_019,"[2, 6, 7, 8, 24]",5,92.68,3.19,65,1,1,GREEDY,0
ROUTE_003463,PLANT05,2023-06-21,PICKER_050,"[1, 2, 4, 5, 6, 7, 8, 9]",8,123.62,3.39,65,7,1,ASTAR,0
ROUTE_003464,PLANT20,2024-04-04,PICKER_050,"[1, 2, 3, 4, 5, 6, 7]",7,131.47,4.32,8,4,1,MANUAL,1
ROUTE_003465,PLANT07,2023-08-23,PICKER_032,"[9, 11]",2,31.83,2.35,46,9,1,ASTAR,1
ROUTE_003466,PLANT02,2023-10-20,PICKER_022,"[1, 3, 4, 6]",4,68.5,2.52,55,3,1,GREEDY,0
ROUTE_003467,PLANT04,2024-03-01,PICKER_026,"[1, 5, 10, 12, 15]",5,97.73,4.62,23,3,1,DIJKSTRA,0
ROUTE_003468,PLANT11,2023-11-09,PICKER_033,"[2, 3, 4, 5]",4,61.25,2.79,13,1,1,MANUAL,1
ROUTE_003469,PLANT10,2023-04-02,PICKER_047,"[11, 13, 16, 18, 21, 22]",6,95.03,3.57,57,3,1,ASTAR,0
ROUTE_003470,PLANT11,2023-04-05,PICKER_047,"[1, 5]",2,45.61,3.73,18,6,1,DIJKSTRA,0
ROUTE_003471,PLANT04,2024-07-10,PICKER_016,"[2, 4, 7, 11, 14, 18, 20]",7,91.63,2.69,52,10,1,ASTAR,1
ROUTE_003472,PLANT06,2023-12-04,PICKER_046,"[1, 3, 7, 12, 13, 15, 16, 19, 26]",9,158.22,5.3,46,8,1,DIJKSTRA,0
ROUTE_003473,PLANT03,2023-06-29,PICKER_025,"[5, 8]",2,51.71,1.81,73,8,1,MANUAL,1
ROUTE_003474,PLANT08,2023-06-26,PICKER_021,"[14, 19, 24, 26]",4,61.81,3.13,38,8,1,ASTAR,0
ROUTE_003475,PLANT04,2023-04-28,PICKER_048,"[3, 8, 13, 17, 19]",5,125.45,3.96,48,4,1,DIJKSTRA,1
ROUTE_003476,PLANT15,2024-06-24,PICKER_018,"[1, 3, 4, 18, 21, 23, 25]",7,122.77,4.94,78,9,1,DIJKSTRA,1
ROUTE_003477,PLANT02,2023-04-13,PICKER_030,"[1, 2, 3]",3,29.27,3.02,55,5,1,MANUAL,0
ROUTE_003478,PLANT08,2023-09-03,PICKER_006,"[10, 18]",2,30.21,3.27,14,8,1,ASTAR,1
ROUTE_003479,PLANT02,2023-11-15,PICKER_003,"[1, 2, 3, 6]",4,72.08,2.13,23,10,1,GREEDY,0
ROUTE_003480,PLANT15,2024-08-02,PICKER_039,"[4, 5, 7, 18, 21, 22]",6,121.43,4.38,55,10,1,DIJKSTRA,0
ROUTE_003481,PLANT04,2024-09-15,PICKER_034,"[1, 3, 4, 6, 7, 13, 15, 16, 19, 20]",10,161.05,5.31,26,1,1,GREEDY,0
ROUTE_003482,PLANT01,2024-10-02,PICKER_034,"[6, 8, 11]",3,46.2,2.86,44,4,1,ASTAR,1
ROUTE_003483,PLANT13,2023-02-24,PICKER_018,"[1, 3, 4, 5, 8, 9]",6,95.5,3.36,11,5,1,MANUAL,0
ROUTE_003484,PLANT02,2023-01-01,PICKER_027,"[1, 4, 5]",3,44.21,3.35,70,7,1,MANUAL,1
ROUTE_003485,PLANT06,2023-10-31,PICKER_024,"[2, 7, 8, 16, 17, 20, 25]",7,105.05,2.81,27,4,1,ASTAR,0
ROUTE_003486,PLANT05,2024-09-23,PICKER_005,"[2, 3, 4, 6, 7, 9]",6,116.28,5.21,49,7,1,ASTAR,0
ROUTE_003487,PLANT06,2024-06-10,PICKER_041,"[1, 4, 6, 8, 11, 20, 24, 25, 27]",9,225.71,6.29,9,4,1,DIJKSTRA,1
ROUTE_003488,PLANT07,2023-04-29,PICKER_042,"[1, 2, 3, 4, 5, 9, 10, 11]",8,120.5,2.94,56,8,1,MANUAL,1
ROUTE_003489,PLANT13,2024-09-26,PICKER_005,"[1, 2, 3, 4, 5, 6, 7, 8, 9, 10]",10,181.18,4.23,76,4,1,GREEDY,1
ROUTE_003490,PLANT18,2024-05-27,PICKER_043,"[1, 4, 5, 6, 7, 8, 9, 10, 15, 16]",10,144.53,5.22,70,9,1,ASTAR,0
ROUTE_003491,PLANT11,2024-04-24,PICKER_020,"[1, 4, 5]",3,36.29,2.36,51,5,1,ASTAR,1
ROUTE_003492,PLANT03,2024-10-24,PICKER_045,"[4, 5, 10]",3,34.67,1.73,5,9,1,ASTAR,1
ROUTE_003493,PLANT04,2023-11-29,PICKER_003,"[1, 4, 9, 14, 18]",5,89.12,3.93,44,2,1,MANUAL,0
ROUTE_003494,PLANT18,2023-01-01,PICKER_024,"[1, 2, 4, 6, 7, 8, 9, 11, 16]",9,171.32,5.02,27,3,1,GREEDY,1
ROUTE_003495,PLANT08,2024-06-27,PICKER_049,"[6, 10, 14, 18, 26]",5,73.2,1.99,20,6,1,ASTAR,0
ROUTE_003496,PLANT11,2024-12-11,PICKER_028,"[1, 3, 5]",3,44.35,3.15,61,2,1,MANUAL,1
ROUTE_003497,PLANT01,2024-07-15,PICKER_050,"[1, 2, 5, 8, 13, 21, 23]",7,140.17,4.89,15,2,1,DIJKSTRA,1
ROUTE_003498,PLANT16,2023-07-13,PICKER_049,"[1, 3, 14]",3,55.33,3.38,67,9,1,ASTAR,0
ROUTE_003499,PLANT01,2023-12-05,PICKER_023,"[1, 7, 16]",3,52.37,3.57,75,8,1,ASTAR,0
ROUTE_003500,PLANT01,2024-01-24,PICKER_028,"[13, 14, 15, 16, 19, 20]",6,84.98,2.43,8,1,1,DIJKSTRA,1
ROUTE_003501,PLANT12,2023-07-19,PICKER_032,"[3, 5, 8, 18, 21]",5,78.29,3.73,16,2,1,MANUAL,0
ROUTE_003502,PLANT03,2023-04-04,PICKER_029,"[1, 2, 5, 6, 7, 8, 9, 10, 11]",9,185.85,4.3,49,8,1,GREEDY,1
ROUTE_003503,PLANT12,2024-08-27,PICKER_020,"[9, 14, 15, 22]",4,68.81,3.44,9,7,1,GREEDY,1
ROUTE_003504,PLANT20,2023-11-15,PICKER_014,"[1, 2, 5, 6, 7]",5,78.79,3.72,23,3,1,GREEDY,1
ROUTE_003505,PLANT10,2023-05-26,PICKER_034,"[6, 9, 10, 14, 20, 23]",6,102.1,3.19,49,8,1,MANUAL,1
ROUTE_003506,PLANT20,2024-08-25,PICKER_017,"[2, 3, 4, 5, 6, 7]",6,116.66,3.59,5,3,1,MANUAL,1
ROUTE_003507,PLANT02,2023-07-23,PICKER_019,"[3, 4]",2,38.83,1.4,9,7,1,GREEDY,1
ROUTE_003508,PLANT13,2023-04-30,PICKER_050,"[6, 7]",2,28.1,2.23,24,9,1,ASTAR,0
ROUTE_003509,PLANT06,2024-08-23,PICKER_018,"[2, 3, 8, 20, 22, 24, 25, 27]",8,136.43,5.71,16,1,1,GREEDY,0
ROUTE_003510,PLANT04,2023-01-26,PICKER_022,"[3, 4, 6, 7, 16]",5,81.19,2.18,23,3,1,DIJKSTRA,0
ROUTE_003511,PLANT19,2023-12-30,PICKER_045,"[6, 8, 17, 20, 22, 23]",6,100.15,2.57,70,7,1,GREEDY,0
ROUTE_003512,PLANT10,2023-10-17,PICKER_033,"[1, 2, 8, 11, 18, 23]",6,117.94,4.79,61,7,1,ASTAR,0
ROUTE_003513,PLANT12,2024-06-06,PICKER_011,"[3, 5, 8, 11, 13, 15, 19, 23, 24, 25]",10,221.78,6.22,50,7,1,DIJKSTRA,1
ROUTE_003514,PLANT13,2023-12-15,PICKER_025,"[1, 2, 3, 4, 5, 10]",6,128.25,3.37,40,6,1,GREEDY,1
ROUTE_003515,PLANT13,2024-09-30,PICKER_018,"[2, 3, 5, 6, 9]",5,89.83,3.5,29,8,1,GREEDY,0
ROUTE_003516,PLANT11,2024-11-06,PICKER_035,"[1, 3, 4, 5]",4,73.71,2.91,75,4,1,MANUAL,0
ROUTE_003517,PLANT01,2023-12-09,PICKER_022,"[8, 18]",2,50.95,3.99,7,9,1,MANUAL,0
ROUTE_003518,PLANT15,2023-04-14,PICKER_047,"[6, 9, 15]",3,31.4,2.23,46,8,1,ASTAR,0
ROUTE_003519,PLANT01,2023-05-01,PICKER_012,"[2, 10, 11, 13, 17, 19, 21, 23, 24, 25]",10,159.43,5.22,43,10,1,GREEDY,1
ROUTE_003520,PLANT18,2023-02-05,PICKER_032,"[4, 10, 13]",3,53.59,4.06,44,2,1,GREEDY,1
ROUTE_003521,PLANT16,2024-03-14,PICKER_034,"[3, 15]",2,36.29,3.47,57,1,1,DIJKSTRA,0
ROUTE_003522,PLANT19,2023-08-06,PICKER_015,"[1, 3, 4, 6, 8, 9]",6,87.93,4.61,31,10,1,ASTAR,0
ROUTE_003523,PLANT08,2023-09-16,PICKER_032,"[2, 5, 9, 16, 28, 29]",6,70.32,2.83,48,10,1,MANUAL,1
ROUTE_003524,PLANT13,2023-04-22,PICKER_041,"[1, 2, 3, 4, 5, 6, 7, 8, 9, 10]",10,168.67,5.72,14,2,1,DIJKSTRA,1
ROUTE_003525,PLANT12,2023-01-16,PICKER_010,"[2, 10, 12, 18, 25]",5,71.22,4.21,60,6,1,GREEDY,0
ROUTE_003526,PLANT11,2024-10-18,PICKER_013,"[1, 2, 3, 4, 5]",5,89.94,3.68,17,9,1,DIJKSTRA,1
ROUTE_003527,PLANT11,2024-12-10,PICKER_036,"[2, 3, 4, 5]",4,79.09,2.5,63,10,1,ASTAR,0
ROUTE_003528,PLANT17,2024-08-10,PICKER_016,"[1, 2, 5, 6, 8, 11, 14, 15, 20, 24]",10,181.09,4.43,44,9,1,ASTAR,0
ROUTE_003529,PLANT18,2023-06-15,PICKER_039,"[6, 7, 8]",3,49.28,2.58,78,4,1,GREEDY,1
ROUTE_003530,PLANT07,2024-08-14,PICKER_005,"[8, 9, 12]",3,51.83,3.54,75,7,1,ASTAR,1
ROUTE_003531,PLANT02,2023-07-02,PICKER_028,"[1, 3, 5]",3,32.79,1.46,52,9,1,ASTAR,1
ROUTE_003532,PLANT10,2024-06-03,PICKER_030,"[4, 9]",2,44.03,3.44,23,7,1,DIJKSTRA,0
ROUTE_003533,PLANT10,2024-11-16,PICKER_025,"[1, 6, 7, 10, 11, 12, 19, 21, 23]",9,185.98,4.53,48,8,1,MANUAL,0
ROUTE_003534,PLANT15,2023-11-26,PICKER_048,"[2, 3, 6, 9, 10, 16, 18, 23, 24]",9,174.02,5.01,26,8,1,MANUAL,1
ROUTE_003535,PLANT06,2024-12-11,PICKER_003,"[1, 3, 6, 8, 12, 16, 25]",7,119.58,3.52,76,7,1,DIJKSTRA,1
ROUTE_003536,PLANT14,2024-01-28,PICKER_021,"[2, 3, 9, 12, 19, 20, 24, 26, 28]",9,138.47,3.98,71,6,1,GREEDY,1
ROUTE_003537,PLANT05,2023-04-22,PICKER_036,"[2, 7]",2,17.67,2.6,71,3,1,DIJKSTRA,0
ROUTE_003538,PLANT03,2023-11-16,PICKER_041,"[5, 8]",2,36.86,1.6,12,10,1,ASTAR,1
ROUTE_003539,PLANT07,2024-07-13,PICKER_027,"[1, 2, 4, 5, 7, 8]",6,91.55,3.51,18,2,1,DIJKSTRA,0
ROUTE_003540,PLANT18,2023-05-18,PICKER_040,"[2, 4, 5, 7, 8, 11, 15]",7,130.92,3.49,29,4,1,GREEDY,0
ROUTE_003541,PLANT12,2023-04-13,PICKER_029,"[1, 5, 7, 9, 16]",5,70.32,3.35,72,10,1,MANUAL,0
ROUTE_003542,PLANT03,2024-08-30,PICKER_002,"[1, 4, 5, 8, 11]",5,103.12,3.71,5,5,1,MANUAL,1
ROUTE_003543,PLANT12,2024-07-13,PICKER_042,"[9, 13, 22, 23, 24]",5,111.27,3.32,40,2,1,DIJKSTRA,1
ROUTE_003544,PLANT17,2023-12-06,PICKER_032,"[2, 6, 7, 9, 10, 11, 12, 17, 19, 20]",10,212.49,6.97,75,10,1,MANUAL,1
ROUTE_003545,PLANT12,2024-07-11,PICKER_036,"[1, 4, 10, 13, 14, 15, 16, 17, 22, 23]",10,166.96,5.13,39,5,1,GREEDY,0
ROUTE_003546,PLANT12,2024-02-03,PICKER_014,"[2, 6, 8, 12, 13, 18]",6,120.59,3.12,33,5,1,GREEDY,0
ROUTE_003547,PLANT05,2024-12-12,PICKER_017,"[7, 9]",2,38.88,1.61,61,5,1,ASTAR,1
ROUTE_003548,PLANT15,2023-12-04,PICKER_033,"[8, 9, 10, 18, 19, 22, 23]",7,148.91,3.88,11,4,1,DIJKSTRA,1
ROUTE_003549,PLANT15,2023-08-10,PICKER_047,"[1, 6, 7, 10, 12, 16, 19, 20, 22]",9,164.42,5.04,61,6,1,MANUAL,0
ROUTE_003550,PLANT16,2023-08-23,PICKER_018,"[2, 4, 5, 8, 9, 11, 13, 15]",8,124.5,3.64,72,2,1,GREEDY,0
ROUTE_003551,PLANT13,2023-08-09,PICKER_042,"[1, 2, 3, 4, 5, 6, 7, 8, 9, 10]",10,165.05,5.09,53,4,1,ASTAR,0
ROUTE_003552,PLANT13,2023-08-29,PICKER_040,"[1, 2, 3, 4, 5, 6, 7, 8, 9, 10]",10,181.45,5.37,67,2,1,MANUAL,1
ROUTE_003553,PLANT01,2024-07-14,PICKER_012,"[2, 4, 18, 20]",4,67.45,2.23,79,10,1,MANUAL,1
ROUTE_003554,PLANT16,2024-12-07,PICKER_042,"[4, 5, 8, 10, 15, 16]",6,107.19,4.08,47,1,1,MANUAL,1
ROUTE_003555,PLANT06,2024-11-18,PICKER_011,"[3, 8, 19]",3,57.94,3.3,25,8,1,DIJKSTRA,1
ROUTE_003556,PLANT02,2023-04-05,PICKER_004,"[1, 2, 4, 6]",4,78.2,4.54,14,8,1,ASTAR,0
ROUTE_003557,PLANT05,2024-11-25,PICKER_032,"[1, 2, 4, 5, 6, 7, 8, 9]",8,128.78,3.4,48,9,1,GREEDY,0
ROUTE_003558,PLANT14,2024-11-18,PICKER_041,"[3, 5, 6, 13, 17, 20, 21, 25, 29]",9,200.63,6.11,66,8,1,DIJKSTRA,1
ROUTE_003559,PLANT06,2024-09-12,PICKER_002,"[1, 4, 12, 13, 15, 17, 20, 22, 26, 28]",10,199.83,6.49,5,1,1,GREEDY,1
ROUTE_003560,PLANT10,2023-01-02,PICKER_040,"[2, 6, 10, 13, 14, 18, 22, 24]",8,129.89,5.1,22,1,1,MANUAL,0
ROUTE_003561,PLANT18,2023-06-23,PICKER_031,"[3, 10, 12, 15]",4,40.17,3.15,76,10,1,ASTAR,0
ROUTE_003562,PLANT02,2024-05-09,PICKER_043,"[1, 3, 4]",3,34.85,1.97,78,1,1,GREEDY,1
ROUTE_003563,PLANT19,2024-03-26,PICKER_019,"[5, 6, 7, 12, 13, 17, 18, 21]",8,131.57,5.48,22,7,1,ASTAR,0
ROUTE_003564,PLANT08,2024-09-13,PICKER_039,"[13, 21]",2,26.91,1.57,76,5,1,MANUAL,1
ROUTE_003565,PLANT10,2024-09-18,PICKER_038,"[2, 6, 7, 12, 14, 15, 16, 21, 22, 23]",10,140.36,5.58,50,2,1,GREEDY,0
ROUTE_003566,PLANT04,2023-07-27,PICKER_009,"[14, 18]",2,20.27,2.07,79,5,1,ASTAR,0
ROUTE_003567,PLANT17,2023-01-31,PICKER_021,"[5, 12, 19]",3,54.28,3.19,56,3,1,ASTAR,1
ROUTE_003568,PLANT10,2023-08-17,PICKER_006,"[2, 15, 18, 21, 23]",5,67.41,2.75,7,5,1,ASTAR,1
ROUTE_003569,PLANT16,2024-09-05,PICKER_029,"[1, 6, 7, 10, 11, 12, 13]",7,131.75,4.5,61,7,1,ASTAR,0
ROUTE_003570,PLANT02,2024-08-24,PICKER_005,"[1, 2, 3, 6]",4,71.59,2.96,64,10,1,MANUAL,1
ROUTE_003571,PLANT12,2023-05-03,PICKER_003,"[4, 5, 8, 11, 12, 15, 16, 18]",8,132.87,4.72,49,4,1,ASTAR,1
ROUTE_003572,PLANT03,2024-01-26,PICKER_011,"[6, 11]",2,45.15,3.77,77,3,1,DIJKSTRA,0
ROUTE_003573,PLANT09,2024-11-05,PICKER_035,"[5, 7, 8]",3,58.45,2.25,7,2,1,ASTAR,1
ROUTE_003574,PLANT10,2023-06-12,PICKER_011,"[3, 24]",2,31.78,2.54,23,5,1,DIJKSTRA,0
ROUTE_003575,PLANT11,2023-09-08,PICKER_002,"[1, 3, 4, 5]",4,68.18,1.98,29,5,1,GREEDY,1
ROUTE_003576,PLANT17,2023-07-04,PICKER_036,"[2, 8, 12, 14, 18]",5,119.18,4.34,51,9,1,ASTAR,1
ROUTE_003577,PLANT02,2024-03-27,PICKER_044,"[1, 4, 5, 6]",4,68.65,4.08,53,8,1,DIJKSTRA,0
ROUTE_003578,PLANT04,2024-05-26,PICKER_020,"[1, 3, 14, 16, 17, 18, 20]",7,115.28,3.19,34,2,1,ASTAR,1
ROUTE_003579,PLANT05,2024-12-28,PICKER_012,"[1, 2, 3, 4, 5, 6, 7, 8, 9]",9,152.09,5.26,40,5,1,ASTAR,1
ROUTE_003580,PLANT20,2024-09-05,PICKER_035,"[1, 2, 3, 5, 7]",5,84.46,3.6,28,10,1,DIJKSTRA,0
ROUTE_003581,PLANT18,2023-12-09,PICKER_039,"[8, 9, 13]",3,41.91,1.42,56,1,1,GREEDY,1
ROUTE_003582,PLANT08,2024-04-13,PICKER_039,"[1, 2, 5, 7, 9, 12, 18, 24, 26, 27]",10,136.08,4.11,58,3,1,ASTAR,0
ROUTE_003583,PLANT16,2024-05-24,PICKER_036,"[2, 3, 4, 6, 7, 8, 10, 11, 12, 13]",10,217.6,6.18,58,10,1,GREEDY,1
ROUTE_003584,PLANT18,2023-03-11,PICKER_035,"[1, 3, 5, 7, 9, 10, 15, 16]",8,135.14,4.96,11,9,1,GREEDY,1
ROUTE_003585,PLANT20,2023-11-26,PICKER_033,"[1, 2, 3, 4, 5, 6]",6,115.08,4.73,54,5,1,DIJKSTRA,0
ROUTE_003586,PLANT11,2023-12-01,PICKER_019,"[1, 2, 3, 4, 5]",5,86.04,2.4,38,5,1,MANUAL,0
ROUTE_003587,PLANT19,2023-12-04,PICKER_035,"[8, 22]",2,43.67,1.76,66,2,1,GREEDY,0
ROUTE_003588,PLANT05,2023-02-13,PICKER_047,"[3, 4, 5]",3,42.97,2.98,59,1,1,ASTAR,0
ROUTE_003589,PLANT09,2024-06-10,PICKER_007,"[1, 2, 5]",3,31.55,1.7,47,7,1,DIJKSTRA,0
ROUTE_003590,PLANT18,2024-05-25,PICKER_015,"[2, 5, 6, 8, 9, 12, 15, 16]",8,145.09,3.89,66,8,1,GREEDY,1
ROUTE_003591,PLANT08,2024-01-14,PICKER_034,"[2, 3, 7, 20, 21, 23, 24, 26]",8,98.71,4.46,76,1,1,ASTAR,1
ROUTE_003592,PLANT14,2023-04-08,PICKER_008,"[1, 3, 6, 12, 19, 21, 22, 24, 26]",9,154.64,5.81,78,7,1,ASTAR,1
ROUTE_003593,PLANT05,2024-03-22,PICKER_028,"[1, 2, 3, 5, 7, 8, 9]",7,125.38,4.73,53,6,1,MANUAL,0
ROUTE_003594,PLANT12,2024-01-18,PICKER_023,"[2, 6, 11, 13]",4,50.97,2.6,49,1,1,GREEDY,1
ROUTE_003595,PLANT09,2023-04-05,PICKER_045,"[1, 2, 3, 4, 5, 6, 7, 8, 9, 10]",10,215.5,5.5,37,9,1,MANUAL,0
ROUTE_003596,PLANT15,2023-07-10,PICKER_049,"[1, 19, 25]",3,52.26,2.29,79,4,1,ASTAR,1
ROUTE_003597,PLANT07,2024-01-23,PICKER_003,"[5, 8]",2,21.7,1.35,14,3,1,DIJKSTRA,0
ROUTE_003598,PLANT11,2023-08-09,PICKER_016,"[4, 5]",2,32.25,3.49,13,9,1,DIJKSTRA,0
ROUTE_003599,PLANT15,2023-09-05,PICKER_048,"[1, 14]",2,12.5,2.5,65,4,1,MANUAL,1
ROUTE_003600,PLANT05,2023-01-31,PICKER_006,"[3, 6, 7]",3,37.4,3.67,30,2,1,GREEDY,0
ROUTE_003601,PLANT13,2024-05-21,PICKER_034,"[5, 6, 7, 8]",4,57.85,3.48,57,1,1,ASTAR,1
ROUTE_003602,PLANT13,2023-04-19,PICKER_001,"[1, 2, 3, 4, 5, 6, 7, 8, 9, 10]",10,165.06,5.92,77,7,1,ASTAR,1
ROUTE_003603,PLANT06,2024-12-06,PICKER_004,"[3, 10, 15, 25, 28]",5,84.1,2.88,36,8,1,ASTAR,1
ROUTE_003604,PLANT08,2023-06-13,PICKER_031,"[2, 4, 5, 9, 10, 15, 25]",7,105.82,4.02,11,4,1,DIJKSTRA,0
ROUTE_003605,PLANT12,2024-12-10,PICKER_042,"[1, 3, 4, 9, 10, 14, 20, 25]",8,96.0,4.89,10,7,1,ASTAR,0
ROUTE_003606,PLANT14,2024-03-05,PICKER_012,"[4, 11, 16, 24, 25, 29]",6,90.93,3.61,72,7,1,DIJKSTRA,0
ROUTE_003607,PLANT17,2024-08-16,PICKER_015,"[2, 5, 9, 10, 13, 14, 15, 16, 20]",9,149.41,5.09,30,2,1,MANUAL,0
ROUTE_003608,PLANT07,2024-04-11,PICKER_028,"[4, 12]",2,30.67,3.04,71,9,1,DIJKSTRA,0
ROUTE_003609,PLANT18,2023-11-26,PICKER_008,"[1, 2, 3, 4, 5, 12, 14, 16]",8,119.34,3.03,13,2,1,MANUAL,0
ROUTE_003610,PLANT02,2024-11-05,PICKER_017,"[1, 2, 3, 4, 5, 6]",6,114.7,4.17,61,5,1,GREEDY,0
ROUTE_003611,PLANT04,2023-07-04,PICKER_013,"[4, 5, 11, 13, 14, 16, 17]",7,120.7,5.36,68,9,1,ASTAR,1
ROUTE_003612,PLANT01,2024-10-26,PICKER_025,"[7, 8, 9, 12, 14, 16, 20, 21, 23, 24]",10,187.26,5.21,21,2,1,GREEDY,1
ROUTE_003613,PLANT12,2023-01-13,PICKER_011,"[3, 5, 6, 12, 17, 18, 20, 24]",8,124.34,4.77,26,3,1,ASTAR,0
ROUTE_003614,PLANT19,2023-12-12,PICKER_035,"[1, 2, 16, 18, 22]",5,93.76,2.8,12,1,1,MANUAL,0
ROUTE_003615,PLANT11,2024-09-03,PICKER_005,"[2, 5]",2,40.3,1.49,27,10,1,MANUAL,0
ROUTE_003616,PLANT18,2023-01-05,PICKER_046,"[2, 9, 12, 13]",4,55.55,2.93,71,5,1,MANUAL,0
ROUTE_003617,PLANT07,2024-06-02,PICKER_048,"[1, 7, 8, 11]",4,66.55,1.98,5,9,1,DIJKSTRA,1
ROUTE_003618,PLANT20,2023-01-27,PICKER_027,"[2, 4]",2,28.33,1.23,50,1,1,GREEDY,0
ROUTE_003619,PLANT11,2024-06-07,PICKER_036,"[1, 2, 3]",3,57.69,3.81,46,5,1,MANUAL,0
ROUTE_003620,PLANT08,2023-08-11,PICKER_029,"[7, 17, 26]",3,57.71,3.77,38,3,1,MANUAL,1
ROUTE_003621,PLANT13,2024-12-20,PICKER_017,"[2, 3, 4, 7, 8, 10]",6,87.93,2.95,32,10,1,GREEDY,0
ROUTE_003622,PLANT11,2023-05-26,PICKER_012,"[1, 2, 3, 4, 5]",5,99.74,4.91,75,4,1,ASTAR,0
ROUTE_003623,PLANT03,2023-07-30,PICKER_043,"[4, 11]",2,29.46,3.12,60,1,1,MANUAL,0
ROUTE_003624,PLANT03,2024-04-07,PICKER_013,"[1, 2, 3, 4, 6, 8, 10, 11]",8,137.73,3.97,66,5,1,MANUAL,1
ROUTE_003625,PLANT07,2024-07-12,PICKER_008,"[3, 5, 6, 11]",4,57.05,1.86,6,7,1,MANUAL,0
ROUTE_003626,PLANT15,2024-07-18,PICKER_026,"[1, 2, 3, 9, 15, 18, 20]",7,113.6,3.45,20,10,1,ASTAR,0
ROUTE_003627,PLANT02,2024-02-16,PICKER_018,"[1, 2, 3, 4, 5, 6]",6,112.5,3.1,69,2,1,DIJKSTRA,1
ROUTE_003628,PLANT13,2024-02-19,PICKER_013,"[3, 9]",2,37.13,1.89,75,9,1,DIJKSTRA,1
ROUTE_003629,PLANT18,2023-08-27,PICKER_014,"[3, 4, 5, 6, 7, 8, 9, 12, 14, 16]",10,142.37,5.78,77,7,1,GREEDY,0
ROUTE_003630,PLANT10,2024-03-08,PICKER_032,"[9, 20, 21, 22]",4,74.84,4.18,70,9,1,ASTAR,1
ROUTE_003631,PLANT01,2023-12-18,PICKER_016,"[3, 5, 11, 12, 14, 18, 19, 23, 25]",9,175.39,5.28,48,1,1,ASTAR,1
ROUTE_003632,PLANT16,2024-12-09,PICKER_008,"[3, 9, 10]",3,49.71,3.71,9,3,1,GREEDY,0
ROUTE_003633,PLANT03,2023-09-29,PICKER_029,"[2, 4, 7, 11]",4,43.99,1.38,9,6,1,ASTAR,1
ROUTE_003634,PLANT10,2024-01-16,PICKER_021,"[9, 14, 17, 18, 22, 24]",6,97.74,4.06,14,10,1,DIJKSTRA,0
ROUTE_003635,PLANT02,2024-07-16,PICKER_022,"[1, 3, 6]",3,55.91,2.71,45,6,1,ASTAR,1
ROUTE_003636,PLANT07,2024-07-06,PICKER_043,"[1, 5, 6, 7, 8, 9, 12]",7,134.78,5.5,53,2,1,GREEDY,0
ROUTE_003637,PLANT11,2023-08-08,PICKER_014,"[1, 2, 4]",3,42.4,3.29,61,5,1,MANUAL,0
ROUTE_003638,PLANT10,2024-04-06,PICKER_017,"[3, 4, 5, 7, 8, 15, 17, 18, 21]",9,187.9,6.57,51,2,1,ASTAR,0
ROUTE_003639,PLANT20,2024-11-05,PICKER_026,"[1, 3, 4, 6, 7]",5,88.68,4.33,8,6,1,MANUAL,0
ROUTE_003640,PLANT03,2023-07-14,PICKER_010,"[1, 4, 5, 6, 7, 9, 10, 11]",8,160.31,4.06,71,5,1,ASTAR,0
ROUTE_003641,PLANT06,2024-02-27,PICKER_042,"[1, 4, 9, 11, 14, 17, 18]",7,115.3,3.79,47,7,1,GREEDY,1
ROUTE_003642,PLANT18,2023-10-29,PICKER_007,"[2, 3, 15]",3,39.73,2.89,8,9,1,ASTAR,0
ROUTE_003643,PLANT06,2023-12-23,PICKER_005,"[3, 4, 22]",3,60.91,3.46,18,5,1,GREEDY,1
ROUTE_003644,PLANT07,2023-05-14,PICKER_014,"[1, 2, 3, 4, 5, 6, 11]",7,124.27,4.59,18,10,1,MANUAL,0
ROUTE_003645,PLANT02,2023-10-06,PICKER_027,"[1, 3, 4, 5, 6]",5,60.47,3.77,66,3,1,ASTAR,1
ROUTE_003646,PLANT07,2024-11-24,PICKER_036,"[1, 2, 3, 4, 6, 7, 8, 9, 10, 12]",10,214.51,7.27,33,7,1,GREEDY,0
ROUTE_003647,PLANT16,2023-09-29,PICKER_044,"[4, 5, 6, 8, 9, 11, 16]",7,132.64,3.7,43,3,1,GREEDY,0
ROUTE_003648,PLANT20,2024-10-18,PICKER_040,"[1, 2, 3, 4, 5, 6, 7]",7,153.18,4.85,29,8,1,MANUAL,1
ROUTE_003649,PLANT07,2023-05-03,PICKER_027,"[6, 7, 8, 9, 10]",5,78.04,4.37,57,10,1,MANUAL,1
ROUTE_003650,PLANT02,2023-09-03,PICKER_024,"[1, 2, 3]",3,39.32,1.39,28,10,1,GREEDY,0
ROUTE_003651,PLANT09,2023-10-14,PICKER_035,"[2, 4, 8, 9]",4,87.15,4.22,67,3,1,GREEDY,0
ROUTE_003652,PLANT01,2024-05-06,PICKER_021,"[8, 15, 18, 21, 22, 24, 26]",7,147.5,5.75,56,5,1,ASTAR,1
ROUTE_003653,PLANT14,2024-02-09,PICKER_019,"[3, 6, 8, 14, 15, 17, 22, 23, 26]",9,146.63,4.16,70,10,1,MANUAL,1
ROUTE_003654,PLANT11,2023-03-24,PICKER_026,"[1, 3, 4]",3,47.09,3.33,11,1,1,MANUAL,1
ROUTE_003655,PLANT05,2024-10-11,PICKER_040,"[2, 4, 9]",3,35.89,2.97,35,1,1,GREEDY,0
ROUTE_003656,PLANT06,2023-04-05,PICKER_012,"[1, 4, 11, 19, 21, 27]",6,72.47,3.04,38,7,1,MANUAL,1
ROUTE_003657,PLANT10,2023-01-14,PICKER_011,"[4, 14, 15, 17, 18, 19, 22, 23, 24]",9,165.31,6.04,32,5,1,GREEDY,1
ROUTE_003658,PLANT01,2023-05-23,PICKER_019,"[2, 7, 9, 11, 12, 13, 14, 18, 26]",9,150.19,4.31,80,8,1,MANUAL,0
ROUTE_003659,PLANT11,2023-07-10,PICKER_044,"[1, 2, 3, 4, 5]",5,91.2,3.34,46,1,1,MANUAL,1
ROUTE_003660,PLANT18,2024-12-22,PICKER_035,"[2, 7, 8, 11, 14, 15, 16]",7,106.53,3.98,56,3,1,DIJKSTRA,1
ROUTE_003661,PLANT08,2023-09-09,PICKER_001,"[8, 9, 14, 21, 29]",5,103.72,4.88,72,10,1,DIJKSTRA,0
ROUTE_003662,PLANT20,2024-06-20,PICKER_023,"[2, 3]",2,38.11,2.67,33,3,1,ASTAR,1
ROUTE_003663,PLANT16,2023-01-05,PICKER_008,"[12, 16]",2,25.59,2.63,17,3,1,DIJKSTRA,0
ROUTE_003664,PLANT01,2024-04-18,PICKER_021,"[11, 15]",2,18.02,2.58,28,9,1,DIJKSTRA,0
ROUTE_003665,PLANT17,2024-07-25,PICKER_031,"[4, 6, 7, 8, 9, 18]",6,116.37,4.01,64,6,1,ASTAR,1
ROUTE_003666,PLANT03,2023-08-21,PICKER_007,"[5, 9, 10]",3,55.54,1.92,16,4,1,GREEDY,1
ROUTE_003667,PLANT09,2024-01-05,PICKER_041,"[3, 6, 10]",3,64.88,2.96,34,6,1,GREEDY,1
ROUTE_003668,PLANT06,2024-03-06,PICKER_005,"[16, 21, 28]",3,54.02,2.69,47,3,1,ASTAR,0
ROUTE_003669,PLANT20,2023-09-03,PICKER_027,"[1, 2, 3, 4, 5, 6, 7]",7,106.99,2.82,73,2,1,DIJKSTRA,0
ROUTE_003670,PLANT04,2023-03-20,PICKER_044,"[2, 5, 7, 12, 13, 14, 17]",7,142.93,3.91,9,5,1,DIJKSTRA,0
ROUTE_003671,PLANT09,2023-04-30,PICKER_008,"[1, 2, 4, 5, 7, 8, 9, 10]",8,147.61,4.73,31,5,1,DIJKSTRA,1
ROUTE_003672,PLANT19,2023-06-27,PICKER_026,"[4, 6, 7, 8, 15, 18]",6,84.32,3.22,48,7,1,ASTAR,1
ROUTE_003673,PLANT19,2023-01-29,PICKER_030,"[6, 12, 18]",3,63.56,4.21,11,2,1,ASTAR,1
ROUTE_003674,PLANT06,2023-03-23,PICKER_001,"[10, 11, 18, 19, 21, 23, 26, 27]",8,130.05,4.71,65,7,1,MANUAL,1
ROUTE_003675,PLANT10,2023-08-27,PICKER_005,"[3, 7, 9, 12, 16, 20, 23]",7,148.12,5.17,46,8,1,GREEDY,0
ROUTE_003676,PLANT09,2024-02-24,PICKER_009,"[1, 2, 3, 4, 5, 6, 7, 8, 9, 10]",10,172.59,5.15,20,5,1,MANUAL,0
ROUTE_003677,PLANT11,2024-07-25,PICKER_019,"[2, 3, 5]",3,45.0,3.17,68,6,1,MANUAL,0
ROUTE_003678,PLANT06,2023-05-31,PICKER_007,"[2, 4, 7, 12, 18, 20, 21, 25, 26, 27]",10,156.51,3.79,49,4,1,GREEDY,1
ROUTE_003679,PLANT06,2024-05-18,PICKER_019,"[2, 3, 7, 11, 14, 15, 16, 19, 28]",9,161.96,4.42,36,4,1,ASTAR,0
ROUTE_003680,PLANT13,2023-05-26,PICKER_023,"[1, 3, 6, 7, 8]",5,121.72,3.97,51,6,1,ASTAR,1
ROUTE_003681,PLANT02,2024-11-05,PICKER_015,"[1, 2, 3, 4, 5, 6]",6,108.19,4.62,15,3,1,GREEDY,1
ROUTE_003682,PLANT05,2024-11-22,PICKER_009,"[1, 2, 5]",3,50.54,3.26,65,3,1,GREEDY,0
ROUTE_003683,PLANT06,2023-12-10,PICKER_026,"[2, 9, 13, 22, 26, 28]",6,158.15,5.34,30,8,1,ASTAR,0
ROUTE_003684,PLANT15,2024-02-17,PICKER_036,"[4, 8, 12, 14, 15, 16, 22, 23]",8,168.66,5.51,53,1,1,ASTAR,1
ROUTE_003685,PLANT05,2024-02-17,PICKER_021,"[1, 4, 5]",3,37.22,3.11,62,4,1,DIJKSTRA,1
ROUTE_003686,PLANT16,2024-08-19,PICKER_023,"[3, 5, 7, 8, 12, 13, 15]",7,146.09,4.53,12,6,1,ASTAR,0
ROUTE_003687,PLANT11,2023-08-12,PICKER_021,"[2, 3, 4, 5]",4,71.09,3.08,27,3,1,GREEDY,1
ROUTE_003688,PLANT09,2023-12-18,PICKER_022,"[4, 5, 8, 10]",4,61.58,2.66,28,4,1,MANUAL,0
ROUTE_003689,PLANT12,2023-07-19,PICKER_025,"[2, 23]",2,30.53,2.16,18,3,1,ASTAR,1
ROUTE_003690,PLANT09,2024-05-12,PICKER_047,"[1, 5, 8, 10]",4,56.29,3.55,16,9,1,DIJKSTRA,1
ROUTE_003691,PLANT13,2024-02-07,PICKER_028,"[2, 4, 9]",3,33.95,2.46,23,3,1,DIJKSTRA,0
ROUTE_003692,PLANT17,2024-12-05,PICKER_005,"[2, 3, 5, 8, 9, 15, 17, 20, 21, 23]",10,151.62,4.72,79,4,1,MANUAL,0
ROUTE_003693,PLANT03,2024-10-20,PICKER_040,"[1, 2, 4, 5, 6, 7, 8, 10, 11]",9,179.04,5.0,9,8,1,ASTAR,1
ROUTE_003694,PLANT08,2024-03-30,PICKER_018,"[1, 3, 5, 9, 12, 15, 17, 20, 23]",9,142.66,4.14,14,6,1,DIJKSTRA,1
ROUTE_003695,PLANT07,2023-10-15,PICKER_003,"[2, 4, 5, 6, 8, 10, 12]",7,105.32,3.13,17,2,1,DIJKSTRA,1
ROUTE_003696,PLANT02,2023-10-15,PICKER_042,"[1, 2, 3, 4, 5, 6]",6,130.81,5.51,66,5,1,MANUAL,0
ROUTE_003697,PLANT17,2024-06-19,PICKER_024,"[1, 2, 3, 4, 10, 12, 22]",7,138.57,4.93,73,1,1,GREEDY,0
ROUTE_003698,PLANT08,2024-01-30,PICKER_045,"[16, 19, 24, 25]",4,91.91,3.68,32,8,1,MANUAL,0
ROUTE_003699,PLANT19,2023-08-23,PICKER_014,"[1, 7, 10, 11, 12, 21, 22, 23]",8,152.54,5.84,23,4,1,MANUAL,0
ROUTE_003700,PLANT17,2024-09-01,PICKER_015,"[6, 7, 10, 15, 21, 24]",6,116.93,3.38,61,3,1,ASTAR,1
ROUTE_003701,PLANT07,2024-12-15,PICKER_011,"[1, 2, 3, 4, 6, 7, 8, 9, 10, 11]",10,166.45,5.03,19,3,1,DIJKSTRA,0
ROUTE_003702,PLANT12,2024-11-29,PICKER_039,"[1, 16, 17, 23]",4,75.2,2.05,37,2,1,MANUAL,0
ROUTE_003703,PLANT16,2024-08-23,PICKER_045,"[4, 6, 10, 14, 15, 16]",6,123.73,4.14,30,8,1,ASTAR,1
ROUTE_003704,PLANT11,2023-07-07,PICKER_016,"[2, 4]",2,34.65,1.72,65,1,1,GREEDY,0
ROUTE_003705,PLANT03,2024-09-20,PICKER_037,"[4, 6, 7, 8]",4,73.45,4.11,26,6,1,GREEDY,1
ROUTE_003706,PLANT13,2024-08-07,PICKER_005,"[1, 2, 3, 4, 5, 6, 7, 8, 9, 10]",10,182.78,4.24,76,9,1,DIJKSTRA,0
ROUTE_003707,PLANT11,2024-02-02,PICKER_026,"[3, 4]",2,35.76,2.42,63,2,1,GREEDY,0
ROUTE_003708,PLANT04,2024-10-24,PICKER_003,"[2, 3, 4, 5, 9, 10, 12, 15, 19, 20]",10,179.59,5.07,69,1,1,ASTAR,0
ROUTE_003709,PLANT16,2024-01-20,PICKER_022,"[1, 2, 7, 10, 15, 16]",6,111.95,3.04,34,8,1,ASTAR,1
ROUTE_003710,PLANT16,2024-04-22,PICKER_026,"[2, 3, 5, 6, 7, 8, 11, 13, 14]",9,160.73,5.12,61,1,1,GREEDY,1
ROUTE_003711,PLANT09,2024-04-22,PICKER_049,"[4, 8]",2,37.22,2.05,33,8,1,MANUAL,0
ROUTE_003712,PLANT08,2023-06-12,PICKER_013,"[10, 11, 12, 16, 17, 20, 27, 29]",8,97.3,2.59,75,3,1,ASTAR,1
ROUTE_003713,PLANT06,2024-05-25,PICKER_014,"[2, 6, 9, 17]",4,49.34,3.28,38,4,1,DIJKSTRA,1
ROUTE_003714,PLANT18,2024-11-20,PICKER_012,"[3, 4, 5, 6, 8, 9, 11, 12, 13]",9,166.99,4.22,35,1,1,MANUAL,0
ROUTE_003715,PLANT09,2024-11-11,PICKER_007,"[3, 4, 5, 8, 9, 10]",6,118.82,5.05,60,4,1,GREEDY,0
ROUTE_003716,PLANT01,2023-02-12,PICKER_034,"[4, 5, 7, 8, 11, 12, 14, 20, 21, 25]",10,141.14,5.7,26,10,1,DIJKSTRA,1
ROUTE_003717,PLANT01,2024-07-16,PICKER_036,"[7, 8, 12, 20, 23]",5,91.7,3.59,15,7,1,GREEDY,0
ROUTE_003718,PLANT04,2023-02-12,PICKER_018,"[2, 11, 13, 14, 16, 17]",6,100.43,3.27,16,7,1,GREEDY,1
ROUTE_003719,PLANT10,2024-01-29,PICKER_039,"[3, 4, 6, 18, 20, 21]",6,86.93,4.66,9,9,1,ASTAR,1
ROUTE_003720,PLANT07,2023-11-16,PICKER_038,"[1, 2, 3, 5, 6, 7, 9, 12]",8,116.04,3.75,58,10,1,DIJKSTRA,0
ROUTE_003721,PLANT18,2024-11-06,PICKER_002,"[1, 2, 4, 6, 8, 9, 10, 12, 14, 15]",10,200.37,5.73,36,9,1,DIJKSTRA,0
ROUTE_003722,PLANT07,2023-07-29,PICKER_030,"[1, 5, 6, 8, 9, 10, 11, 12]",8,156.44,5.38,50,6,1,ASTAR,1
ROUTE_003723,PLANT14,2023-01-31,PICKER_043,"[4, 14, 18, 28]",4,66.01,1.84,43,9,1,MANUAL,0
ROUTE_003724,PLANT06,2023-02-28,PICKER_033,"[7, 8, 14, 17, 18, 19, 20, 27, 28]",9,147.0,5.42,58,6,1,GREEDY,1
ROUTE_003725,PLANT16,2024-12-14,PICKER_016,"[6, 7]",2,41.53,1.46,60,5,1,MANUAL,0
ROUTE_003726,PLANT04,2024-11-06,PICKER_010,"[4, 5, 7, 10, 18]",5,100.72,3.34,66,3,1,ASTAR,0
ROUTE_003727,PLANT15,2024-10-27,PICKER_005,"[2, 6, 11, 14]",4,66.76,2.88,14,6,1,MANUAL,1
ROUTE_003728,PLANT06,2023-04-21,PICKER_009,"[1, 3, 7, 22]",4,84.64,4.37,74,7,1,ASTAR,0
ROUTE_003729,PLANT16,2024-05-16,PICKER_019,"[5, 7, 8, 9, 13, 14, 15]",7,90.36,3.05,80,4,1,ASTAR,0
ROUTE_003730,PLANT03,2024-11-21,PICKER_043,"[5, 8, 11]",3,52.59,3.92,19,5,1,DIJKSTRA,1
ROUTE_003731,PLANT12,2024-01-08,PICKER_033,"[7, 8, 11, 12, 13, 23]",6,127.84,5.25,78,6,1,DIJKSTRA,0
ROUTE_003732,PLANT08,2024-02-05,PICKER_031,"[7, 10, 13, 15, 17, 26, 27, 28]",8,155.13,6.01,30,3,1,DIJKSTRA,0
ROUTE_003733,PLANT15,2024-09-13,PICKER_038,"[4, 16, 18, 19, 22, 23, 25]",7,125.6,3.67,57,9,1,MANUAL,0
ROUTE_003734,PLANT05,2024-03-25,PICKER_034,"[1, 3, 7, 8]",4,71.53,4.33,65,3,1,ASTAR,0
ROUTE_003735,PLANT06,2024-09-09,PICKER_030,"[2, 21, 24, 25]",4,72.56,3.21,65,3,1,GREEDY,1
ROUTE_003736,PLANT04,2023-01-13,PICKER_005,"[2, 4, 5, 11, 13]",5,89.81,3.53,54,10,1,DIJKSTRA,0
ROUTE_003737,PLANT14,2023-12-01,PICKER_029,"[3, 4, 11, 12, 20, 21, 25, 26, 27]",9,158.96,4.59,50,4,1,ASTAR,0
ROUTE_003738,PLANT16,2023-05-25,PICKER_010,"[2, 3, 6, 10, 11, 14]",6,109.13,4.84,9,5,1,MANUAL,1
ROUTE_003739,PLANT11,2023-11-10,PICKER_024,"[2, 3, 4, 5]",4,68.47,3.11,80,2,1,MANUAL,1
ROUTE_003740,PLANT04,2024-01-13,PICKER_047,"[7, 11, 12, 13]",4,83.49,3.76,13,7,1,DIJKSTRA,1
ROUTE_003741,PLANT14,2023-10-08,PICKER_044,"[3, 8, 14, 16, 19, 21, 22, 25]",8,146.02,3.45,49,10,1,DIJKSTRA,0
ROUTE_003742,PLANT07,2024-01-03,PICKER_018,"[7, 10]",2,33.18,2.1,68,6,1,DIJKSTRA,0
ROUTE_003743,PLANT02,2023-03-21,PICKER_042,"[3, 4, 5, 6]",4,63.92,2.16,24,9,1,GREEDY,1
ROUTE_003744,PLANT03,2024-12-05,PICKER_039,"[2, 3, 8, 9, 11]",5,88.49,3.86,34,7,1,DIJKSTRA,0
ROUTE_003745,PLANT03,2024-03-16,PICKER_017,"[1, 2, 3, 5, 6, 7, 8, 9, 10, 11]",10,178.22,5.94,28,9,1,MANUAL,1
ROUTE_003746,PLANT12,2023-07-06,PICKER_042,"[2, 3, 4, 8, 11, 16, 17, 19, 20, 23]",10,155.26,5.14,40,3,1,MANUAL,0
ROUTE_003747,PLANT05,2024-01-26,PICKER_009,"[3, 6, 7]",3,66.61,3.11,51,7,1,MANUAL,0
ROUTE_003748,PLANT16,2024-05-09,PICKER_001,"[5, 8, 9, 10, 12, 16]",6,126.94,3.8,70,4,1,ASTAR,1
ROUTE_003749,PLANT09,2023-04-07,PICKER_006,"[2, 5, 6, 8, 9, 10]",6,112.86,3.05,68,3,1,GREEDY,0
ROUTE_003750,PLANT14,2023-11-01,PICKER_006,"[1, 2, 7, 9, 14, 19, 23, 26, 29]",9,103.3,3.46,48,2,1,DIJKSTRA,1
ROUTE_003751,PLANT15,2024-03-26,PICKER_035,"[8, 9, 15, 20, 21, 22, 23]",7,126.58,3.36,50,2,1,GREEDY,0
ROUTE_003752,PLANT16,2024-04-27,PICKER_001,"[2, 3, 5, 6, 7, 9, 10, 11, 13]",9,148.51,4.24,80,1,1,DIJKSTRA,1
ROUTE_003753,PLANT09,2023-10-15,PICKER_017,"[3, 9]",2,35.27,3.57,77,5,1,DIJKSTRA,0
ROUTE_003754,PLANT15,2023-05-15,PICKER_043,"[1, 2, 17, 24]",4,51.86,2.0,39,4,1,ASTAR,0
ROUTE_003755,PLANT20,2023-02-01,PICKER_009,"[1, 2, 4, 5, 6, 7]",6,88.61,3.49,23,4,1,MANUAL,0
ROUTE_003756,PLANT05,2023-02-13,PICKER_034,"[1, 5, 6, 7, 8]",5,79.46,3.73,70,7,1,ASTAR,0
ROUTE_003757,PLANT08,2023-02-02,PICKER_039,"[8, 17, 28]",3,49.96,1.51,32,8,1,GREEDY,1
ROUTE_003758,PLANT19,2023-04-12,PICKER_024,"[1, 3, 4, 5, 8, 12, 21]",7,123.04,3.0,38,5,1,DIJKSTRA,1
ROUTE_003759,PLANT11,2024-11-05,PICKER_042,"[2, 3, 4, 5]",4,65.44,2.86,29,1,1,DIJKSTRA,0
ROUTE_003760,PLANT04,2024-11-15,PICKER_042,"[2, 5, 8, 17, 19]",5,125.19,3.31,78,3,1,ASTAR,1
ROUTE_003761,PLANT04,2024-01-15,PICKER_025,"[1, 4, 9, 11, 13, 16, 18, 19]",8,117.92,3.06,63,3,1,ASTAR,0
ROUTE_003762,PLANT15,2024-12-07,PICKER_035,"[14, 15, 19, 22, 24]",5,69.59,2.45,20,3,1,DIJKSTRA,1
ROUTE_003763,PLANT15,2024-04-01,PICKER_018,"[2, 6, 7, 8, 19, 20, 22, 24]",8,137.94,3.36,5,10,1,ASTAR,1
ROUTE_003764,PLANT09,2024-06-27,PICKER_007,"[1, 2, 7, 10]",4,69.77,3.05,69,1,1,DIJKSTRA,1
ROUTE_003765,PLANT16,2024-10-23,PICKER_004,"[2, 3, 4, 6, 10, 11, 12, 13, 15, 16]",10,180.56,4.99,73,7,1,ASTAR,0
ROUTE_003766,PLANT17,2024-09-10,PICKER_029,"[4, 5, 11, 12, 15, 16, 18, 22]",8,150.59,5.61,38,3,1,ASTAR,0
ROUTE_003767,PLANT01,2023-10-12,PICKER_009,"[3, 6, 11, 12, 15, 17, 20, 23]",8,135.76,3.38,6,3,1,ASTAR,0
ROUTE_003768,PLANT03,2024-10-30,PICKER_024,"[1, 2, 3, 4, 5, 6, 7, 9, 11]",9,184.72,5.48,57,3,1,ASTAR,0
ROUTE_003769,PLANT02,2024-12-04,PICKER_013,"[3, 5, 6]",3,50.82,2.38,20,2,1,GREEDY,1
ROUTE_003770,PLANT20,2024-09-28,PICKER_038,"[4, 6]",2,24.36,1.51,25,9,1,ASTAR,1
ROUTE_003771,PLANT04,2023-10-19,PICKER_042,"[2, 5, 7, 10, 12, 15]",6,123.64,5.16,24,8,1,DIJKSTRA,0
ROUTE_003772,PLANT06,2023-05-08,PICKER_009,"[3, 24, 26]",3,24.5,1.04,28,4,1,DIJKSTRA,1
ROUTE_003773,PLANT13,2023-03-03,PICKER_033,"[1, 3, 4, 5, 6, 7, 9, 10]",8,129.34,5.36,80,5,1,ASTAR,1
ROUTE_003774,PLANT06,2023-05-11,PICKER_032,"[6, 9, 10, 18, 19, 22, 25]",7,179.15,6.03,78,10,1,ASTAR,0
ROUTE_003775,PLANT06,2023-03-18,PICKER_020,"[10, 15]",2,22.76,1.35,42,7,1,DIJKSTRA,0
ROUTE_003776,PLANT11,2024-05-02,PICKER_036,"[3, 5]",2,30.71,2.41,8,1,1,ASTAR,1
ROUTE_003777,PLANT15,2024-12-06,PICKER_014,"[1, 3, 5, 13, 16, 19, 22, 23]",8,118.31,4.16,45,4,1,GREEDY,1
ROUTE_003778,PLANT06,2024-12-07,PICKER_048,"[3, 4, 6, 7, 9, 11, 16, 22, 28]",9,143.82,4.68,39,3,1,DIJKSTRA,0
ROUTE_003779,PLANT04,2024-12-29,PICKER_045,"[2, 4, 7, 9, 14, 18, 20]",7,135.27,5.09,61,1,1,DIJKSTRA,1
ROUTE_003780,PLANT03,2024-11-13,PICKER_017,"[2, 4, 6, 8, 9, 10, 11]",7,141.91,4.6,71,1,1,ASTAR,1
ROUTE_003781,PLANT10,2023-08-26,PICKER_008,"[3, 12, 22]",3,73.9,4.29,14,9,1,GREEDY,1
ROUTE_003782,PLANT16,2024-04-05,PICKER_041,"[2, 5, 7, 8, 9, 12]",6,81.82,2.45,48,5,1,MANUAL,1
ROUTE_003783,PLANT13,2023-10-19,PICKER_048,"[1, 2, 3, 4, 5, 6, 7, 8, 9, 10]",10,142.45,5.06,5,10,1,MANUAL,1
ROUTE_003784,PLANT12,2024-07-19,PICKER_018,"[12, 14, 15, 16, 17, 18, 22, 24]",8,91.94,3.88,27,4,1,ASTAR,1
ROUTE_003785,PLANT08,2023-04-06,PICKER_041,"[3, 4, 6, 7, 17, 23, 27]",7,94.9,3.36,47,6,1,GREEDY,0
ROUTE_003786,PLANT14,2024-06-12,PICKER_046,"[1, 2, 5, 9, 11, 16, 17, 19, 25]",9,158.27,5.1,12,3,1,GREEDY,0
ROUTE_003787,PLANT03,2024-06-22,PICKER_036,"[1, 2, 3, 4, 5, 6, 7, 10, 11]",9,146.49,4.74,36,2,1,DIJKSTRA,0
ROUTE_003788,PLANT20,2024-10-13,PICKER_028,"[1, 2, 3, 4, 6, 7]",6,124.61,4.27,69,1,1,ASTAR,0
ROUTE_003789,PLANT08,2023-09-08,PICKER_002,"[3, 4, 9, 10, 14, 17, 19, 23, 27, 29]",10,171.58,6.28,48,8,1,MANUAL,1
ROUTE_003790,PLANT05,2023-01-21,PICKER_014,"[2, 4, 6, 8, 9]",5,86.49,3.44,77,9,1,DIJKSTRA,0
ROUTE_003791,PLANT14,2023-10-13,PICKER_020,"[4, 14, 20, 25]",4,61.99,2.1,41,4,1,ASTAR,1
ROUTE_003792,PLANT05,2023-02-16,PICKER_049,"[4, 5, 9]",3,53.37,3.97,29,4,1,GREEDY,0
ROUTE_003793,PLANT12,2023-06-09,PICKER_050,"[3, 4, 7, 22]",4,83.49,3.75,18,1,1,MANUAL,1
ROUTE_003794,PLANT07,2023-07-30,PICKER_005,"[1, 11, 12]",3,54.08,3.92,76,5,1,ASTAR,1
ROUTE_003795,PLANT14,2024-05-06,PICKER_043,"[4, 15, 16]",3,48.8,3.49,60,2,1,MANUAL,0
ROUTE_003796,PLANT09,2023-07-29,PICKER_024,"[1, 2, 8]",3,73.81,2.47,17,1,1,GREEDY,1
ROUTE_003797,PLANT04,2023-11-10,PICKER_049,"[5, 8, 9, 10, 14, 15, 18, 20]",8,184.42,4.69,19,8,1,ASTAR,1
ROUTE_003798,PLANT17,2024-12-07,PICKER_041,"[2, 7, 12, 17, 20, 21]",6,105.84,4.57,38,9,1,ASTAR,0
ROUTE_003799,PLANT13,2023-03-11,PICKER_004,"[1, 2, 4, 5, 6, 8, 9, 10]",8,142.35,5.03,53,4,1,ASTAR,1
ROUTE_003800,PLANT01,2024-11-29,PICKER_017,"[3, 11, 18, 21, 24]",5,87.63,2.58,8,10,1,GREEDY,0
ROUTE_003801,PLANT01,2023-10-14,PICKER_037,"[5, 6, 8, 9, 10, 15, 21, 22, 23]",9,128.9,4.8,7,9,1,GREEDY,0
ROUTE_003802,PLANT07,2023-01-02,PICKER_024,"[1, 2, 4, 5, 6, 7, 8, 9, 11]",9,174.85,4.07,56,2,1,DIJKSTRA,1
ROUTE_003803,PLANT06,2023-09-07,PICKER_046,"[1, 7, 9, 14, 15, 17, 18, 25, 27, 28]",10,227.06,7.12,46,4,1,MANUAL,1
ROUTE_003804,PLANT03,2023-08-03,PICKER_023,"[1, 3, 4, 6, 7, 9, 11]",7,138.75,3.67,63,2,1,ASTAR,0
ROUTE_003805,PLANT14,2024-04-10,PICKER_002,"[10, 19, 27]",3,65.35,2.58,69,1,1,ASTAR,0
ROUTE_003806,PLANT10,2023-11-04,PICKER_019,"[1, 4, 7, 9, 16, 17, 18]",7,123.08,4.46,62,6,1,MANUAL,0
ROUTE_003807,PLANT08,2023-08-02,PICKER_018,"[5, 8, 10, 11, 15, 20, 21, 23, 24, 27]",10,138.74,3.46,60,6,1,MANUAL,0
ROUTE_003808,PLANT16,2023-01-12,PICKER_038,"[1, 4, 5, 6, 9, 13, 15, 16]",8,149.61,5.13,80,4,1,DIJKSTRA,0
ROUTE_003809,PLANT11,2023-05-01,PICKER_025,"[1, 2, 3, 4, 5]",5,87.87,2.44,44,6,1,ASTAR,1
ROUTE_003810,PLANT16,2024-02-12,PICKER_029,"[3, 9]",2,42.38,3.38,33,2,1,MANUAL,1
ROUTE_003811,PLANT14,2024-10-03,PICKER_027,"[3, 4, 9]",3,52.74,2.75,66,2,1,MANUAL,1
ROUTE_003812,PLANT13,2023-08-24,PICKER_030,"[1, 2, 4, 5, 6, 7, 8, 9, 10]",9,157.83,5.69,29,10,1,GREEDY,0
ROUTE_003813,PLANT11,2024-02-22,PICKER_006,"[1, 2, 3, 4, 5]",5,99.23,2.85,58,10,1,GREEDY,1
ROUTE_003814,PLANT06,2023-11-12,PICKER_033,"[2, 3, 6, 13, 18, 19, 20, 22]",8,144.67,4.56,75,10,1,MANUAL,0
ROUTE_003815,PLANT08,2023-03-23,PICKER_049,"[7, 15, 16, 17]",4,56.31,1.78,38,2,1,MANUAL,0
ROUTE_003816,PLANT17,2023-06-29,PICKER_037,"[1, 3, 8, 14, 17]",5,66.74,1.89,28,5,1,GREEDY,1
ROUTE_003817,PLANT06,2024-10-12,PICKER_045,"[3, 10, 13, 14, 17, 18, 19, 21, 27]",9,146.89,4.7,10,9,1,MANUAL,1
ROUTE_003818,PLANT14,2024-05-22,PICKER_033,"[2, 20]",2,46.77,1.6,35,4,1,GREEDY,1
ROUTE_003819,PLANT08,2024-08-16,PICKER_041,"[2, 4, 5, 6, 14, 19, 20, 22, 25, 27]",10,172.89,5.86,55,2,1,GREEDY,1
ROUTE_003820,PLANT12,2024-09-26,PICKER_014,"[21, 22]",2,47.3,1.73,33,6,1,DIJKSTRA,1
ROUTE_003821,PLANT12,2024-05-11,PICKER_033,"[2, 4, 5, 6, 12, 16, 20]",7,120.14,4.76,32,2,1,ASTAR,1
ROUTE_003822,PLANT01,2024-08-16,PICKER_033,"[2, 3, 6, 15, 24]",5,103.5,4.18,10,9,1,MANUAL,1
ROUTE_003823,PLANT15,2024-07-14,PICKER_043,"[2, 9, 11, 12, 23]",5,107.82,3.97,68,2,1,MANUAL,1
ROUTE_003824,PLANT19,2023-11-04,PICKER_045,"[7, 10, 18]",3,51.72,2.81,31,8,1,DIJKSTRA,0
ROUTE_003825,PLANT05,2023-07-04,PICKER_002,"[2, 3, 5, 6, 8, 9]",6,94.36,2.41,74,2,1,GREEDY,0
ROUTE_003826,PLANT05,2024-04-27,PICKER_014,"[2, 3, 4, 6, 7, 8, 9]",7,122.83,5.15,15,1,1,ASTAR,0
ROUTE_003827,PLANT16,2024-04-13,PICKER_038,"[1, 2, 4, 5, 6, 8, 9, 10, 11, 16]",10,196.37,6.68,6,5,1,MANUAL,0
ROUTE_003828,PLANT18,2024-02-04,PICKER_005,"[7, 8]",2,31.84,3.18,44,1,1,MANUAL,0
ROUTE_003829,PLANT14,2024-01-22,PICKER_044,"[8, 13, 29]",3,50.49,3.71,17,3,1,GREEDY,1
ROUTE_003830,PLANT02,2024-07-20,PICKER_033,"[1, 5]",2,33.23,1.58,15,3,1,GREEDY,1
ROUTE_003831,PLANT08,2024-04-07,PICKER_001,"[14, 19, 21, 22, 24, 26, 29]",7,100.6,2.57,79,4,1,DIJKSTRA,1
ROUTE_003832,PLANT08,2023-10-01,PICKER_001,"[7, 11, 12, 20, 28]",5,101.94,4.59,66,1,1,MANUAL,0
ROUTE_003833,PLANT12,2024-07-22,PICKER_004,"[8, 16, 20]",3,61.54,2.59,80,3,1,MANUAL,0
ROUTE_003834,PLANT18,2023-06-24,PICKER_002,"[2, 12, 13]",3,55.31,3.96,51,2,1,DIJKSTRA,0
ROUTE_003835,PLANT12,2023-06-18,PICKER_011,"[19, 21, 22]",3,56.5,3.9,46,1,1,GREEDY,1
ROUTE_003836,PLANT03,2023-05-04,PICKER_005,"[8, 10]",2,43.35,2.8,16,4,1,GREEDY,1
ROUTE_003837,PLANT12,2024-07-15,PICKER_016,"[3, 5, 10, 12, 13, 16, 21, 25]",8,127.63,4.9,43,5,1,ASTAR,1
ROUTE_003838,PLANT19,2024-11-08,PICKER_037,"[3, 6, 17]",3,41.12,2.27,43,2,1,DIJKSTRA,1
ROUTE_003839,PLANT03,2023-04-22,PICKER_047,"[1, 2, 3, 5, 6, 7, 8, 9, 11]",9,215.73,5.86,33,4,1,ASTAR,1
ROUTE_003840,PLANT15,2024-05-25,PICKER_050,"[5, 11, 15, 21, 24]",5,104.62,4.71,12,2,1,MANUAL,1
ROUTE_003841,PLANT02,2023-06-23,PICKER_044,"[2, 4, 5]",3,83.94,2.29,10,5,1,ASTAR,0
ROUTE_003842,PLANT04,2024-08-16,PICKER_018,"[7, 10, 20]",3,54.95,2.88,33,6,1,MANUAL,0
ROUTE_003843,PLANT08,2023-05-22,PICKER_024,"[1, 2, 13, 14, 15, 17, 19, 23, 27, 29]",10,137.47,5.26,70,7,1,ASTAR,0
ROUTE_003844,PLANT14,2023-01-27,PICKER_043,"[6, 9, 12, 20]",4,83.38,3.56,73,3,1,ASTAR,0
ROUTE_003845,PLANT17,2024-10-19,PICKER_014,"[3, 7, 14, 16, 17, 18, 20, 21, 24]",9,168.67,6.11,27,7,1,DIJKSTRA,1
ROUTE_003846,PLANT01,2024-05-26,PICKER_027,"[4, 5, 8, 9]",4,65.21,2.42,64,3,1,GREEDY,1
ROUTE_003847,PLANT15,2024-10-15,PICKER_024,"[3, 6, 7, 12, 20, 22, 23]",7,136.62,4.93,35,1,1,GREEDY,0
ROUTE_003848,PLANT02,2024-05-19,PICKER_021,"[1, 2, 4, 5, 6]",5,92.91,2.74,56,6,1,MANUAL,1
ROUTE_003849,PLANT16,2024-01-25,PICKER_035,"[1, 3, 4, 7, 8, 10, 13, 14, 15]",9,172.83,4.51,39,2,1,MANUAL,1
ROUTE_003850,PLANT08,2024-09-01,PICKER_035,"[4, 6, 7, 13, 16, 17, 18, 23]",8,107.78,3.43,47,7,1,DIJKSTRA,0
ROUTE_003851,PLANT18,2024-02-21,PICKER_047,"[1, 2, 3, 4, 7]",5,68.74,2.19,55,3,1,DIJKSTRA,1
ROUTE_003852,PLANT03,2023-11-28,PICKER_037,"[3, 4, 5, 6, 11]",5,90.92,2.92,66,2,1,MANUAL,0
ROUTE_003853,PLANT04,2024-09-23,PICKER_039,"[2, 3, 6, 9, 11, 13, 14, 15, 16, 17]",10,152.74,3.74,80,9,1,GREEDY,1
ROUTE_003854,PLANT05,2024-05-28,PICKER_019,"[1, 2, 3, 4, 6, 7, 9]",7,106.87,4.78,21,5,1,GREEDY,0
ROUTE_003855,PLANT17,2024-12-07,PICKER_010,"[3, 5, 9, 13, 16, 17, 21]",7,134.15,5.0,53,1,1,MANUAL,1
ROUTE_003856,PLANT16,2024-12-01,PICKER_002,"[4, 5, 6, 10, 11, 12, 13, 14, 15]",9,145.32,5.22,63,3,1,DIJKSTRA,1
ROUTE_003857,PLANT16,2023-04-29,PICKER_004,"[1, 2, 6, 9]",4,54.15,4.08,61,5,1,ASTAR,1
ROUTE_003858,PLANT09,2023-01-18,PICKER_040,"[1, 2, 3, 4, 5, 6, 7, 8, 9, 10]",10,176.0,6.43,51,4,1,DIJKSTRA,0
ROUTE_003859,PLANT14,2023-07-02,PICKER_047,"[2, 12, 13, 14, 18, 20, 25, 28]",8,181.48,5.93,65,10,1,GREEDY,0
ROUTE_003860,PLANT08,2023-07-18,PICKER_042,"[4, 6, 12, 18, 21, 22, 25, 26, 28, 29]",10,199.61,6.68,43,9,1,MANUAL,1
ROUTE_003861,PLANT04,2023-12-06,PICKER_023,"[3, 4, 6, 7, 9, 10, 15, 19]",8,155.74,5.04,60,2,1,GREEDY,0
ROUTE_003862,PLANT16,2023-06-02,PICKER_024,"[1, 2, 3, 6, 9, 10, 11, 12, 13, 16]",10,198.99,5.41,18,7,1,ASTAR,0
ROUTE_003863,PLANT07,2024-11-29,PICKER_031,"[1, 2, 6, 7, 10]",5,95.08,2.64,54,3,1,ASTAR,1
ROUTE_003864,PLANT17,2023-04-23,PICKER_015,"[7, 8, 13, 17, 24]",5,92.1,2.69,71,8,1,MANUAL,1
ROUTE_003865,PLANT01,2023-02-26,PICKER_039,"[3, 25]",2,21.78,2.37,68,3,1,MANUAL,0
ROUTE_003866,PLANT17,2023-07-12,PICKER_012,"[1, 2, 3, 5, 11, 12, 13, 14, 20, 24]",10,162.81,4.94,10,9,1,GREEDY,0
ROUTE_003867,PLANT17,2024-10-20,PICKER_040,"[4, 7, 15, 16, 17, 21, 23, 24]",8,130.0,3.24,12,6,1,MANUAL,0
ROUTE_003868,PLANT19,2023-12-22,PICKER_033,"[2, 15, 18, 22]",4,75.26,2.53,55,2,1,DIJKSTRA,1
ROUTE_003869,PLANT14,2023-02-19,PICKER_047,"[8, 13, 17, 19, 20, 23, 29]",7,112.3,5.21,8,9,1,MANUAL,1
ROUTE_003870,PLANT05,2024-04-30,PICKER_045,"[2, 7]",2,31.9,2.9,40,1,1,GREEDY,0
ROUTE_003871,PLANT08,2023-12-01,PICKER_025,"[5, 8, 9, 21, 22, 23, 24, 25, 27]",9,118.12,3.56,60,6,1,DIJKSTRA,0
ROUTE_003872,PLANT09,2024-01-27,PICKER_028,"[1, 2, 3, 5, 8, 9]",6,133.8,5.0,24,7,1,DIJKSTRA,0
ROUTE_003873,PLANT14,2024-05-14,PICKER_003,"[3, 11, 12, 14, 15, 18, 20, 22, 26]",9,140.48,5.14,44,4,1,DIJKSTRA,1
ROUTE_003874,PLANT15,2024-10-22,PICKER_021,"[5, 8, 9, 10, 12, 17, 23, 25]",8,116.73,4.45,77,9,1,DIJKSTRA,0
ROUTE_003875,PLANT06,2024-05-27,PICKER_018,"[1, 3, 5, 9, 15, 20, 26]",7,163.86,4.66,18,2,1,GREEDY,0
ROUTE_003876,PLANT07,2023-03-31,PICKER_017,"[1, 3, 4, 5, 6, 10, 11, 12]",8,157.23,3.99,55,3,1,GREEDY,1
ROUTE_003877,PLANT15,2024-08-11,PICKER_040,"[9, 14, 18, 19, 21, 24, 25]",7,108.88,4.88,54,8,1,ASTAR,0
ROUTE_003878,PLANT16,2024-12-05,PICKER_032,"[1, 4, 6, 8, 10, 11, 12, 14, 15, 16]",10,186.5,4.7,66,6,1,ASTAR,0
ROUTE_003879,PLANT03,2024-01-30,PICKER_003,"[1, 11]",2,43.89,3.35,44,3,1,GREEDY,1
ROUTE_003880,PLANT01,2023-04-14,PICKER_041,"[7, 9, 11, 12, 15, 18, 21, 24, 25]",9,164.23,5.02,25,2,1,ASTAR,1
ROUTE_003881,PLANT08,2023-08-12,PICKER_009,"[4, 5, 18, 21]",4,56.68,2.27,63,3,1,GREEDY,0
ROUTE_003882,PLANT20,2024-01-18,PICKER_028,"[1, 2, 3, 4, 5, 6, 7]",7,127.91,5.31,59,5,1,MANUAL,0
ROUTE_003883,PLANT10,2024-11-17,PICKER_015,"[6, 14, 16, 17, 19]",5,96.58,4.46,18,7,1,MANUAL,0
ROUTE_003884,PLANT02,2024-11-13,PICKER_004,"[1, 2, 4, 6]",4,70.69,2.83,56,7,1,ASTAR,0
ROUTE_003885,PLANT15,2024-10-16,PICKER_007,"[1, 13, 17]",3,33.71,1.75,51,8,1,MANUAL,0
ROUTE_003886,PLANT04,2024-06-13,PICKER_003,"[1, 10]",2,31.23,2.3,64,5,1,DIJKSTRA,1
ROUTE_003887,PLANT11,2023-02-07,PICKER_048,"[1, 2, 3, 4, 5]",5,93.79,3.27,64,10,1,ASTAR,1
ROUTE_003888,PLANT18,2023-02-20,PICKER_044,"[5, 6, 10, 11, 12]",5,68.56,2.43,43,5,1,ASTAR,0
ROUTE_003889,PLANT16,2024-06-19,PICKER_011,"[1, 4, 6, 7, 8, 9, 10, 11, 12, 15]",10,174.63,5.61,76,3,1,DIJKSTRA,0
ROUTE_003890,PLANT09,2024-08-01,PICKER_018,"[2, 7, 9, 10]",4,61.19,3.28,26,6,1,ASTAR,1
ROUTE_003891,PLANT10,2023-12-09,PICKER_050,"[2, 8, 15, 16]",4,81.79,3.91,67,1,1,DIJKSTRA,0
ROUTE_003892,PLANT04,2023-09-30,PICKER_026,"[1, 3, 8, 10, 11, 16, 17]",7,117.46,4.44,58,2,1,DIJKSTRA,1
ROUTE_003893,PLANT04,2024-03-02,PICKER_033,"[4, 7, 13, 15, 16, 19]",6,105.24,5.05,43,2,1,GREEDY,0
ROUTE_003894,PLANT17,2024-03-24,PICKER_012,"[1, 3, 15, 18, 19]",5,87.66,3.54,60,3,1,GREEDY,0
ROUTE_003895,PLANT10,2024-01-02,PICKER_030,"[3, 8, 12, 17]",4,68.5,2.99,12,5,1,MANUAL,0
ROUTE_003896,PLANT10,2023-11-11,PICKER_019,"[1, 2, 3, 5, 18, 19, 24]",7,110.75,4.52,16,6,1,GREEDY,0
ROUTE_003897,PLANT20,2024-07-29,PICKER_019,"[1, 2, 4, 5, 6, 7]",6,130.8,3.94,12,3,1,GREEDY,0
ROUTE_003898,PLANT06,2023-03-06,PICKER_044,"[8, 14, 22, 24]",4,62.47,3.63,19,5,1,ASTAR,0
ROUTE_003899,PLANT08,2023-06-24,PICKER_021,"[1, 5, 7, 10, 11, 12, 16, 17, 26]",9,161.27,6.22,20,2,1,GREEDY,0
ROUTE_003900,PLANT16,2024-11-08,PICKER_029,"[3, 4, 5, 7, 8, 11, 16]",7,106.82,4.93,45,2,1,DIJKSTRA,0
ROUTE_003901,PLANT09,2023-11-09,PICKER_001,"[1, 2, 3, 4, 5, 6, 7, 8, 9, 10]",10,110.81,3.57,41,4,1,MANUAL,1
ROUTE_003902,PLANT01,2023-01-07,PICKER_019,"[3, 5, 10, 12, 17, 18, 20]",7,112.95,4.55,12,1,1,DIJKSTRA,1
ROUTE_003903,PLANT14,2023-03-04,PICKER_012,"[5, 8, 12, 28]",4,82.61,2.74,26,2,1,GREEDY,0
ROUTE_003904,PLANT10,2023-06-18,PICKER_041,"[2, 3, 10, 12, 13, 16, 18, 20, 21, 22]",10,186.11,4.93,8,8,1,DIJKSTRA,0
ROUTE_003905,PLANT15,2023-10-19,PICKER_035,"[10, 18, 20, 22]",4,90.39,3.17,24,1,1,GREEDY,0
ROUTE_003906,PLANT05,2023-05-09,PICKER_046,"[1, 2, 3, 4, 5, 6, 7, 8, 9]",9,157.67,4.63,22,7,1,GREEDY,0
ROUTE_003907,PLANT10,2024-05-26,PICKER_048,"[1, 2, 4, 5, 6, 15, 16, 17, 21, 24]",10,172.56,4.57,41,9,1,GREEDY,1
ROUTE_003908,PLANT12,2024-07-28,PICKER_043,"[8, 9, 15, 16, 23]",5,113.57,4.81,55,2,1,MANUAL,1
ROUTE_003909,PLANT15,2023-12-16,PICKER_017,"[9, 17, 19, 20, 21]",5,85.48,3.46,19,3,1,GREEDY,1
ROUTE_003910,PLANT12,2024-06-07,PICKER_033,"[4, 5, 6, 10, 12, 15, 18, 19, 24]",9,129.35,3.77,51,9,1,GREEDY,1
ROUTE_003911,PLANT13,2024-09-16,PICKER_041,"[1, 4, 5, 6, 9]",5,104.31,3.21,54,2,1,GREEDY,0
ROUTE_003912,PLANT12,2023-04-19,PICKER_022,"[2, 3, 5, 6, 10, 17, 22, 24]",8,160.8,4.24,27,2,1,MANUAL,1
ROUTE_003913,PLANT11,2023-10-20,PICKER_004,"[1, 2, 3, 4, 5]",5,110.81,4.76,53,4,1,DIJKSTRA,0
ROUTE_003914,PLANT05,2023-05-21,PICKER_033,"[1, 2, 3, 4, 5, 6, 7, 8, 9]",9,148.52,4.5,37,6,1,GREEDY,0
ROUTE_003915,PLANT12,2023-08-16,PICKER_029,"[10, 13, 14, 16]",4,72.38,2.39,39,7,1,MANUAL,1
ROUTE_003916,PLANT06,2023-09-03,PICKER_015,"[3, 11, 14, 16, 17, 22, 23, 25, 26]",9,151.92,4.73,17,2,1,ASTAR,1
ROUTE_003917,PLANT19,2023-10-15,PICKER_036,"[7, 8, 13]",3,31.34,1.91,40,1,1,ASTAR,0
ROUTE_003918,PLANT14,2024-06-18,PICKER_041,"[3, 5, 6, 8, 12, 16, 18, 19, 22, 26]",10,226.64,5.69,51,4,1,DIJKSTRA,0
ROUTE_003919,PLANT08,2023-04-06,PICKER_010,"[4, 8, 10, 14, 18, 20, 21, 25, 28, 29]",10,150.0,3.74,24,1,1,DIJKSTRA,1
ROUTE_003920,PLANT08,2023-06-23,PICKER_023,"[5, 13]",2,35.71,3.04,35,7,1,DIJKSTRA,0
ROUTE_003921,PLANT03,2024-07-27,PICKER_048,"[1, 2, 3, 4, 6, 8, 9, 11]",8,128.05,4.67,49,9,1,ASTAR,1
ROUTE_003922,PLANT13,2024-11-12,PICKER_012,"[1, 2, 3, 4, 5, 6, 7, 8, 9, 10]",10,169.73,4.96,28,1,1,DIJKSTRA,0
ROUTE_003923,PLANT06,2023-03-30,PICKER_002,"[3, 17, 27]",3,57.01,2.16,49,9,1,DIJKSTRA,0
ROUTE_003924,PLANT19,2024-10-22,PICKER_027,"[4, 6, 12, 13]",4,73.67,2.72,9,2,1,GREEDY,1
ROUTE_003925,PLANT12,2023-09-18,PICKER_002,"[1, 4, 7, 9, 10, 11, 13, 14, 18]",9,103.12,3.98,71,1,1,DIJKSTRA,0
ROUTE_003926,PLANT17,2024-12-23,PICKER_005,"[4, 12, 20]",3,29.63,1.3,32,2,1,MANUAL,1
ROUTE_003927,PLANT11,2023-06-15,PICKER_029,"[1, 2, 4, 5]",4,88.15,4.72,26,2,1,ASTAR,1
ROUTE_003928,PLANT07,2023-09-09,PICKER_028,"[5, 6]",2,17.55,2.67,49,9,1,DIJKSTRA,1
ROUTE_003929,PLANT03,2023-04-20,PICKER_032,"[1, 2, 4, 8, 9, 11]",6,124.54,5.01,49,9,1,MANUAL,0
ROUTE_003930,PLANT11,2024-08-30,PICKER_030,"[3, 5]",2,32.05,1.89,26,4,1,ASTAR,1
ROUTE_003931,PLANT18,2024-04-16,PICKER_013,"[2, 3, 7, 12, 16]",5,86.31,3.08,74,9,1,MANUAL,1
ROUTE_003932,PLANT11,2023-06-17,PICKER_003,"[1, 2, 3, 4, 5]",5,78.93,2.8,16,2,1,GREEDY,1
ROUTE_003933,PLANT12,2023-08-13,PICKER_019,"[13, 22]",2,57.06,3.68,73,9,1,DIJKSTRA,1
ROUTE_003934,PLANT16,2023-12-30,PICKER_022,"[4, 7, 16]",3,32.86,1.86,32,1,1,MANUAL,1
ROUTE_003935,PLANT09,2023-09-24,PICKER_010,"[2, 3, 4, 5, 6, 8, 9, 10]",8,119.06,5.01,61,4,1,ASTAR,0
ROUTE_003936,PLANT13,2023-07-04,PICKER_004,"[3, 6]",2,54.25,2.69,57,5,1,ASTAR,1
ROUTE_003937,PLANT17,2023-10-29,PICKER_043,"[2, 10, 12, 15, 17, 19, 20, 23, 24]",9,190.19,4.92,62,8,1,GREEDY,1
ROUTE_003938,PLANT18,2024-03-10,PICKER_044,"[2, 7, 8, 9, 10, 11, 14]",7,152.2,5.43,17,9,1,DIJKSTRA,1
ROUTE_003939,PLANT01,2024-10-26,PICKER_031,"[7, 9, 22]",3,72.02,4.21,13,4,1,ASTAR,0
ROUTE_003940,PLANT17,2024-08-04,PICKER_049,"[6, 17, 22]",3,41.53,1.56,49,6,1,ASTAR,1
ROUTE_003941,PLANT20,2023-01-13,PICKER_050,"[2, 5, 7]",3,36.44,1.74,19,6,1,DIJKSTRA,1
ROUTE_003942,PLANT16,2023-06-27,PICKER_026,"[1, 3, 4, 5, 6, 8, 9, 12, 13, 15]",10,215.61,6.57,35,1,1,MANUAL,0
ROUTE_003943,PLANT07,2023-01-23,PICKER_042,"[1, 7, 8, 10]",4,89.66,3.23,78,5,1,GREEDY,1
ROUTE_003944,PLANT04,2023-11-01,PICKER_039,"[1, 6, 7, 8, 9, 14, 17, 18, 19]",9,186.6,5.54,20,2,1,DIJKSTRA,0
ROUTE_003945,PLANT11,2023-10-17,PICKER_025,"[4, 5]",2,42.84,2.36,71,3,1,ASTAR,0
ROUTE_003946,PLANT19,2024-12-19,PICKER_036,"[5, 6, 7, 12, 13, 14, 15, 19, 20]",9,144.75,4.68,56,4,1,MANUAL,0
ROUTE_003947,PLANT14,2023-05-30,PICKER_020,"[5, 27]",2,37.0,3.48,77,1,1,ASTAR,0
ROUTE_003948,PLANT18,2023-07-19,PICKER_044,"[1, 8, 9, 10, 11, 14]",6,98.83,4.23,32,7,1,MANUAL,1
ROUTE_003949,PLANT08,2023-10-31,PICKER_004,"[1, 3, 12, 14, 22]",5,59.76,1.86,60,10,1,MANUAL,0
ROUTE_003950,PLANT18,2024-09-02,PICKER_002,"[2, 7, 9, 12]",4,73.46,3.6,80,8,1,ASTAR,1
ROUTE_003951,PLANT14,2023-09-11,PICKER_048,"[6, 7, 14, 15, 19, 23, 28, 29]",8,158.17,4.92,35,8,1,GREEDY,0
ROUTE_003952,PLANT02,2023-10-30,PICKER_043,"[1, 2, 3, 4, 5, 6]",6,81.63,3.91,24,1,1,GREEDY,0
ROUTE_003953,PLANT07,2024-04-03,PICKER_017,"[1, 2, 5, 6, 7, 8, 9, 10, 11, 12]",10,171.64,4.26,36,2,1,GREEDY,0
ROUTE_003954,PLANT10,2024-01-21,PICKER_049,"[1, 2, 4, 7, 10, 13, 16, 17, 18, 22]",10,195.46,6.05,63,2,1,DIJKSTRA,1
ROUTE_003955,PLANT03,2023-02-22,PICKER_014,"[4, 6, 7, 8, 9, 10, 11]",7,119.66,3.48,64,6,1,ASTAR,0
ROUTE_003956,PLANT08,2023-06-23,PICKER_015,"[7, 8, 9, 15, 16, 18, 19, 20, 29]",9,126.07,3.56,53,9,1,MANUAL,0
ROUTE_003957,PLANT19,2024-01-14,PICKER_037,"[1, 7, 8, 9, 10, 16, 20]",7,120.01,4.87,68,8,1,GREEDY,0
ROUTE_003958,PLANT08,2023-05-30,PICKER_025,"[1, 2, 26]",3,69.8,2.03,13,10,1,DIJKSTRA,0
ROUTE_003959,PLANT06,2023-08-12,PICKER_027,"[5, 13]",2,35.7,2.1,7,2,1,ASTAR,1
ROUTE_003960,PLANT07,2024-07-21,PICKER_004,"[1, 2, 3, 6, 7, 8, 11]",7,117.45,2.94,27,2,1,DIJKSTRA,1
ROUTE_003961,PLANT08,2023-02-18,PICKER_028,"[1, 2, 3, 7, 8, 14, 15, 17, 22]",9,119.61,5.08,41,5,1,ASTAR,1
ROUTE_003962,PLANT13,2023-01-04,PICKER_014,"[1, 3, 5, 6, 7, 8, 9]",7,109.96,3.06,75,3,1,ASTAR,1
ROUTE_003963,PLANT06,2023-08-01,PICKER_020,"[3, 7, 11, 19, 22, 25]",6,66.46,3.17,40,9,1,GREEDY,1
ROUTE_003964,PLANT07,2023-12-04,PICKER_001,"[4, 7, 8, 9]",4,52.94,3.96,58,2,1,MANUAL,0
ROUTE_003965,PLANT02,2024-07-23,PICKER_019,"[1, 2, 3, 4, 5, 6]",6,132.19,5.33,30,7,1,GREEDY,1
ROUTE_003966,PLANT10,2023-01-19,PICKER_012,"[1, 2]",2,36.03,1.23,57,6,1,GREEDY,1
ROUTE_003967,PLANT18,2024-01-21,PICKER_049,"[2, 3, 4, 5, 8, 9, 10, 11, 14, 16]",10,169.45,5.78,66,10,1,GREEDY,0
ROUTE_003968,PLANT04,2023-02-02,PICKER_008,"[1, 4, 9, 13, 15]",5,53.0,2.84,27,5,1,ASTAR,0
ROUTE_003969,PLANT18,2023-02-13,PICKER_036,"[1, 2, 3, 5, 6, 7, 9, 10, 11, 14]",10,179.94,4.84,21,8,1,MANUAL,0
ROUTE_003970,PLANT14,2024-11-15,PICKER_046,"[4, 6, 8, 11, 13, 16, 18, 20]",8,124.25,4.04,80,5,1,DIJKSTRA,0
ROUTE_003971,PLANT08,2024-03-10,PICKER_013,"[3, 7, 25]",3,64.19,3.04,63,4,1,MANUAL,1
ROUTE_003972,PLANT13,2024-08-01,PICKER_037,"[2, 3, 5, 6, 7, 8]",6,84.46,3.9,7,5,1,GREEDY,0
ROUTE_003973,PLANT05,2023-07-03,PICKER_050,"[1, 3, 4, 5, 8, 9]",6,95.56,2.98,51,2,1,GREEDY,0
ROUTE_003974,PLANT20,2023-12-02,PICKER_007,"[1, 2, 3, 7]",4,71.04,4.31,42,3,1,ASTAR,0
ROUTE_003975,PLANT10,2024-12-02,PICKER_004,"[5, 8, 22]",3,39.48,3.02,8,7,1,GREEDY,0
ROUTE_003976,PLANT10,2024-12-14,PICKER_039,"[3, 10, 13, 17, 18, 19, 21, 22, 24]",9,140.6,5.79,6,2,1,MANUAL,0
ROUTE_003977,PLANT14,2024-09-29,PICKER_038,"[4, 24]",2,53.34,3.19,41,10,1,MANUAL,0
ROUTE_003978,PLANT02,2023-02-25,PICKER_006,"[1, 3, 4, 5, 6]",5,70.67,2.15,13,1,1,ASTAR,0
ROUTE_003979,PLANT04,2023-11-08,PICKER_032,"[5, 8]",2,21.71,1.11,17,9,1,MANUAL,0
ROUTE_003980,PLANT08,2024-11-05,PICKER_012,"[4, 13, 16, 17, 23, 27]",6,61.67,2.79,16,3,1,MANUAL,1
ROUTE_003981,PLANT10,2023-11-15,PICKER_017,"[1, 5, 7, 9, 12, 13, 19, 20, 22]",9,142.13,5.18,74,8,1,GREEDY,1
ROUTE_003982,PLANT08,2023-07-12,PICKER_013,"[2, 5, 6, 8, 19, 25]",6,126.69,3.16,75,7,1,ASTAR,1
ROUTE_003983,PLANT04,2024-12-24,PICKER_019,"[1, 5, 18, 20]",4,62.4,4.09,75,7,1,ASTAR,1
ROUTE_003984,PLANT07,2023-03-04,PICKER_018,"[1, 2, 3, 5, 6, 8, 9, 10, 11, 12]",10,175.32,5.81,22,8,1,MANUAL,0
ROUTE_003985,PLANT12,2024-12-20,PICKER_001,"[6, 15]",2,45.16,2.39,45,2,1,GREEDY,1
ROUTE_003986,PLANT08,2024-12-06,PICKER_034,"[2, 7, 13, 14, 16, 22, 26, 28]",8,134.47,3.97,28,1,1,DIJKSTRA,0
ROUTE_003987,PLANT05,2023-09-27,PICKER_001,"[1, 3, 4, 7, 8]",5,116.46,3.82,54,2,1,DIJKSTRA,1
ROUTE_003988,PLANT12,2023-05-31,PICKER_035,"[1, 10, 16, 18, 19, 20, 21, 22, 23, 25]",10,158.7,5.46,19,6,1,ASTAR,0
ROUTE_003989,PLANT17,2024-08-28,PICKER_018,"[11, 17, 19, 21]",4,65.89,2.4,6,6,1,GREEDY,0
ROUTE_003990,PLANT03,2024-07-03,PICKER_005,"[1, 4, 5, 7, 8, 10, 11]",7,110.38,4.91,26,6,1,ASTAR,0
ROUTE_003991,PLANT01,2024-10-25,PICKER_022,"[1, 4, 6, 7, 10, 13, 14, 17, 23, 25]",10,175.19,5.99,55,1,1,ASTAR,1
ROUTE_003992,PLANT08,2024-05-11,PICKER_040,"[16, 23]",2,37.47,2.87,75,9,1,ASTAR,1
ROUTE_003993,PLANT05,2024-05-27,PICKER_015,"[1, 3, 4, 5, 6, 8, 9]",7,90.45,3.82,78,8,1,GREEDY,0
ROUTE_003994,PLANT19,2024-06-21,PICKER_014,"[1, 5, 11, 14, 17]",5,95.8,4.33,77,9,1,MANUAL,0
ROUTE_003995,PLANT05,2023-03-31,PICKER_006,"[1, 2, 3, 4, 5, 6, 7, 8, 9]",9,130.93,5.46,23,8,1,MANUAL,1
ROUTE_003996,PLANT19,2023-11-26,PICKER_017,"[9, 14]",2,41.18,3.63,58,6,1,DIJKSTRA,1
ROUTE_003997,PLANT16,2023-06-08,PICKER_007,"[3, 4]",2,15.67,2.3,12,3,1,MANUAL,0
ROUTE_003998,PLANT06,2024-07-11,PICKER_038,"[7, 9, 11, 16, 19, 23, 27, 28]",8,138.67,3.42,31,10,1,ASTAR,0
ROUTE_003999,PLANT12,2024-04-09,PICKER_013,"[6, 11, 17, 23]",4,85.36,3.17,28,6,1,GREEDY,0
ROUTE_004000,PLANT05,2024-08-31,PICKER_044,"[1, 2, 3, 5, 6, 8, 9]",7,107.8,4.86,40,4,1,MANUAL,1
ROUTE_004001,PLANT11,2024-08-21,PICKER_012,"[1, 2, 3, 5]",4,45.98,3.58,77,5,1,GREEDY,1
ROUTE_004002,PLANT19,2023-09-15,PICKER_016,"[1, 2, 8, 10, 12, 18, 19, 20]",8,116.49,4.83,25,2,1,MANUAL,1
ROUTE_004003,PLANT08,2024-10-23,PICKER_042,"[3, 6, 7, 14, 16, 17, 19, 22, 23, 27]",10,163.23,5.19,64,7,1,ASTAR,0
ROUTE_004004,PLANT20,2024-08-23,PICKER_029,"[2, 6]",2,38.32,3.22,69,6,1,MANUAL,1
ROUTE_004005,PLANT18,2023-08-12,PICKER_048,"[7, 8]",2,34.6,3.1,56,3,1,MANUAL,0
ROUTE_004006,PLANT19,2023-02-17,PICKER_021,"[5, 6, 7, 9, 12, 13, 22]",7,95.41,3.26,42,3,1,MANUAL,0
ROUTE_004007,PLANT13,2024-08-02,PICKER_007,"[3, 5, 7, 9]",4,49.52,2.0,67,6,1,GREEDY,1
ROUTE_004008,PLANT12,2023-02-04,PICKER_040,"[1, 8, 16]",3,33.45,3.28,75,9,1,DIJKSTRA,1
ROUTE_004009,PLANT08,2023-06-30,PICKER_025,"[1, 3, 4, 5, 6, 14, 16, 17, 19, 20]",10,154.25,5.61,10,8,1,DIJKSTRA,1
ROUTE_004010,PLANT11,2023-11-09,PICKER_003,"[1, 2, 3, 4, 5]",5,96.62,4.72,64,7,1,DIJKSTRA,0
ROUTE_004011,PLANT17,2024-11-05,PICKER_009,"[2, 7, 15]",3,66.66,4.32,14,4,1,MANUAL,0
ROUTE_004012,PLANT12,2024-08-15,PICKER_038,"[4, 9, 10, 11, 12, 13, 17, 23, 25]",9,165.61,4.21,55,4,1,ASTAR,1
ROUTE_004013,PLANT03,2023-01-15,PICKER_048,"[5, 8, 9, 11]",4,58.29,1.94,22,5,1,DIJKSTRA,1
ROUTE_004014,PLANT08,2023-12-10,PICKER_021,"[1, 4, 6, 7, 12, 15, 24, 25]",8,166.05,5.34,57,10,1,DIJKSTRA,0
ROUTE_004015,PLANT15,2024-03-19,PICKER_009,"[1, 2, 9, 14, 20, 22, 23, 24]",8,133.94,5.45,65,3,1,ASTAR,1
ROUTE_004016,PLANT13,2023-04-25,PICKER_010,"[2, 3, 6, 7]",4,83.52,2.79,53,8,1,ASTAR,0
ROUTE_004017,PLANT11,2023-03-20,PICKER_032,"[1, 2, 3, 4, 5]",5,68.68,3.69,61,4,1,GREEDY,1
ROUTE_004018,PLANT05,2023-04-06,PICKER_014,"[1, 2, 5, 6, 7, 8, 9]",7,110.04,3.57,50,3,1,DIJKSTRA,0
ROUTE_004019,PLANT16,2024-09-21,PICKER_029,"[5, 7, 8, 10, 11, 12, 13, 15, 16]",9,105.34,3.96,16,3,1,ASTAR,1
ROUTE_004020,PLANT07,2023-09-06,PICKER_035,"[2, 4, 10, 11]",4,61.48,3.53,9,6,1,MANUAL,1
ROUTE_004021,PLANT19,2024-01-05,PICKER_032,"[10, 15, 16, 17, 18, 19]",6,114.42,4.19,49,3,1,ASTAR,1
ROUTE_004022,PLANT16,2023-04-07,PICKER_017,"[7, 8, 10, 11, 12, 15]",6,94.13,2.57,25,8,1,GREEDY,1
ROUTE_004023,PLANT10,2024-09-15,PICKER_020,"[3, 5, 6, 7, 8, 9, 13, 15, 18, 20]",10,195.82,6.83,11,9,1,MANUAL,0
ROUTE_004024,PLANT02,2023-07-23,PICKER_021,"[1, 3, 4, 5, 6]",5,64.85,2.41,71,7,1,ASTAR,1
ROUTE_004025,PLANT01,2023-03-26,PICKER_036,"[2, 10, 18, 19, 22, 25]",6,68.53,2.81,55,8,1,MANUAL,0
ROUTE_004026,PLANT20,2024-06-15,PICKER_023,"[1, 2, 3, 4, 5, 6, 7]",7,118.53,3.49,48,5,1,MANUAL,1
ROUTE_004027,PLANT10,2024-04-13,PICKER_008,"[2, 3, 10, 11, 13, 24]",6,105.39,2.83,52,6,1,ASTAR,1
ROUTE_004028,PLANT07,2023-03-19,PICKER_001,"[4, 10]",2,40.92,2.72,26,6,1,MANUAL,0
ROUTE_004029,PLANT10,2024-08-27,PICKER_043,"[4, 7, 22]",3,60.69,3.29,31,4,1,DIJKSTRA,0
ROUTE_004030,PLANT05,2023-12-11,PICKER_041,"[1, 6, 7, 8, 9]",5,85.74,2.85,56,4,1,DIJKSTRA,0
ROUTE_004031,PLANT01,2023-11-11,PICKER_012,"[1, 5, 6, 12, 15, 16, 17]",7,136.44,3.69,23,7,1,DIJKSTRA,0
ROUTE_004032,PLANT05,2023-03-04,PICKER_037,"[1, 4, 5, 6, 7, 8, 9]",7,96.46,4.48,71,8,1,DIJKSTRA,1
ROUTE_004033,PLANT15,2023-05-13,PICKER_025,"[7, 9]",2,38.81,1.44,8,9,1,MANUAL,1
ROUTE_004034,PLANT03,2024-04-19,PICKER_001,"[1, 2, 4, 5, 6, 7, 8, 9, 10, 11]",10,152.12,4.84,67,10,1,DIJKSTRA,1
ROUTE_004035,PLANT01,2023-11-14,PICKER_048,"[7, 21]",2,46.99,3.89,74,7,1,ASTAR,0
ROUTE_004036,PLANT07,2023-09-08,PICKER_013,"[1, 2, 4, 5, 7, 8, 9, 11, 12]",9,147.06,5.17,74,2,1,ASTAR,0
ROUTE_004037,PLANT17,2023-02-28,PICKER_008,"[4, 10, 12, 13, 15, 17, 18]",7,80.67,2.16,57,1,1,MANUAL,1
ROUTE_004038,PLANT14,2024-02-12,PICKER_001,"[1, 8, 9, 18]",4,80.29,4.02,35,7,1,DIJKSTRA,0
ROUTE_004039,PLANT08,2023-06-10,PICKER_012,"[1, 3, 13, 14, 15, 18, 19, 27]",8,132.44,3.2,16,9,1,MANUAL,1
ROUTE_004040,PLANT13,2024-09-07,PICKER_041,"[1, 3, 5, 7, 9, 10]",6,114.55,4.35,24,4,1,MANUAL,1
ROUTE_004041,PLANT14,2023-03-09,PICKER_015,"[1, 5, 22]",3,29.35,2.34,73,7,1,DIJKSTRA,0
ROUTE_004042,PLANT14,2024-07-15,PICKER_006,"[18, 21]",2,32.7,2.64,33,9,1,DIJKSTRA,0
ROUTE_004043,PLANT04,2023-03-14,PICKER_050,"[2, 3, 7, 10, 11, 14, 17, 19]",8,175.32,6.0,74,9,1,DIJKSTRA,0
ROUTE_004044,PLANT09,2023-06-04,PICKER_020,"[1, 4, 5, 6, 7, 9, 10]",7,108.82,3.07,18,6,1,DIJKSTRA,0
ROUTE_004045,PLANT09,2024-01-16,PICKER_014,"[1, 2, 3, 4, 5, 6, 7, 8, 9, 10]",10,160.1,5.89,54,3,1,MANUAL,0
ROUTE_004046,PLANT15,2023-05-10,PICKER_002,"[2, 17, 22, 25]",4,58.95,2.57,42,7,1,ASTAR,1
ROUTE_004047,PLANT12,2023-07-17,PICKER_045,"[1, 2, 8, 9, 10, 17, 19, 21, 22]",9,158.12,5.89,63,1,1,GREEDY,1
ROUTE_004048,PLANT02,2024-06-14,PICKER_024,"[2, 5]",2,32.86,2.65,55,3,1,MANUAL,1
ROUTE_004049,PLANT05,2023-06-26,PICKER_013,"[1, 2, 3, 4, 5, 6, 7, 8, 9]",9,138.49,5.18,58,4,1,MANUAL,0
ROUTE_004050,PLANT18,2023-01-25,PICKER_044,"[1, 3, 5, 8, 13, 15]",6,100.5,4.96,41,1,1,GREEDY,1
ROUTE_004051,PLANT13,2023-09-02,PICKER_034,"[1, 4, 5, 6, 7]",5,82.87,4.63,61,5,1,DIJKSTRA,1
ROUTE_004052,PLANT03,2023-03-28,PICKER_022,"[2, 3, 4, 5, 6, 8, 9, 10, 11]",9,180.08,4.76,75,2,1,GREEDY,1
ROUTE_004053,PLANT04,2024-08-11,PICKER_049,"[1, 2, 3, 6, 7, 9, 10, 15, 18, 20]",10,194.26,5.13,21,2,1,GREEDY,1
ROUTE_004054,PLANT08,2024-02-04,PICKER_040,"[3, 10, 14, 19, 24, 27]",6,128.79,4.47,61,1,1,DIJKSTRA,0
ROUTE_004055,PLANT09,2023-11-29,PICKER_015,"[1, 2, 4, 5, 7, 8, 9, 10]",8,137.58,5.1,64,2,1,GREEDY,1
ROUTE_004056,PLANT05,2023-10-31,PICKER_046,"[1, 2, 3, 4, 5, 8]",6,65.28,2.18,20,8,1,GREEDY,0
ROUTE_004057,PLANT19,2023-05-07,PICKER_016,"[5, 12, 17]",3,82.96,3.97,76,9,1,GREEDY,1
ROUTE_004058,PLANT20,2024-03-09,PICKER_024,"[1, 2, 4, 5, 6]",5,77.49,2.69,80,5,1,ASTAR,1
ROUTE_004059,PLANT16,2024-08-23,PICKER_043,"[2, 4, 6, 7, 11, 12, 13, 15, 16]",9,154.65,6.05,43,5,1,ASTAR,0
ROUTE_004060,PLANT17,2024-10-25,PICKER_032,"[6, 8, 10, 12, 15, 16, 19, 22, 23, 24]",10,176.97,6.37,11,8,1,DIJKSTRA,1
ROUTE_004061,PLANT09,2024-08-27,PICKER_012,"[1, 2, 6, 7, 8, 9]",6,82.8,3.33,21,5,1,ASTAR,1
ROUTE_004062,PLANT19,2024-01-08,PICKER_019,"[6, 8, 13, 14, 16, 20]",6,93.45,3.89,75,6,1,GREEDY,1
ROUTE_004063,PLANT01,2024-01-14,PICKER_038,"[1, 5, 8, 13, 14, 18, 20, 22, 25]",9,137.55,4.79,14,3,1,GREEDY,0
ROUTE_004064,PLANT12,2023-05-23,PICKER_017,"[13, 17, 22, 23]",4,42.51,3.36,7,4,1,GREEDY,0
ROUTE_004065,PLANT09,2024-08-15,PICKER_003,"[1, 2, 3, 5, 6, 7, 8, 10]",8,135.19,5.1,18,3,1,DIJKSTRA,0
ROUTE_004066,PLANT01,2023-01-29,PICKER_010,"[4, 6, 10, 11, 12, 13, 18, 21, 23, 25]",10,184.53,5.54,78,3,1,ASTAR,0
ROUTE_004067,PLANT07,2023-02-01,PICKER_050,"[4, 7, 8, 9, 10, 11, 12]",7,153.68,4.32,15,5,1,ASTAR,1
ROUTE_004068,PLANT04,2024-05-07,PICKER_050,"[4, 5, 6, 9, 12, 13, 14, 16, 20]",9,182.19,5.67,44,8,1,ASTAR,0
ROUTE_004069,PLANT19,2023-11-04,PICKER_031,"[1, 4, 6, 7, 13, 15, 17]",7,149.59,4.91,46,1,1,GREEDY,0
ROUTE_004070,PLANT01,2023-01-05,PICKER_042,"[1, 5, 6, 12, 15, 17, 21, 24]",8,134.9,4.66,77,2,1,MANUAL,1
ROUTE_004071,PLANT19,2023-01-05,PICKER_004,"[4, 7, 10, 17, 18, 19, 23]",7,98.33,4.46,57,9,1,ASTAR,1
ROUTE_004072,PLANT07,2024-05-10,PICKER_023,"[3, 5, 6, 9, 11]",5,111.06,3.53,43,4,1,MANUAL,1
ROUTE_004073,PLANT20,2023-06-30,PICKER_010,"[1, 2, 4, 6, 7]",5,80.62,4.48,21,8,1,MANUAL,1
ROUTE_004074,PLANT12,2023-02-28,PICKER_040,"[5, 6, 11, 14, 18, 19, 20, 21]",8,125.65,4.43,18,9,1,DIJKSTRA,1
ROUTE_004075,PLANT17,2023-02-05,PICKER_017,"[6, 17, 24]",3,34.54,1.22,8,9,1,ASTAR,1
ROUTE_004076,PLANT14,2023-08-14,PICKER_029,"[3, 4, 10, 14, 20, 24, 25, 28]",8,140.98,5.46,43,7,1,GREEDY,0
ROUTE_004077,PLANT14,2024-08-07,PICKER_018,"[2, 5, 7, 15, 19, 21, 22, 24]",8,127.93,4.52,45,6,1,MANUAL,0
ROUTE_004078,PLANT11,2023-03-21,PICKER_031,"[2, 5]",2,19.89,2.37,71,5,1,DIJKSTRA,0
ROUTE_004079,PLANT03,2024-07-16,PICKER_028,"[1, 2, 4, 6, 7, 9, 10]",7,116.93,4.49,59,7,1,MANUAL,0
ROUTE_004080,PLANT04,2023-10-03,PICKER_049,"[4, 5, 8, 10, 12, 14, 16, 17, 18]",9,141.81,4.88,53,10,1,GREEDY,0
ROUTE_004081,PLANT15,2024-10-14,PICKER_036,"[15, 18, 20]",3,44.19,3.82,78,3,1,DIJKSTRA,1
ROUTE_004082,PLANT17,2023-12-02,PICKER_028,"[2, 5, 10, 11, 12, 17, 18]",7,108.48,4.72,54,1,1,ASTAR,1
ROUTE_004083,PLANT04,2024-11-06,PICKER_016,"[5, 17, 19]",3,38.28,2.54,26,2,1,ASTAR,1
ROUTE_004084,PLANT09,2024-01-21,PICKER_042,"[1, 2, 4, 6, 9, 10]",6,100.96,4.38,47,1,1,ASTAR,1
ROUTE_004085,PLANT11,2024-02-04,PICKER_008,"[1, 3, 4]",3,85.38,3.26,5,1,1,DIJKSTRA,1
ROUTE_004086,PLANT02,2024-12-02,PICKER_032,"[2, 4, 5]",3,21.08,1.27,41,1,1,DIJKSTRA,1
ROUTE_004087,PLANT10,2023-07-29,PICKER_021,"[1, 4, 5, 7, 10, 16, 24]",7,108.39,2.87,32,1,1,MANUAL,0
ROUTE_004088,PLANT04,2024-04-09,PICKER_030,"[2, 9, 11, 17, 18, 19]",6,102.44,3.93,67,6,1,ASTAR,1
ROUTE_004089,PLANT20,2024-01-04,PICKER_033,"[4, 7]",2,39.36,2.05,34,6,1,DIJKSTRA,0
ROUTE_004090,PLANT06,2023-03-09,PICKER_037,"[2, 18, 28]",3,46.27,1.44,9,10,1,MANUAL,0
ROUTE_004091,PLANT20,2023-03-31,PICKER_033,"[1, 2, 3, 5, 6, 7]",6,85.86,4.38,62,9,1,MANUAL,1
ROUTE_004092,PLANT18,2023-07-10,PICKER_044,"[3, 4, 7, 8, 9, 10, 12, 13, 14, 15]",10,228.35,5.75,65,2,1,DIJKSTRA,1
ROUTE_004093,PLANT13,2023-02-09,PICKER_046,"[4, 6, 8, 10]",4,50.21,3.65,44,3,1,MANUAL,0
ROUTE_004094,PLANT06,2023-04-21,PICKER_043,"[4, 10, 18, 23]",4,60.6,2.8,16,3,1,ASTAR,0
ROUTE_004095,PLANT04,2024-05-03,PICKER_027,"[4, 5, 9, 12, 19]",5,68.99,2.31,80,6,1,DIJKSTRA,0
ROUTE_004096,PLANT02,2024-04-27,PICKER_027,"[1, 2, 3, 5, 6]",5,96.17,3.15,41,5,1,DIJKSTRA,1
ROUTE_004097,PLANT04,2023-04-28,PICKER_047,"[3, 20]",2,32.25,3.58,57,3,1,ASTAR,1
ROUTE_004098,PLANT05,2023-08-20,PICKER_031,"[1, 2, 4, 5, 6, 7, 8, 9]",8,140.54,5.53,53,10,1,GREEDY,1
ROUTE_004099,PLANT15,2023-05-16,PICKER_023,"[4, 24]",2,29.8,2.43,59,4,1,MANUAL,1
ROUTE_004100,PLANT19,2023-11-14,PICKER_016,"[1, 2, 4, 6, 12, 14, 19, 20, 22]",9,146.83,4.88,27,10,1,DIJKSTRA,1
ROUTE_004101,PLANT13,2023-10-06,PICKER_014,"[2, 3, 4, 5, 6, 7, 8, 9]",8,187.38,6.44,56,10,1,DIJKSTRA,1
ROUTE_004102,PLANT06,2023-04-17,PICKER_039,"[2, 22]",2,16.66,3.32,5,9,1,GREEDY,0
ROUTE_004103,PLANT14,2023-01-15,PICKER_017,"[10, 13, 15, 17, 22, 23]",6,82.74,4.28,13,9,1,MANUAL,0
ROUTE_004104,PLANT09,2024-03-01,PICKER_016,"[1, 4, 8, 10]",4,62.49,2.16,19,9,1,GREEDY,1
ROUTE_004105,PLANT15,2024-12-11,PICKER_033,"[2, 8, 10, 16, 17, 22, 23]",7,169.68,4.15,69,4,1,MANUAL,1
ROUTE_004106,PLANT01,2023-05-30,PICKER_040,"[4, 8, 13, 14, 16, 19, 20, 21, 25]",9,201.55,6.91,50,10,1,ASTAR,0
ROUTE_004107,PLANT16,2023-02-28,PICKER_027,"[4, 15, 16]",3,45.22,3.05,50,2,1,ASTAR,0
ROUTE_004108,PLANT09,2023-06-04,PICKER_026,"[2, 4, 5, 6, 7, 9, 10]",7,115.5,5.04,16,9,1,GREEDY,0
ROUTE_004109,PLANT11,2024-03-24,PICKER_044,"[2, 3, 5]",3,28.68,2.4,55,9,1,GREEDY,0
ROUTE_004110,PLANT10,2023-02-21,PICKER_034,"[2, 14, 22]",3,48.39,3.41,54,8,1,DIJKSTRA,1
ROUTE_004111,PLANT04,2023-12-20,PICKER_018,"[2, 5, 9, 16]",4,44.02,1.95,48,8,1,ASTAR,0
ROUTE_004112,PLANT14,2024-04-05,PICKER_009,"[13, 25]",2,50.37,2.05,72,3,1,MANUAL,1
ROUTE_004113,PLANT05,2023-10-04,PICKER_012,"[1, 2, 3, 4, 5, 6, 9]",7,108.99,4.06,57,4,1,MANUAL,1
ROUTE_004114,PLANT20,2023-06-25,PICKER_001,"[4, 5, 6, 7]",4,71.14,2.18,59,6,1,GREEDY,1
ROUTE_004115,PLANT18,2023-03-03,PICKER_017,"[2, 3, 8, 12, 14, 16]",6,93.17,4.02,7,6,1,MANUAL,0
ROUTE_004116,PLANT16,2024-03-30,PICKER_003,"[7, 8, 13]",3,47.44,3.5,22,2,1,GREEDY,1
ROUTE_004117,PLANT08,2023-05-09,PICKER_009,"[1, 7, 11, 14, 16, 18, 19, 23, 24, 29]",10,173.6,6.42,37,4,1,MANUAL,1
ROUTE_004118,PLANT12,2024-11-11,PICKER_048,"[22, 23]",2,42.7,1.95,75,7,1,ASTAR,1
ROUTE_004119,PLANT09,2024-10-10,PICKER_010,"[1, 2, 3, 4, 6, 7, 8, 9, 10]",9,157.78,5.44,10,4,1,ASTAR,1
ROUTE_004120,PLANT03,2023-04-02,PICKER_036,"[1, 5, 8, 11]",4,66.58,3.56,38,6,1,DIJKSTRA,1
ROUTE_004121,PLANT09,2023-02-05,PICKER_033,"[1, 2, 3, 4, 5, 6, 8, 9, 10]",9,165.62,5.69,41,1,1,DIJKSTRA,1
ROUTE_004122,PLANT10,2024-06-27,PICKER_047,"[4, 8, 10]",3,43.82,3.73,9,4,1,DIJKSTRA,1
ROUTE_004123,PLANT04,2023-11-13,PICKER_012,"[4, 5, 6, 9, 11, 12, 13, 15, 17, 18]",10,159.02,4.64,61,7,1,GREEDY,0
ROUTE_004124,PLANT14,2024-08-05,PICKER_043,"[1, 7, 11]",3,29.37,1.35,67,4,1,GREEDY,1
ROUTE_004125,PLANT20,2024-11-29,PICKER_007,"[2, 3, 4, 5, 6, 7]",6,125.84,3.75,37,6,1,ASTAR,0
ROUTE_004126,PLANT09,2024-12-18,PICKER_036,"[1, 2, 3, 4, 5, 6, 7, 8, 9, 10]",10,191.19,5.59,34,7,1,MANUAL,1
ROUTE_004127,PLANT20,2024-06-10,PICKER_043,"[1, 2, 6, 7]",4,89.94,4.75,51,4,1,DIJKSTRA,0
ROUTE_004128,PLANT11,2024-01-24,PICKER_030,"[1, 4, 5]",3,44.75,3.63,14,2,1,GREEDY,1
ROUTE_004129,PLANT20,2024-11-20,PICKER_017,"[2, 3, 4, 5, 6]",5,81.03,2.88,15,2,1,GREEDY,1
ROUTE_004130,PLANT15,2024-09-08,PICKER_012,"[4, 8, 12, 15, 23]",5,97.19,3.38,26,1,1,MANUAL,1
ROUTE_004131,PLANT17,2024-11-07,PICKER_046,"[1, 3, 6, 10, 14, 16, 18, 19, 22]",9,158.15,4.29,37,3,1,GREEDY,0
ROUTE_004132,PLANT08,2023-02-11,PICKER_020,"[4, 7, 16, 23, 27, 28]",6,128.94,5.0,59,1,1,MANUAL,1
ROUTE_004133,PLANT03,2024-03-04,PICKER_028,"[3, 5, 6]",3,43.88,3.58,80,4,1,MANUAL,0
ROUTE_004134,PLANT02,2023-09-21,PICKER_024,"[1, 3, 6]",3,31.33,2.25,53,9,1,MANUAL,0
ROUTE_004135,PLANT03,2024-02-23,PICKER_012,"[1, 2, 3, 4, 5, 6, 7, 8, 9, 11]",10,204.83,5.69,24,3,1,GREEDY,0
ROUTE_004136,PLANT01,2023-11-05,PICKER_026,"[7, 15, 19, 24]",4,38.63,1.75,42,3,1,ASTAR,1
ROUTE_004137,PLANT03,2023-06-30,PICKER_043,"[2, 4]",2,40.5,2.87,28,9,1,DIJKSTRA,0
ROUTE_004138,PLANT02,2023-12-06,PICKER_045,"[1, 5]",2,37.11,1.78,61,7,1,ASTAR,1
ROUTE_004139,PLANT05,2024-07-05,PICKER_020,"[3, 5, 7, 9]",4,76.33,3.0,68,5,1,DIJKSTRA,1
ROUTE_004140,PLANT05,2023-03-02,PICKER_031,"[3, 4, 5, 6, 7, 8, 9]",7,100.24,3.37,49,5,1,DIJKSTRA,0
ROUTE_004141,PLANT09,2024-01-29,PICKER_027,"[1, 6, 7, 8, 9]",5,65.59,2.98,13,8,1,GREEDY,0
ROUTE_004142,PLANT09,2024-05-01,PICKER_022,"[1, 2, 3, 4, 6, 7, 8, 10]",8,160.43,4.08,79,6,1,GREEDY,1
ROUTE_004143,PLANT17,2024-06-24,PICKER_007,"[2, 13, 22]",3,33.72,2.96,75,2,1,MANUAL,1
ROUTE_004144,PLANT20,2023-11-23,PICKER_033,"[1, 6]",2,29.93,2.19,15,10,1,MANUAL,1
ROUTE_004145,PLANT06,2023-02-28,PICKER_013,"[4, 17]",2,43.76,2.13,71,6,1,MANUAL,0
ROUTE_004146,PLANT13,2024-07-24,PICKER_036,"[1, 3, 4, 6, 7, 9, 10]",7,119.33,4.25,19,7,1,ASTAR,0
ROUTE_004147,PLANT11,2023-03-31,PICKER_029,"[2, 3, 5]",3,40.51,1.57,38,1,1,MANUAL,1
ROUTE_004148,PLANT20,2023-06-25,PICKER_017,"[1, 2, 3, 4, 5]",5,110.68,3.83,48,8,1,MANUAL,1
ROUTE_004149,PLANT16,2023-09-02,PICKER_041,"[3, 7, 9, 11]",4,42.14,2.76,14,5,1,MANUAL,1
ROUTE_004150,PLANT13,2024-04-14,PICKER_006,"[1, 2, 7, 8, 9]",5,89.43,3.11,54,3,1,ASTAR,1
ROUTE_004151,PLANT01,2023-01-29,PICKER_036,"[4, 6, 7, 9, 14, 17, 19, 21, 26]",9,174.54,4.48,9,2,1,DIJKSTRA,0
ROUTE_004152,PLANT16,2023-02-07,PICKER_047,"[1, 6, 7, 8, 10, 14]",6,71.84,3.68,30,9,1,DIJKSTRA,1
ROUTE_004153,PLANT17,2024-08-02,PICKER_022,"[2, 3, 6, 7, 11, 12, 13, 16, 18, 21]",10,189.42,4.34,73,7,1,MANUAL,1
ROUTE_004154,PLANT17,2024-06-17,PICKER_049,"[2, 3, 9, 11, 14, 15, 16, 18, 20, 24]",10,187.52,4.67,58,1,1,GREEDY,1
ROUTE_004155,PLANT13,2023-06-28,PICKER_029,"[1, 2, 3, 4, 5, 7, 8, 9, 10]",9,162.73,3.96,50,3,1,ASTAR,1
ROUTE_004156,PLANT04,2024-06-28,PICKER_045,"[2, 8, 14, 15]",4,70.57,3.06,34,1,1,ASTAR,1
ROUTE_004157,PLANT19,2024-05-16,PICKER_044,"[6, 7, 8, 12, 16, 17, 18]",7,154.7,5.23,77,2,1,DIJKSTRA,0
ROUTE_004158,PLANT14,2024-08-25,PICKER_003,"[2, 12, 29]",3,37.83,2.32,30,6,1,ASTAR,1
ROUTE_004159,PLANT14,2023-02-23,PICKER_022,"[1, 3, 9, 13, 19, 24, 25, 26]",8,138.9,3.66,39,2,1,DIJKSTRA,0
ROUTE_004160,PLANT19,2023-05-19,PICKER_016,"[2, 12, 17, 18, 22, 23]",6,109.8,4.18,34,4,1,DIJKSTRA,0
ROUTE_004161,PLANT03,2024-12-28,PICKER_019,"[1, 2, 3, 4, 5, 6, 7, 8, 9, 10]",10,172.77,4.76,79,3,1,DIJKSTRA,0
ROUTE_004162,PLANT09,2023-10-18,PICKER_044,"[1, 2, 4, 7, 8]",5,73.45,3.39,58,4,1,GREEDY,1
ROUTE_004163,PLANT07,2024-08-04,PICKER_037,"[1, 3, 4, 5, 6, 8, 10]",7,98.23,2.75,63,6,1,GREEDY,1
ROUTE_004164,PLANT12,2024-05-21,PICKER_010,"[4, 7, 11, 12, 18, 19]",6,97.28,3.38,35,1,1,MANUAL,0
ROUTE_004165,PLANT13,2023-10-07,PICKER_034,"[1, 2, 4, 5, 6, 7, 8, 9, 10]",9,154.54,5.88,31,6,1,DIJKSTRA,1
ROUTE_004166,PLANT05,2023-09-16,PICKER_047,"[1, 2, 3, 4, 6, 7, 8]",7,95.27,4.64,60,9,1,GREEDY,1
ROUTE_004167,PLANT13,2023-03-07,PICKER_013,"[1, 2, 3, 4, 5, 6, 7, 8, 9, 10]",10,171.42,4.22,33,1,1,GREEDY,0
ROUTE_004168,PLANT11,2024-11-20,PICKER_009,"[1, 3]",2,53.46,3.19,70,4,1,ASTAR,1
ROUTE_004169,PLANT08,2024-07-03,PICKER_045,"[1, 2, 7, 12, 17, 22, 24, 26]",8,178.79,4.95,53,4,1,GREEDY,0
ROUTE_004170,PLANT05,2023-12-06,PICKER_004,"[1, 2, 3, 4, 5, 6, 7, 8, 9]",9,159.89,4.52,18,2,1,MANUAL,1
ROUTE_004171,PLANT04,2024-11-21,PICKER_041,"[3, 4, 6, 7, 12, 15]",6,110.51,4.16,48,10,1,DIJKSTRA,0
ROUTE_004172,PLANT19,2024-10-17,PICKER_022,"[5, 19, 20]",3,45.78,3.24,78,3,1,ASTAR,0
ROUTE_004173,PLANT12,2023-07-31,PICKER_046,"[5, 7, 12, 17]",4,61.17,2.39,58,5,1,ASTAR,0
ROUTE_004174,PLANT03,2023-03-27,PICKER_043,"[4, 8]",2,33.7,3.11,17,6,1,ASTAR,0
ROUTE_004175,PLANT09,2023-07-12,PICKER_033,"[1, 2, 3, 4, 5, 6, 7, 8, 9, 10]",10,129.62,3.11,39,6,1,DIJKSTRA,1
ROUTE_004176,PLANT17,2024-07-06,PICKER_003,"[3, 7, 10, 12, 14, 16, 18, 19, 21]",9,142.27,5.54,48,2,1,ASTAR,1
ROUTE_004177,PLANT08,2023-12-12,PICKER_044,"[4, 5, 22]",3,47.74,3.9,45,5,1,ASTAR,1
ROUTE_004178,PLANT04,2024-08-31,PICKER_014,"[2, 7, 12, 20]",4,46.89,3.34,56,5,1,ASTAR,1
ROUTE_004179,PLANT09,2023-08-28,PICKER_018,"[1, 2, 3, 4, 5, 6, 7, 8, 9, 10]",10,173.97,5.62,78,4,1,DIJKSTRA,0
ROUTE_004180,PLANT10,2023-11-22,PICKER_014,"[4, 5, 6, 7, 10, 11, 14, 15, 19, 24]",10,150.45,4.97,49,10,1,ASTAR,1
ROUTE_004181,PLANT03,2023-08-21,PICKER_041,"[1, 3, 4, 5, 6, 7, 8, 10, 11]",9,143.61,4.2,10,6,1,DIJKSTRA,1
ROUTE_004182,PLANT01,2024-10-17,PICKER_017,"[7, 26]",2,50.08,2.63,18,4,1,DIJKSTRA,1
ROUTE_004183,PLANT03,2023-01-18,PICKER_024,"[1, 4, 7, 8, 10]",5,93.98,3.11,16,7,1,GREEDY,0
ROUTE_004184,PLANT03,2024-01-01,PICKER_007,"[4, 6, 8, 10, 11]",5,85.01,2.21,41,8,1,MANUAL,1
ROUTE_004185,PLANT12,2023-12-23,PICKER_030,"[2, 3, 8, 9, 11, 18, 21, 23, 24]",9,144.97,4.91,49,3,1,MANUAL,0
ROUTE_004186,PLANT10,2024-11-27,PICKER_017,"[3, 10, 12, 13, 15, 18, 21, 23, 24]",9,146.65,4.53,30,3,1,MANUAL,1
ROUTE_004187,PLANT03,2023-10-09,PICKER_008,"[2, 3, 4, 5, 6, 7, 8, 9]",8,178.31,5.76,48,5,1,DIJKSTRA,1
ROUTE_004188,PLANT09,2023-09-29,PICKER_011,"[5, 7, 10]",3,71.52,2.62,69,9,1,DIJKSTRA,1
ROUTE_004189,PLANT20,2023-11-06,PICKER_017,"[1, 5]",2,56.71,2.55,56,5,1,GREEDY,1
ROUTE_004190,PLANT16,2023-10-26,PICKER_043,"[1, 5, 7, 8, 9, 10, 11, 13, 14, 16]",10,194.79,5.88,28,5,1,ASTAR,1
ROUTE_004191,PLANT02,2024-03-30,PICKER_047,"[2, 6]",2,15.06,2.78,33,1,1,DIJKSTRA,1
ROUTE_004192,PLANT20,2024-06-23,PICKER_001,"[1, 2, 3, 5, 6, 7]",6,101.37,4.12,80,2,1,ASTAR,0
ROUTE_004193,PLANT16,2023-01-31,PICKER_019,"[1, 2, 3, 6, 8, 12, 13]",7,101.65,4.0,22,2,1,MANUAL,1
ROUTE_004194,PLANT01,2024-06-18,PICKER_042,"[6, 7, 9, 10, 11, 13, 17, 23, 26]",9,175.37,6.11,6,2,1,GREEDY,0
ROUTE_004195,PLANT18,2024-01-31,PICKER_041,"[3, 5, 7, 14, 16]",5,110.76,3.07,15,9,1,GREEDY,1
ROUTE_004196,PLANT01,2024-02-20,PICKER_013,"[1, 7, 11]",3,68.4,3.58,58,1,1,GREEDY,1
ROUTE_004197,PLANT16,2023-02-02,PICKER_041,"[1, 5, 9, 10, 11, 13, 15, 16]",8,112.84,5.08,6,3,1,ASTAR,1
ROUTE_004198,PLANT06,2024-07-01,PICKER_010,"[2, 8, 20, 22, 24, 25, 28]",7,102.64,4.28,65,2,1,DIJKSTRA,1
ROUTE_004199,PLANT14,2024-01-30,PICKER_050,"[2, 9, 16, 27]",4,69.23,4.18,18,3,1,MANUAL,1
ROUTE_004200,PLANT17,2024-02-10,PICKER_024,"[11, 15, 16, 24]",4,100.57,3.29,14,9,1,GREEDY,1
ROUTE_004201,PLANT19,2024-09-22,PICKER_021,"[1, 6, 9, 11, 14, 15, 19]",7,102.59,4.67,13,7,1,MANUAL,1
ROUTE_004202,PLANT18,2024-08-26,PICKER_019,"[4, 5, 6, 10, 13, 14, 16]",7,145.22,5.82,48,9,1,DIJKSTRA,0
ROUTE_004203,PLANT02,2023-11-05,PICKER_033,"[1, 2, 4]",3,43.96,3.83,23,5,1,GREEDY,0
ROUTE_004204,PLANT16,2023-04-17,PICKER_035,"[1, 2, 4, 5, 6, 7, 8, 13, 16]",9,196.91,6.69,11,3,1,DIJKSTRA,1
ROUTE_004205,PLANT09,2024-01-31,PICKER_004,"[7, 10]",2,32.22,3.63,42,9,1,GREEDY,1
ROUTE_004206,PLANT06,2024-03-26,PICKER_002,"[7, 8, 18, 22, 23, 27]",6,81.01,4.47,17,10,1,MANUAL,1
ROUTE_004207,PLANT07,2023-09-26,PICKER_047,"[1, 2, 7, 9]",4,106.23,3.28,61,3,1,MANUAL,1
ROUTE_004208,PLANT18,2023-02-08,PICKER_038,"[4, 10, 12]",3,60.74,3.36,59,1,1,DIJKSTRA,0
ROUTE_004209,PLANT10,2023-01-08,PICKER_026,"[4, 7, 9, 14, 19, 23]",6,139.25,5.19,24,6,1,DIJKSTRA,0
ROUTE_004210,PLANT07,2023-01-24,PICKER_023,"[6, 9, 11]",3,52.55,2.6,61,10,1,DIJKSTRA,0
ROUTE_004211,PLANT06,2024-05-24,PICKER_033,"[8, 9, 10, 13, 14, 17, 21, 24, 26]",9,193.98,5.55,61,9,1,DIJKSTRA,1
ROUTE_004212,PLANT09,2023-10-04,PICKER_026,"[5, 8, 9]",3,50.74,3.09,43,1,1,DIJKSTRA,1
ROUTE_004213,PLANT20,2023-06-20,PICKER_006,"[3, 4, 5, 6]",4,57.01,2.01,42,5,1,DIJKSTRA,1
ROUTE_004214,PLANT01,2024-01-21,PICKER_005,"[3, 8, 14, 24]",4,89.79,3.55,16,2,1,MANUAL,1
ROUTE_004215,PLANT04,2024-11-09,PICKER_040,"[1, 3, 4, 11, 18]",5,81.01,3.73,46,4,1,GREEDY,0
ROUTE_004216,PLANT15,2023-12-10,PICKER_024,"[3, 9, 13, 14, 17, 19, 24]",7,101.31,3.37,10,7,1,GREEDY,1
ROUTE_004217,PLANT03,2024-06-25,PICKER_042,"[2, 3, 4, 5, 6, 8, 10]",7,94.41,3.7,8,7,1,ASTAR,1
ROUTE_004218,PLANT04,2023-08-10,PICKER_047,"[4, 6, 7, 8, 11, 13, 15, 17, 18, 20]",10,177.28,5.96,58,5,1,MANUAL,0
ROUTE_004219,PLANT05,2023-09-02,PICKER_042,"[4, 8]",2,27.64,3.35,30,7,1,DIJKSTRA,1
ROUTE_004220,PLANT06,2024-05-18,PICKER_034,"[1, 2, 4, 8, 15, 17, 23, 26]",8,127.12,4.81,56,7,1,DIJKSTRA,1
ROUTE_004221,PLANT01,2023-02-18,PICKER_036,"[2, 4, 11, 14]",4,85.83,4.08,34,3,1,GREEDY,1
ROUTE_004222,PLANT02,2024-05-06,PICKER_014,"[1, 2, 3, 4, 5, 6]",6,102.24,2.58,5,4,1,GREEDY,0
ROUTE_004223,PLANT10,2024-10-31,PICKER_029,"[9, 13, 18]",3,52.35,2.59,42,2,1,DIJKSTRA,0
ROUTE_004224,PLANT05,2024-05-17,PICKER_002,"[2, 3, 5, 7, 8, 9]",6,104.19,4.72,75,9,1,MANUAL,1
ROUTE_004225,PLANT09,2023-06-04,PICKER_039,"[3, 7]",2,45.28,2.29,55,10,1,ASTAR,1
ROUTE_004226,PLANT18,2024-07-16,PICKER_033,"[1, 6, 10, 11, 12, 15]",6,99.12,4.58,33,2,1,MANUAL,1
ROUTE_004227,PLANT08,2024-01-10,PICKER_002,"[1, 2, 5, 8, 19, 21, 22, 23, 26]",9,187.79,4.76,68,4,1,GREEDY,1
ROUTE_004228,PLANT13,2023-05-03,PICKER_039,"[1, 2, 4, 6, 7, 8, 9, 10]",8,119.67,5.1,26,9,1,ASTAR,0
ROUTE_004229,PLANT05,2023-07-05,PICKER_009,"[3, 5, 6]",3,23.43,1.64,52,4,1,ASTAR,1
ROUTE_004230,PLANT12,2024-03-30,PICKER_035,"[3, 4, 7, 11, 13, 20]",6,123.68,4.25,19,7,1,ASTAR,1
ROUTE_004231,PLANT07,2024-10-24,PICKER_050,"[1, 9]",2,42.65,3.68,24,3,1,MANUAL,1
ROUTE_004232,PLANT12,2024-03-17,PICKER_034,"[7, 8, 16, 18, 19, 20, 22, 25]",8,194.44,4.39,57,2,1,GREEDY,0
ROUTE_004233,PLANT14,2023-08-09,PICKER_014,"[3, 7, 8, 10, 17, 21, 23, 27, 28]",9,153.04,5.3,79,9,1,MANUAL,1
ROUTE_004234,PLANT06,2024-06-05,PICKER_028,"[1, 2, 3, 7, 12, 13, 25]",7,139.8,5.06,78,9,1,DIJKSTRA,1
ROUTE_004235,PLANT20,2023-04-01,PICKER_040,"[1, 2, 4, 7]",4,56.35,2.84,47,8,1,ASTAR,0
ROUTE_004236,PLANT18,2023-02-03,PICKER_017,"[2, 3, 4, 5, 11, 12, 13, 15]",8,132.36,4.42,59,10,1,GREEDY,1
ROUTE_004237,PLANT17,2023-11-26,PICKER_031,"[2, 4, 12]",3,50.56,3.48,8,1,1,ASTAR,1
ROUTE_004238,PLANT19,2023-06-29,PICKER_030,"[6, 7, 11, 12, 14, 19, 21, 22]",8,161.89,4.09,70,1,1,ASTAR,0
ROUTE_004239,PLANT02,2023-02-25,PICKER_005,"[1, 2, 3, 4, 5, 6]",6,110.96,4.42,26,1,1,ASTAR,0
ROUTE_004240,PLANT01,2024-01-17,PICKER_025,"[2, 5, 8, 10, 12, 17, 18, 22]",8,156.76,5.71,73,3,1,GREEDY,1
ROUTE_004241,PLANT04,2023-05-21,PICKER_044,"[2, 3, 4, 5, 7, 8, 9, 11, 12, 17]",10,190.99,4.36,11,9,1,DIJKSTRA,1
ROUTE_004242,PLANT02,2024-07-13,PICKER_005,"[2, 3, 4, 6]",4,64.64,4.17,74,5,1,DIJKSTRA,1
ROUTE_004243,PLANT10,2023-05-22,PICKER_050,"[2, 3, 12, 15, 16, 17, 18, 21, 22]",9,157.58,5.06,50,1,1,ASTAR,0
ROUTE_004244,PLANT01,2023-02-18,PICKER_042,"[3, 18]",2,34.01,1.34,29,9,1,GREEDY,0
ROUTE_004245,PLANT18,2023-10-09,PICKER_032,"[1, 2, 14, 15]",4,56.66,2.47,55,10,1,ASTAR,0
ROUTE_004246,PLANT20,2024-10-04,PICKER_032,"[1, 3]",2,45.09,2.29,31,6,1,GREEDY,1
ROUTE_004247,PLANT05,2023-07-19,PICKER_026,"[2, 3, 4, 5, 7, 8, 9]",7,115.2,4.75,20,6,1,MANUAL,1
ROUTE_004248,PLANT07,2024-01-18,PICKER_026,"[1, 2, 3, 4, 5, 6, 9, 10, 11, 12]",10,183.51,5.51,76,1,1,ASTAR,1
ROUTE_004249,PLANT18,2024-05-15,PICKER_043,"[2, 3, 5, 8, 11, 14]",6,90.29,3.7,16,4,1,GREEDY,0
ROUTE_004250,PLANT20,2023-08-19,PICKER_018,"[2, 3, 5, 6]",4,73.34,2.61,18,1,1,MANUAL,1
ROUTE_004251,PLANT03,2023-05-21,PICKER_033,"[1, 2, 3, 5, 6, 7, 8, 9, 11]",9,148.72,3.87,39,10,1,MANUAL,0
ROUTE_004252,PLANT02,2023-01-28,PICKER_028,"[3, 4, 5]",3,51.05,2.86,75,7,1,DIJKSTRA,1
ROUTE_004253,PLANT07,2024-06-01,PICKER_008,"[3, 5, 7, 12]",4,76.96,2.39,57,1,1,MANUAL,1
ROUTE_004254,PLANT16,2024-08-09,PICKER_021,"[3, 5, 10]",3,60.4,1.84,60,1,1,DIJKSTRA,1
ROUTE_004255,PLANT10,2024-08-19,PICKER_001,"[4, 11, 16, 21, 24]",5,103.28,4.11,71,8,1,ASTAR,1
ROUTE_004256,PLANT18,2024-11-01,PICKER_026,"[1, 2, 3, 4, 5, 8, 9, 11, 14, 16]",10,208.8,5.24,74,4,1,GREEDY,0
ROUTE_004257,PLANT09,2023-08-01,PICKER_017,"[1, 3, 6, 8]",4,52.72,1.97,73,4,1,ASTAR,0
ROUTE_004258,PLANT18,2023-09-13,PICKER_042,"[4, 7, 8, 10, 14, 16]",6,118.69,4.54,45,10,1,GREEDY,1
ROUTE_004259,PLANT02,2024-03-17,PICKER_045,"[2, 3, 4, 6]",4,79.64,2.17,22,5,1,ASTAR,0
ROUTE_004260,PLANT04,2024-02-03,PICKER_016,"[5, 6, 7, 9, 11, 20]",6,119.45,4.78,10,1,1,DIJKSTRA,0
ROUTE_004261,PLANT01,2023-05-31,PICKER_010,"[6, 12]",2,41.68,3.17,45,8,1,MANUAL,1
ROUTE_004262,PLANT15,2024-11-25,PICKER_026,"[1, 4, 17, 18, 22]",5,76.42,3.37,55,7,1,MANUAL,1
ROUTE_004263,PLANT06,2023-08-15,PICKER_001,"[2, 3, 4, 6, 7, 9, 13, 18, 22, 28]",10,135.97,4.06,52,3,1,DIJKSTRA,1
ROUTE_004264,PLANT13,2023-10-22,PICKER_024,"[1, 2, 3, 4, 5, 7, 9]",7,129.11,4.33,14,2,1,MANUAL,0
ROUTE_004265,PLANT05,2024-06-08,PICKER_046,"[4, 5, 6, 7]",4,67.03,4.19,38,5,1,ASTAR,1
ROUTE_004266,PLANT17,2024-07-23,PICKER_035,"[4, 8, 13, 16, 17, 21, 22]",7,122.23,4.46,74,6,1,GREEDY,1
ROUTE_004267,PLANT06,2024-02-15,PICKER_038,"[1, 3, 13, 25]",4,80.51,2.46,34,8,1,ASTAR,1
ROUTE_004268,PLANT07,2023-11-25,PICKER_032,"[2, 4, 5, 6, 7, 8, 9, 10]",8,158.75,4.6,51,8,1,MANUAL,1
ROUTE_004269,PLANT07,2024-11-01,PICKER_002,"[2, 4, 5, 8, 9, 10, 11, 12]",8,165.86,4.02,37,5,1,GREEDY,0
ROUTE_004270,PLANT19,2024-01-26,PICKER_015,"[9, 12, 14, 17, 19, 23]",6,121.76,3.52,76,4,1,MANUAL,0
ROUTE_004271,PLANT09,2023-06-09,PICKER_041,"[1, 4, 6, 7, 9]",5,74.66,3.76,27,10,1,GREEDY,0
ROUTE_004272,PLANT09,2023-07-20,PICKER_036,"[1, 2, 3, 4, 5, 6, 8, 9]",8,120.43,3.03,25,6,1,MANUAL,0
ROUTE_004273,PLANT03,2023-03-10,PICKER_036,"[2, 4, 5, 11]",4,63.19,2.03,47,8,1,DIJKSTRA,0
ROUTE_004274,PLANT03,2023-04-04,PICKER_022,"[2, 5, 11]",3,35.87,1.36,21,10,1,GREEDY,0
ROUTE_004275,PLANT10,2024-07-11,PICKER_036,"[4, 5, 7, 8, 14]",5,74.54,2.75,41,8,1,GREEDY,1
ROUTE_004276,PLANT19,2024-04-09,PICKER_037,"[3, 7, 8, 12, 16, 18, 21]",7,79.02,3.29,76,1,1,DIJKSTRA,0
ROUTE_004277,PLANT02,2023-09-17,PICKER_034,"[1, 3, 4, 6]",4,73.45,2.35,23,1,1,MANUAL,0
ROUTE_004278,PLANT20,2024-04-03,PICKER_018,"[1, 2, 3, 4, 5, 6]",6,77.73,3.06,57,3,1,GREEDY,1
ROUTE_004279,PLANT03,2023-02-15,PICKER_044,"[1, 3, 6, 7, 8, 9, 10, 11]",8,128.73,3.32,29,9,1,MANUAL,1
ROUTE_004280,PLANT04,2024-02-07,PICKER_050,"[2, 3, 6, 8, 11, 12, 13, 16, 18, 19]",10,203.78,6.41,43,5,1,ASTAR,1
ROUTE_004281,PLANT17,2023-08-27,PICKER_050,"[9, 10]",2,31.56,3.09,39,9,1,GREEDY,0
ROUTE_004282,PLANT05,2023-04-13,PICKER_003,"[1, 4, 7, 9]",4,70.2,2.94,69,2,1,ASTAR,1
ROUTE_004283,PLANT09,2024-03-12,PICKER_002,"[3, 7, 8, 10]",4,58.62,3.09,23,5,1,ASTAR,1
ROUTE_004284,PLANT06,2023-04-12,PICKER_046,"[1, 3, 5, 8, 10, 15, 19, 20, 23, 25]",10,161.23,6.08,8,5,1,DIJKSTRA,1
ROUTE_004285,PLANT17,2024-06-06,PICKER_027,"[1, 2, 3, 5, 6, 8, 15, 17, 23]",9,172.07,4.15,79,2,1,MANUAL,1
ROUTE_004286,PLANT12,2024-02-04,PICKER_014,"[4, 5, 8, 12, 18, 19, 21, 22]",8,118.79,5.16,68,2,1,GREEDY,1
ROUTE_004287,PLANT16,2024-08-14,PICKER_003,"[3, 5, 8, 10, 11, 15]",6,120.65,4.84,74,8,1,ASTAR,1
ROUTE_004288,PLANT02,2024-03-29,PICKER_033,"[4, 5]",2,19.47,2.1,22,1,1,DIJKSTRA,1
ROUTE_004289,PLANT13,2024-10-21,PICKER_028,"[1, 4, 5, 6, 7, 8, 9, 10]",8,173.86,6.21,10,5,1,MANUAL,1
ROUTE_004290,PLANT05,2024-03-07,PICKER_039,"[1, 3, 4, 5, 6, 7, 8]",7,117.5,2.86,19,9,1,GREEDY,0
ROUTE_004291,PLANT17,2023-03-21,PICKER_049,"[2, 4, 6, 9, 18, 23, 24]",7,113.81,4.71,65,10,1,DIJKSTRA,0
ROUTE_004292,PLANT07,2024-06-11,PICKER_049,"[2, 3, 4, 5, 6, 7, 8, 9, 10, 11]",10,175.67,5.82,40,3,1,MANUAL,0
ROUTE_004293,PLANT14,2024-09-30,PICKER_033,"[2, 3, 17, 19, 29]",5,110.16,3.05,47,1,1,ASTAR,0
ROUTE_004294,PLANT09,2024-02-27,PICKER_012,"[2, 3, 4, 6, 9, 10]",6,114.56,2.96,12,7,1,DIJKSTRA,0
ROUTE_004295,PLANT14,2023-05-19,PICKER_017,"[9, 11, 15, 20, 24]",5,97.54,4.49,6,9,1,ASTAR,0
ROUTE_004296,PLANT09,2023-02-27,PICKER_041,"[1, 4]",2,55.41,3.57,29,1,1,DIJKSTRA,0
ROUTE_004297,PLANT03,2024-04-15,PICKER_005,"[1, 2, 4, 5, 7, 8, 9, 10, 11]",9,140.33,4.47,7,7,1,MANUAL,0
ROUTE_004298,PLANT14,2023-11-09,PICKER_006,"[5, 11, 13, 25, 26, 28, 29]",7,98.04,4.77,50,5,1,ASTAR,0
ROUTE_004299,PLANT15,2024-05-02,PICKER_041,"[4, 7, 12, 15, 20, 23]",6,123.28,3.8,22,8,1,MANUAL,1
ROUTE_004300,PLANT01,2024-06-12,PICKER_011,"[4, 6, 9, 10, 12, 13, 15, 21, 23, 25]",10,165.74,5.8,79,1,1,GREEDY,0
ROUTE_004301,PLANT14,2023-07-08,PICKER_002,"[8, 10, 15, 28]",4,56.45,1.74,12,3,1,MANUAL,0
ROUTE_004302,PLANT16,2024-10-29,PICKER_004,"[4, 6, 13]",3,47.95,1.6,80,5,1,MANUAL,0
ROUTE_004303,PLANT09,2024-07-16,PICKER_002,"[1, 2, 4, 5, 7, 8]",6,91.43,4.31,8,9,1,DIJKSTRA,1
ROUTE_004304,PLANT03,2024-08-11,PICKER_041,"[1, 3, 4, 6, 7, 8, 9, 10]",8,141.29,5.6,68,4,1,DIJKSTRA,0
ROUTE_004305,PLANT13,2024-02-28,PICKER_035,"[2, 5, 7, 8]",4,70.69,3.15,16,8,1,ASTAR,1
ROUTE_004306,PLANT17,2023-11-19,PICKER_007,"[1, 3, 6, 9, 16, 17, 19, 20, 21]",9,146.84,5.42,56,2,1,DIJKSTRA,0
ROUTE_004307,PLANT12,2023-08-01,PICKER_044,"[2, 5]",2,36.09,2.98,29,6,1,MANUAL,0
ROUTE_004308,PLANT16,2024-10-31,PICKER_001,"[3, 4, 8, 14, 15]",5,108.44,3.43,16,8,1,GREEDY,1
ROUTE_004309,PLANT01,2023-05-04,PICKER_033,"[2, 7, 8, 10, 11, 17, 20, 22, 26]",9,138.54,4.51,53,1,1,DIJKSTRA,0
ROUTE_004310,PLANT01,2023-04-24,PICKER_042,"[2, 7, 8, 11, 13, 14, 16, 17, 19, 22]",10,175.65,5.18,75,2,1,ASTAR,1
ROUTE_004311,PLANT18,2024-08-31,PICKER_009,"[8, 15]",2,46.3,3.87,5,9,1,DIJKSTRA,0
ROUTE_004312,PLANT13,2024-02-11,PICKER_026,"[2, 3, 6, 7]",4,75.22,2.13,14,2,1,ASTAR,0
ROUTE_004313,PLANT10,2023-02-06,PICKER_007,"[2, 7, 17, 20, 21]",5,92.27,2.52,7,6,1,MANUAL,0
ROUTE_004314,PLANT07,2024-06-25,PICKER_011,"[2, 8, 9, 11, 12]",5,89.83,2.99,38,8,1,MANUAL,1
ROUTE_004315,PLANT08,2024-01-16,PICKER_039,"[4, 5, 13, 14, 16, 17, 19, 24, 26]",9,139.59,4.13,24,4,1,MANUAL,1
ROUTE_004316,PLANT04,2023-09-27,PICKER_037,"[7, 10, 11, 17, 18]",5,98.07,4.69,8,10,1,MANUAL,0
ROUTE_004317,PLANT11,2024-01-17,PICKER_003,"[1, 3, 4, 5]",4,67.33,3.09,30,5,1,ASTAR,0
ROUTE_004318,PLANT13,2023-08-20,PICKER_026,"[1, 2, 3, 4, 5, 6, 7, 8, 9, 10]",10,175.61,4.87,8,1,1,DIJKSTRA,1
ROUTE_004319,PLANT04,2024-02-18,PICKER_038,"[9, 16, 20]",3,60.79,2.37,13,10,1,MANUAL,0
ROUTE_004320,PLANT01,2023-07-17,PICKER_035,"[3, 11, 16, 17, 18, 20, 23, 24, 26]",9,111.78,3.39,45,2,1,MANUAL,1
ROUTE_004321,PLANT20,2023-08-21,PICKER_025,"[1, 2, 3, 4, 5, 6, 7]",7,108.56,3.36,61,9,1,GREEDY,1
ROUTE_004322,PLANT16,2024-07-26,PICKER_029,"[1, 3, 4, 5, 11, 12, 13, 15, 16]",9,161.49,3.82,27,2,1,ASTAR,0
ROUTE_004323,PLANT07,2023-11-06,PICKER_013,"[1, 2, 4, 5, 6, 9, 10, 12]",8,135.91,5.39,50,7,1,GREEDY,1
ROUTE_004324,PLANT10,2024-05-23,PICKER_028,"[12, 15]",2,34.68,3.04,13,6,1,MANUAL,0
ROUTE_004325,PLANT11,2024-09-24,PICKER_013,"[1, 4, 5]",3,58.6,2.89,51,3,1,GREEDY,0
ROUTE_004326,PLANT04,2024-07-26,PICKER_024,"[3, 6, 7, 8, 9, 13, 14, 16]",8,160.79,3.84,21,5,1,MANUAL,1
ROUTE_004327,PLANT13,2023-08-12,PICKER_007,"[4, 6, 7]",3,30.38,3.29,10,6,1,MANUAL,0
ROUTE_004328,PLANT09,2023-11-12,PICKER_035,"[3, 4, 5, 6, 7, 8, 9, 10]",8,130.17,4.03,22,6,1,MANUAL,1
ROUTE_004329,PLANT14,2024-01-21,PICKER_034,"[5, 6, 8, 12, 18, 28]",6,88.66,3.59,27,3,1,ASTAR,1
ROUTE_004330,PLANT13,2023-12-27,PICKER_010,"[1, 3, 4, 9]",4,42.0,3.14,76,8,1,DIJKSTRA,0
ROUTE_004331,PLANT16,2023-06-28,PICKER_043,"[3, 5, 6, 7, 9, 11, 13, 15, 16]",9,144.82,4.51,68,5,1,ASTAR,0
ROUTE_004332,PLANT03,2023-08-16,PICKER_005,"[3, 7]",2,27.0,2.8,53,9,1,ASTAR,0
ROUTE_004333,PLANT11,2024-06-20,PICKER_038,"[1, 2, 3, 4, 5]",5,52.84,3.86,51,1,1,MANUAL,1
ROUTE_004334,PLANT07,2024-11-19,PICKER_024,"[4, 6, 7, 8, 9]",5,117.52,3.9,69,9,1,ASTAR,1
ROUTE_004335,PLANT17,2024-02-15,PICKER_012,"[2, 14, 17, 18, 22]",5,74.75,3.86,5,3,1,GREEDY,1
ROUTE_004336,PLANT12,2023-01-27,PICKER_039,"[4, 9]",2,49.28,2.11,69,4,1,ASTAR,0
ROUTE_004337,PLANT19,2023-01-03,PICKER_044,"[5, 8, 22]",3,38.89,3.35,7,5,1,GREEDY,1
ROUTE_004338,PLANT07,2023-04-13,PICKER_001,"[2, 3, 4, 10, 11]",5,87.84,4.69,39,3,1,MANUAL,0
ROUTE_004339,PLANT07,2023-03-13,PICKER_045,"[2, 3, 4, 5, 6, 8, 9, 11]",8,161.68,3.75,32,5,1,MANUAL,0
ROUTE_004340,PLANT05,2024-09-14,PICKER_002,"[1, 2, 3, 4, 5, 6, 7, 8, 9]",9,186.21,4.62,79,7,1,MANUAL,0
ROUTE_004341,PLANT09,2023-10-14,PICKER_024,"[2, 3, 5, 9]",4,80.66,4.3,16,8,1,DIJKSTRA,0
ROUTE_004342,PLANT17,2023-10-30,PICKER_041,"[12, 16]",2,43.87,1.66,62,5,1,ASTAR,0
ROUTE_004343,PLANT09,2023-09-15,PICKER_031,"[7, 10]",2,36.89,1.97,42,9,1,DIJKSTRA,0
ROUTE_004344,PLANT10,2023-11-06,PICKER_015,"[5, 8, 9, 10, 12, 16, 18, 21, 24]",9,128.62,3.62,43,1,1,GREEDY,0
ROUTE_004345,PLANT19,2023-03-23,PICKER_025,"[1, 9, 10, 15, 17, 18]",6,98.71,2.89,57,10,1,DIJKSTRA,1
ROUTE_004346,PLANT14,2023-12-15,PICKER_047,"[6, 11, 19, 23, 26]",5,108.65,3.1,47,10,1,MANUAL,1
ROUTE_004347,PLANT10,2023-09-16,PICKER_049,"[3, 9, 17, 24]",4,55.48,2.61,72,5,1,MANUAL,1
ROUTE_004348,PLANT18,2024-04-12,PICKER_021,"[2, 9, 13, 16]",4,75.78,3.07,15,7,1,DIJKSTRA,0
ROUTE_004349,PLANT14,2024-10-03,PICKER_047,"[3, 9, 12, 15]",4,66.22,4.06,73,8,1,DIJKSTRA,1
ROUTE_004350,PLANT07,2023-12-23,PICKER_007,"[3, 6]",2,30.71,2.79,15,3,1,DIJKSTRA,1
ROUTE_004351,PLANT16,2024-09-06,PICKER_006,"[4, 6, 10, 11, 14, 15, 16]",7,95.71,2.52,74,8,1,ASTAR,1
ROUTE_004352,PLANT04,2023-08-23,PICKER_014,"[2, 13, 14, 17]",4,93.66,2.62,53,5,1,ASTAR,0
ROUTE_004353,PLANT11,2023-09-14,PICKER_025,"[2, 3]",2,35.28,3.01,67,7,1,MANUAL,0
ROUTE_004354,PLANT10,2023-12-06,PICKER_009,"[1, 3, 4, 5, 11, 13, 18, 19, 21]",9,197.13,6.62,60,6,1,GREEDY,0
ROUTE_004355,PLANT11,2023-12-04,PICKER_011,"[1, 3]",2,42.7,3.5,62,3,1,GREEDY,0
ROUTE_004356,PLANT17,2023-11-06,PICKER_023,"[8, 20]",2,48.0,3.87,69,3,1,GREEDY,1
ROUTE_004357,PLANT11,2024-04-10,PICKER_022,"[1, 2, 3, 5]",4,85.03,3.01,46,3,1,MANUAL,1
ROUTE_004358,PLANT08,2024-07-07,PICKER_011,"[20, 22]",2,49.28,3.13,9,10,1,DIJKSTRA,0
ROUTE_004359,PLANT18,2023-06-07,PICKER_006,"[1, 3, 8]",3,53.83,3.09,62,2,1,DIJKSTRA,0
ROUTE_004360,PLANT04,2023-12-29,PICKER_007,"[1, 2, 4, 5, 7, 8, 11, 13, 16, 19]",10,181.7,4.74,26,1,1,MANUAL,1
ROUTE_004361,PLANT01,2024-04-06,PICKER_050,"[5, 8, 9, 12, 14, 16, 17]",7,87.08,2.6,75,2,1,GREEDY,0
ROUTE_004362,PLANT08,2023-01-09,PICKER_019,"[1, 3, 4, 10, 12, 22, 25, 27, 29]",9,182.97,6.45,60,4,1,DIJKSTRA,0
ROUTE_004363,PLANT06,2024-10-30,PICKER_050,"[11, 28]",2,39.75,3.04,26,10,1,GREEDY,0
ROUTE_004364,PLANT19,2023-08-09,PICKER_011,"[1, 2, 4, 7, 9, 15, 20]",7,136.77,4.21,51,5,1,MANUAL,0
ROUTE_004365,PLANT05,2024-03-13,PICKER_025,"[3, 4, 5, 6, 7, 8, 9]",7,100.39,4.34,56,3,1,MANUAL,0
ROUTE_004366,PLANT16,2023-06-27,PICKER_048,"[1, 4, 7, 14]",4,63.43,3.76,10,3,1,ASTAR,1
ROUTE_004367,PLANT18,2023-11-01,PICKER_010,"[4, 7, 14, 15, 16]",5,84.3,2.33,25,10,1,GREEDY,1
ROUTE_004368,PLANT03,2023-07-18,PICKER_049,"[5, 8]",2,34.42,3.2,31,9,1,GREEDY,0
ROUTE_004369,PLANT20,2023-04-12,PICKER_030,"[1, 2, 3, 4, 5, 7]",6,94.55,2.6,14,8,1,MANUAL,0
ROUTE_004370,PLANT12,2024-10-09,PICKER_034,"[8, 9, 10, 13, 15]",5,83.73,3.14,74,6,1,DIJKSTRA,1
ROUTE_004371,PLANT09,2023-05-10,PICKER_032,"[1, 2, 3, 4, 5, 6, 7, 8, 9, 10]",10,169.47,5.12,30,7,1,ASTAR,1
ROUTE_004372,PLANT08,2024-09-08,PICKER_018,"[2, 4, 6, 10, 20, 25, 29]",7,125.15,4.45,60,9,1,GREEDY,0
ROUTE_004373,PLANT19,2024-01-09,PICKER_043,"[4, 5, 10, 12, 14, 16, 18]",7,120.13,4.16,67,9,1,MANUAL,0
ROUTE_004374,PLANT18,2024-10-01,PICKER_031,"[2, 3, 4, 5, 7, 8, 9, 14, 15]",9,142.32,3.8,16,5,1,GREEDY,0
ROUTE_004375,PLANT09,2023-04-24,PICKER_019,"[1, 3, 4, 6, 7, 8, 9]",7,104.28,4.86,17,9,1,MANUAL,0
ROUTE_004376,PLANT10,2023-03-18,PICKER_030,"[1, 3, 4, 6, 8, 9, 12, 14, 20]",9,142.9,3.98,39,1,1,DIJKSTRA,1
ROUTE_004377,PLANT18,2023-10-29,PICKER_030,"[5, 13]",2,43.76,2.25,30,3,1,DIJKSTRA,1
ROUTE_004378,PLANT11,2024-11-27,PICKER_008,"[1, 2, 3, 4]",4,60.8,2.47,13,3,1,ASTAR,1
ROUTE_004379,PLANT18,2024-04-18,PICKER_039,"[2, 3, 4, 6, 8, 10, 11, 14, 15]",9,111.38,4.78,26,2,1,DIJKSTRA,0
ROUTE_004380,PLANT20,2023-11-25,PICKER_038,"[1, 2, 3, 5]",4,92.68,3.67,65,2,1,GREEDY,1
ROUTE_004381,PLANT14,2023-06-23,PICKER_001,"[6, 7]",2,31.92,2.49,53,9,1,GREEDY,1
ROUTE_004382,PLANT14,2023-09-07,PICKER_035,"[4, 13, 17, 23]",4,45.27,2.32,77,9,1,ASTAR,0
ROUTE_004383,PLANT03,2024-01-24,PICKER_023,"[1, 2, 8, 9]",4,69.29,2.67,16,7,1,ASTAR,1
ROUTE_004384,PLANT08,2023-05-15,PICKER_023,"[9, 17, 25, 27]",4,73.03,4.15,23,4,1,DIJKSTRA,1
ROUTE_004385,PLANT11,2023-05-17,PICKER_043,"[2, 5]",2,46.62,2.94,40,9,1,GREEDY,1
ROUTE_004386,PLANT06,2024-10-18,PICKER_029,"[3, 9]",2,31.92,3.33,63,1,1,DIJKSTRA,1
ROUTE_004387,PLANT16,2023-06-21,PICKER_018,"[1, 2, 4, 6, 8, 11]",6,97.04,4.92,53,8,1,MANUAL,1
ROUTE_004388,PLANT10,2023-06-15,PICKER_025,"[6, 16, 20]",3,85.99,2.7,66,3,1,GREEDY,1
ROUTE_004389,PLANT13,2024-09-08,PICKER_045,"[1, 2, 3, 4, 5, 6, 7, 8, 9, 10]",10,168.7,5.56,14,6,1,ASTAR,0
ROUTE_004390,PLANT01,2024-03-11,PICKER_012,"[2, 5, 18, 22]",4,51.73,1.8,43,6,1,GREEDY,1
ROUTE_004391,PLANT12,2024-03-30,PICKER_026,"[3, 16, 19, 20]",4,63.58,1.98,39,9,1,GREEDY,0
ROUTE_004392,PLANT12,2024-04-17,PICKER_018,"[5, 11, 14, 15, 16, 18, 24, 25]",8,122.94,4.65,6,4,1,DIJKSTRA,0
ROUTE_004393,PLANT18,2023-09-24,PICKER_013,"[3, 5, 7, 8, 9, 11, 13, 14]",8,157.55,6.02,52,4,1,ASTAR,1
ROUTE_004394,PLANT14,2024-06-02,PICKER_047,"[11, 12, 14, 15, 21, 26, 27]",7,135.4,5.02,9,10,1,ASTAR,1
ROUTE_004395,PLANT14,2023-08-16,PICKER_048,"[6, 10, 12, 13, 17, 22, 24]",7,117.17,3.4,56,9,1,MANUAL,0
ROUTE_004396,PLANT12,2023-07-30,PICKER_042,"[1, 4, 6, 10, 11, 13, 14, 15, 22, 23]",10,195.1,5.0,70,2,1,DIJKSTRA,0
ROUTE_004397,PLANT16,2024-12-06,PICKER_010,"[7, 10, 14]",3,45.63,1.7,61,3,1,GREEDY,0
ROUTE_004398,PLANT17,2024-02-27,PICKER_042,"[11, 21]",2,33.85,3.6,17,1,1,GREEDY,0
ROUTE_004399,PLANT19,2023-07-22,PICKER_023,"[8, 11]",2,26.46,2.91,9,2,1,GREEDY,1
ROUTE_004400,PLANT15,2024-08-20,PICKER_022,"[5, 6, 7, 16, 17, 21, 22, 23]",8,127.43,4.88,67,1,1,MANUAL,1
ROUTE_004401,PLANT11,2024-04-14,PICKER_034,"[1, 2, 3]",3,68.09,2.03,70,3,1,ASTAR,0
ROUTE_004402,PLANT16,2023-06-26,PICKER_008,"[3, 11]",2,24.62,2.33,72,8,1,GREEDY,0
ROUTE_004403,PLANT17,2024-07-19,PICKER_012,"[2, 7, 9, 10, 11, 13, 20]",7,159.34,6.08,53,8,1,ASTAR,1
ROUTE_004404,PLANT05,2023-04-03,PICKER_026,"[1, 2, 3, 4, 5, 6, 7]",7,112.57,4.13,21,3,1,ASTAR,0
ROUTE_004405,PLANT01,2024-12-26,PICKER_010,"[4, 5, 10, 11, 21, 24]",6,94.88,2.9,61,3,1,GREEDY,1
ROUTE_004406,PLANT10,2024-09-16,PICKER_030,"[5, 9, 10, 15, 16, 21, 23]",7,126.35,4.59,56,1,1,DIJKSTRA,1
ROUTE_004407,PLANT20,2023-06-06,PICKER_028,"[3, 4, 5, 7]",4,67.43,4.27,37,6,1,MANUAL,0
ROUTE_004408,PLANT12,2023-03-02,PICKER_028,"[11, 17, 18]",3,80.03,2.4,46,2,1,GREEDY,1
ROUTE_004409,PLANT06,2023-05-06,PICKER_025,"[10, 25, 28]",3,51.36,3.3,50,3,1,DIJKSTRA,0
ROUTE_004410,PLANT16,2023-09-16,PICKER_029,"[2, 4, 6, 7, 8, 10, 11, 14, 16]",9,175.39,4.52,34,10,1,DIJKSTRA,1
ROUTE_004411,PLANT10,2024-02-22,PICKER_001,"[2, 6, 7, 9, 21]",5,42.55,2.71,57,1,1,GREEDY,0
ROUTE_004412,PLANT04,2023-03-20,PICKER_003,"[10, 11, 14, 15, 16, 18]",6,119.85,3.25,50,7,1,DIJKSTRA,0
ROUTE_004413,PLANT13,2024-09-26,PICKER_037,"[2, 8, 10]",3,51.35,3.66,62,9,1,MANUAL,0
ROUTE_004414,PLANT12,2023-09-02,PICKER_006,"[6, 10, 14, 17, 24, 25]",6,119.01,4.58,22,2,1,MANUAL,1
ROUTE_004415,PLANT07,2024-10-22,PICKER_038,"[3, 5, 12]",3,34.32,3.6,71,9,1,DIJKSTRA,1
ROUTE_004416,PLANT05,2024-10-08,PICKER_013,"[1, 4, 5, 6, 7, 8, 9]",7,140.28,3.52,80,7,1,GREEDY,1
ROUTE_004417,PLANT01,2023-03-26,PICKER_050,"[3, 11, 16, 23]",4,66.46,1.86,37,10,1,ASTAR,0
ROUTE_004418,PLANT07,2023-04-03,PICKER_021,"[5, 6, 7, 9, 10, 11, 12]",7,119.07,3.04,73,4,1,ASTAR,1
ROUTE_004419,PLANT14,2023-07-14,PICKER_001,"[2, 7, 11, 13, 18, 20, 24, 26, 27]",9,192.18,6.83,50,10,1,GREEDY,1
ROUTE_004420,PLANT03,2024-04-12,PICKER_035,"[1, 2, 6, 7, 10]",5,100.87,3.66,74,2,1,MANUAL,0
ROUTE_004421,PLANT06,2024-06-22,PICKER_007,"[4, 11, 21]",3,57.09,3.92,40,9,1,DIJKSTRA,1
ROUTE_004422,PLANT07,2024-05-18,PICKER_001,"[1, 2, 3, 5, 6, 9, 10, 11, 12]",9,169.33,5.47,48,2,1,DIJKSTRA,0
ROUTE_004423,PLANT09,2023-11-18,PICKER_023,"[1, 3, 6, 7, 10]",5,89.12,2.88,74,10,1,GREEDY,0
ROUTE_004424,PLANT18,2023-02-03,PICKER_036,"[1, 2, 4, 11, 12, 14, 15, 16]",8,175.74,6.21,34,6,1,MANUAL,1
ROUTE_004425,PLANT09,2024-11-17,PICKER_026,"[1, 2, 5, 6, 7]",5,62.58,2.47,23,9,1,GREEDY,0
ROUTE_004426,PLANT08,2024-10-11,PICKER_011,"[5, 25]",2,42.58,2.06,33,3,1,GREEDY,0
ROUTE_004427,PLANT06,2023-10-09,PICKER_006,"[1, 6, 11, 14, 16, 19, 22]",7,139.19,4.25,68,10,1,MANUAL,0
ROUTE_004428,PLANT03,2023-04-30,PICKER_010,"[5, 8, 9]",3,66.71,2.87,52,3,1,ASTAR,0
ROUTE_004429,PLANT06,2023-12-22,PICKER_038,"[2, 10, 24, 27]",4,84.6,2.43,69,6,1,MANUAL,0
ROUTE_004430,PLANT02,2023-11-11,PICKER_015,"[1, 2, 4]",3,70.52,2.81,23,3,1,GREEDY,0
ROUTE_004431,PLANT14,2024-02-22,PICKER_008,"[2, 6, 10, 13, 15, 17, 27, 28]",8,153.92,3.97,10,7,1,DIJKSTRA,0
ROUTE_004432,PLANT16,2024-05-18,PICKER_031,"[1, 4, 5, 8, 15]",5,100.49,4.98,48,9,1,ASTAR,1
ROUTE_004433,PLANT12,2023-12-17,PICKER_006,"[16, 21, 22]",3,76.09,2.12,76,5,1,DIJKSTRA,1
ROUTE_004434,PLANT03,2023-01-20,PICKER_048,"[1, 2, 3, 4, 5, 6, 7, 8, 9]",9,178.45,5.98,77,3,1,MANUAL,1
ROUTE_004435,PLANT13,2024-08-06,PICKER_027,"[1, 2, 3, 4, 6, 7, 8, 9, 10]",9,142.4,5.29,80,9,1,ASTAR,1
ROUTE_004436,PLANT10,2024-10-07,PICKER_027,"[7, 9, 13, 16, 18, 20, 23]",7,125.51,4.04,46,7,1,ASTAR,1
ROUTE_004437,PLANT18,2024-11-27,PICKER_025,"[7, 8, 9, 11, 13, 14]",6,92.46,4.3,9,5,1,DIJKSTRA,0
ROUTE_004438,PLANT13,2024-01-31,PICKER_027,"[1, 2, 4, 7, 9]",5,81.32,2.28,49,9,1,ASTAR,0
ROUTE_004439,PLANT01,2024-10-09,PICKER_025,"[8, 15, 18, 23]",4,71.98,2.64,9,5,1,ASTAR,1
ROUTE_004440,PLANT01,2023-06-30,PICKER_018,"[6, 17]",2,37.35,2.14,37,9,1,MANUAL,0
ROUTE_004441,PLANT13,2024-07-21,PICKER_018,"[1, 3, 4, 6, 9]",5,105.37,3.61,45,3,1,GREEDY,0
ROUTE_004442,PLANT11,2024-07-25,PICKER_045,"[2, 3, 4, 5]",4,67.9,3.98,52,5,1,DIJKSTRA,0
ROUTE_004443,PLANT05,2024-11-24,PICKER_010,"[3, 5, 6, 8, 9]",5,77.02,3.01,75,1,1,MANUAL,1
ROUTE_004444,PLANT08,2024-02-17,PICKER_041,"[1, 2, 5, 9, 22, 27, 28, 29]",8,147.64,4.98,76,2,1,MANUAL,0
ROUTE_004445,PLANT06,2023-02-26,PICKER_024,"[2, 7, 16, 20, 22, 25]",6,105.82,3.51,70,1,1,ASTAR,1
ROUTE_004446,PLANT14,2024-08-11,PICKER_026,"[22, 24]",2,20.67,1.32,13,7,1,MANUAL,0
ROUTE_004447,PLANT03,2023-11-27,PICKER_004,"[1, 2, 3, 4, 6, 7, 9, 11]",8,127.54,5.46,54,1,1,GREEDY,0
ROUTE_004448,PLANT04,2024-10-27,PICKER_025,"[3, 7, 8, 10, 11, 15, 19, 20]",8,166.94,5.17,62,8,1,DIJKSTRA,0
ROUTE_004449,PLANT03,2023-01-24,PICKER_016,"[1, 7, 8]",3,34.45,2.28,55,4,1,MANUAL,0
ROUTE_004450,PLANT20,2023-07-11,PICKER_039,"[3, 4, 6]",3,36.7,3.57,59,10,1,MANUAL,0
ROUTE_004451,PLANT17,2023-12-14,PICKER_028,"[3, 5, 16]",3,40.5,3.68,74,10,1,GREEDY,0
ROUTE_004452,PLANT08,2023-12-19,PICKER_037,"[1, 2, 7, 8, 20, 24, 26, 28]",8,98.41,3.19,39,4,1,ASTAR,1
ROUTE_004453,PLANT17,2023-11-24,PICKER_047,"[13, 22]",2,37.27,1.87,33,3,1,ASTAR,0
ROUTE_004454,PLANT16,2023-01-25,PICKER_045,"[3, 5, 6, 13]",4,96.3,4.0,51,6,1,ASTAR,0
ROUTE_004455,PLANT12,2024-05-29,PICKER_027,"[4, 5, 7, 8, 15, 21, 22, 25]",8,126.79,3.55,20,8,1,ASTAR,0
ROUTE_004456,PLANT13,2024-08-14,PICKER_024,"[1, 7, 8]",3,57.99,1.72,76,9,1,GREEDY,1
ROUTE_004457,PLANT17,2024-04-20,PICKER_009,"[1, 4, 6, 7, 15, 17, 21, 22, 23]",9,164.26,4.99,78,2,1,ASTAR,1
ROUTE_004458,PLANT01,2024-10-28,PICKER_031,"[10, 11, 24]",3,50.1,2.52,38,3,1,DIJKSTRA,0
ROUTE_004459,PLANT07,2023-05-17,PICKER_024,"[1, 2, 3, 5, 6, 7, 9, 12]",8,135.6,3.64,52,10,1,DIJKSTRA,0
ROUTE_004460,PLANT14,2024-02-13,PICKER_050,"[3, 13, 16, 20, 21]",5,59.32,2.6,64,8,1,ASTAR,0
ROUTE_004461,PLANT17,2024-03-23,PICKER_037,"[3, 5, 22, 24]",4,65.87,2.67,32,8,1,DIJKSTRA,1
ROUTE_004462,PLANT14,2024-03-17,PICKER_036,"[8, 10, 12, 13]",4,67.16,3.81,10,7,1,MANUAL,1
ROUTE_004463,PLANT03,2023-07-05,PICKER_008,"[1, 5, 7, 9, 11]",5,81.77,2.59,26,9,1,GREEDY,1
ROUTE_004464,PLANT17,2024-07-02,PICKER_009,"[11, 18, 23]",3,48.81,3.27,10,2,1,MANUAL,1
ROUTE_004465,PLANT02,2023-04-15,PICKER_007,"[1, 2, 3, 4, 5, 6]",6,100.75,3.21,46,3,1,GREEDY,0
ROUTE_004466,PLANT07,2024-10-10,PICKER_006,"[2, 4, 6, 7, 8, 9, 12]",7,105.78,3.55,41,6,1,MANUAL,0
ROUTE_004467,PLANT20,2024-08-21,PICKER_037,"[2, 4, 5, 7]",4,92.45,2.79,68,2,1,ASTAR,1
ROUTE_004468,PLANT16,2024-10-07,PICKER_007,"[2, 4, 5, 6, 7, 9, 12, 14, 15]",9,163.18,4.48,55,6,1,MANUAL,1
ROUTE_004469,PLANT13,2023-02-04,PICKER_020,"[3, 4, 5, 6, 9, 10]",6,108.65,4.83,66,6,1,MANUAL,1
ROUTE_004470,PLANT18,2024-04-07,PICKER_021,"[4, 5, 7, 8, 9, 14, 15]",7,121.24,4.2,75,1,1,GREEDY,1
ROUTE_004471,PLANT19,2023-09-29,PICKER_017,"[3, 10, 11, 22, 23]",5,74.31,2.62,28,10,1,DIJKSTRA,1
ROUTE_004472,PLANT15,2024-09-07,PICKER_002,"[3, 10]",2,25.81,1.82,30,10,1,DIJKSTRA,1
ROUTE_004473,PLANT10,2024-10-27,PICKER_018,"[5, 6, 8, 13, 14, 15, 22, 23]",8,176.48,6.32,22,10,1,ASTAR,1
ROUTE_004474,PLANT05,2023-04-10,PICKER_025,"[3, 4, 5, 7]",4,57.28,2.37,71,4,1,ASTAR,0
ROUTE_004475,PLANT16,2024-08-28,PICKER_026,"[1, 3, 5, 9, 11, 14, 16]",7,153.98,5.56,31,7,1,MANUAL,0
ROUTE_004476,PLANT01,2024-03-06,PICKER_039,"[3, 8, 9, 10, 18, 19, 21, 23, 25, 26]",10,158.4,3.95,53,3,1,MANUAL,0
ROUTE_004477,PLANT02,2023-09-17,PICKER_049,"[1, 2, 4, 5]",4,53.03,2.53,39,9,1,GREEDY,1
ROUTE_004478,PLANT12,2024-10-30,PICKER_029,"[8, 21]",2,33.73,2.56,28,2,1,GREEDY,1
ROUTE_004479,PLANT19,2024-06-17,PICKER_005,"[1, 3, 4, 9, 11, 13, 17, 23]",8,123.96,4.18,27,3,1,ASTAR,1
ROUTE_004480,PLANT10,2023-05-31,PICKER_001,"[3, 5, 12]",3,48.19,2.24,18,6,1,GREEDY,1
ROUTE_004481,PLANT16,2023-10-30,PICKER_005,"[1, 4, 8, 9, 10, 11, 12, 14, 15, 16]",10,172.41,6.31,9,5,1,MANUAL,0
ROUTE_004482,PLANT05,2023-05-26,PICKER_006,"[1, 2, 3, 4, 5, 6, 8, 9]",8,173.28,5.35,54,5,1,DIJKSTRA,0
ROUTE_004483,PLANT10,2024-04-02,PICKER_028,"[7, 18, 24]",3,45.21,2.53,61,1,1,MANUAL,0
ROUTE_004484,PLANT02,2024-11-23,PICKER_047,"[2, 4, 5]",3,53.61,3.87,74,8,1,GREEDY,1
ROUTE_004485,PLANT02,2024-06-03,PICKER_022,"[2, 3, 4, 5]",4,74.8,3.76,44,7,1,DIJKSTRA,0
ROUTE_004486,PLANT11,2024-01-01,PICKER_006,"[2, 3]",2,31.32,1.7,62,6,1,ASTAR,1
ROUTE_004487,PLANT06,2023-05-22,PICKER_010,"[6, 10, 15, 19, 21, 22, 24, 25]",8,126.86,4.46,55,3,1,GREEDY,0
ROUTE_004488,PLANT04,2023-04-19,PICKER_043,"[2, 13, 17]",3,51.03,3.2,31,2,1,DIJKSTRA,0
ROUTE_004489,PLANT12,2023-11-09,PICKER_029,"[17, 23]",2,17.92,2.77,65,1,1,MANUAL,0
ROUTE_004490,PLANT16,2023-08-29,PICKER_036,"[2, 3, 5, 7, 8, 9, 12, 14, 16]",9,164.9,6.19,26,6,1,ASTAR,1
ROUTE_004491,PLANT02,2024-02-02,PICKER_027,"[1, 2, 4, 5, 6]",5,88.36,3.77,11,1,1,DIJKSTRA,0
ROUTE_004492,PLANT20,2023-10-01,PICKER_047,"[1, 6]",2,27.88,3.01,73,6,1,ASTAR,1
ROUTE_004493,PLANT10,2024-05-05,PICKER_002,"[5, 6, 7, 10, 16, 19, 20, 21]",8,140.08,3.71,38,1,1,MANUAL,0
ROUTE_004494,PLANT16,2023-09-08,PICKER_015,"[5, 6, 7, 10, 12, 15]",6,86.14,2.43,33,5,1,GREEDY,1
ROUTE_004495,PLANT11,2024-11-04,PICKER_001,"[1, 2]",2,18.71,1.65,54,3,1,ASTAR,1
ROUTE_004496,PLANT11,2023-06-28,PICKER_048,"[1, 2, 3, 4]",4,55.24,3.54,46,7,1,ASTAR,1
ROUTE_004497,PLANT07,2023-01-09,PICKER_044,"[1, 4, 8]",3,54.96,3.16,50,6,1,MANUAL,1
ROUTE_004498,PLANT02,2023-07-27,PICKER_022,"[4, 5]",2,37.65,1.76,13,2,1,MANUAL,1
ROUTE_004499,PLANT12,2023-09-03,PICKER_049,"[3, 9, 11, 12, 13, 14, 16, 18, 21, 23]",10,142.61,4.44,54,7,1,ASTAR,0
ROUTE_004500,PLANT10,2023-07-25,PICKER_047,"[9, 10, 11, 12, 13, 14, 16, 20, 23]",9,197.05,6.69,66,7,1,ASTAR,1
ROUTE_004501,PLANT07,2023-09-14,PICKER_005,"[3, 6, 9]",3,53.21,3.2,64,9,1,ASTAR,1
ROUTE_004502,PLANT03,2024-08-04,PICKER_033,"[2, 3, 4, 5, 6, 7, 8, 9, 10, 11]",10,195.74,5.59,22,9,1,GREEDY,0
ROUTE_004503,PLANT11,2023-01-21,PICKER_023,"[1, 2, 3, 5]",4,85.13,2.37,33,9,1,GREEDY,1
ROUTE_004504,PLANT03,2023-02-05,PICKER_044,"[1, 2, 9]",3,20.62,3.36,61,1,1,ASTAR,0
ROUTE_004505,PLANT04,2024-07-16,PICKER_050,"[1, 5, 7, 16, 20]",5,100.2,4.16,49,6,1,DIJKSTRA,0
ROUTE_004506,PLANT04,2024-01-15,PICKER_039,"[1, 4, 6, 10, 13, 17, 18]",7,122.55,3.94,73,8,1,DIJKSTRA,0
ROUTE_004507,PLANT09,2024-08-30,PICKER_043,"[1, 9]",2,49.1,2.72,29,6,1,ASTAR,1
ROUTE_004508,PLANT20,2024-11-22,PICKER_012,"[1, 5]",2,36.78,3.54,14,6,1,DIJKSTRA,0
ROUTE_004509,PLANT12,2024-10-18,PICKER_011,"[4, 6, 9, 15, 16, 17, 20, 25]",8,112.19,3.73,80,2,1,GREEDY,1
ROUTE_004510,PLANT09,2023-04-03,PICKER_005,"[1, 2, 3, 6, 7, 8, 10]",7,129.43,3.45,25,4,1,DIJKSTRA,1
ROUTE_004511,PLANT06,2023-02-03,PICKER_001,"[5, 7, 18, 19, 24]",5,63.6,4.09,54,2,1,MANUAL,0
ROUTE_004512,PLANT04,2023-02-03,PICKER_032,"[3, 9, 15, 17, 19]",5,91.63,3.18,33,10,1,MANUAL,0
ROUTE_004513,PLANT19,2024-05-30,PICKER_013,"[7, 18, 19, 21]",4,67.72,3.29,49,8,1,DIJKSTRA,1
ROUTE_004514,PLANT05,2024-07-08,PICKER_031,"[7, 8]",2,34.62,3.4,42,2,1,GREEDY,1
ROUTE_004515,PLANT12,2024-11-24,PICKER_001,"[5, 6, 7, 16, 17, 19, 22, 24, 25]",9,144.23,3.51,38,3,1,MANUAL,1
ROUTE_004516,PLANT07,2023-08-30,PICKER_038,"[1, 2, 7, 9, 10, 11, 12]",7,87.62,2.53,28,3,1,GREEDY,1
ROUTE_004517,PLANT07,2024-10-31,PICKER_041,"[2, 4, 5, 7, 9, 11, 12]",7,116.5,4.56,48,6,1,MANUAL,1
ROUTE_004518,PLANT09,2024-02-06,PICKER_009,"[3, 4, 8]",3,33.44,3.63,65,10,1,DIJKSTRA,0
ROUTE_004519,PLANT11,2023-09-23,PICKER_038,"[1, 3, 4, 5]",4,33.94,3.52,19,8,1,ASTAR,0
ROUTE_004520,PLANT02,2024-12-01,PICKER_025,"[1, 3, 4, 6]",4,68.57,2.97,74,3,1,DIJKSTRA,0
ROUTE_004521,PLANT05,2023-06-02,PICKER_017,"[1, 2, 3, 4, 5, 6, 8, 9]",8,131.14,5.17,32,5,1,ASTAR,1
ROUTE_004522,PLANT13,2023-05-07,PICKER_004,"[1, 2, 3, 4, 5, 6, 7, 8, 9, 10]",10,177.9,4.32,45,5,1,GREEDY,0
ROUTE_004523,PLANT20,2023-02-18,PICKER_029,"[1, 3, 4, 5, 6, 7]",6,94.54,4.42,24,1,1,DIJKSTRA,1
ROUTE_004524,PLANT08,2024-10-22,PICKER_015,"[9, 24]",2,24.75,2.15,64,1,1,MANUAL,1
ROUTE_004525,PLANT02,2023-11-23,PICKER_050,"[1, 3, 4, 6]",4,78.48,3.31,57,5,1,DIJKSTRA,1
ROUTE_004526,PLANT09,2023-07-05,PICKER_047,"[1, 2, 4, 5, 6, 7, 8, 10]",8,137.18,5.06,66,1,1,ASTAR,1
ROUTE_004527,PLANT12,2024-05-11,PICKER_049,"[7, 8, 9, 12, 14, 15, 18, 25]",8,183.68,4.9,54,4,1,DIJKSTRA,0
ROUTE_004528,PLANT05,2024-09-03,PICKER_029,"[2, 9]",2,29.98,2.74,59,8,1,ASTAR,0
ROUTE_004529,PLANT17,2024-03-10,PICKER_018,"[5, 7, 13, 14, 15, 24]",6,90.88,2.82,38,1,1,ASTAR,1
ROUTE_004530,PLANT12,2024-07-22,PICKER_030,"[6, 7, 8, 9, 10, 16, 17, 20, 21]",9,138.45,5.51,78,8,1,MANUAL,1
ROUTE_004531,PLANT01,2023-01-26,PICKER_017,"[8, 18]",2,44.37,1.63,30,9,1,ASTAR,1
ROUTE_004532,PLANT04,2024-08-24,PICKER_034,"[2, 4, 5, 8, 9, 12, 13, 14, 15, 16]",10,203.81,4.86,43,3,1,DIJKSTRA,0
ROUTE_004533,PLANT14,2024-04-30,PICKER_001,"[16, 21, 22, 23, 24, 28]",6,119.17,4.14,28,3,1,ASTAR,0
ROUTE_004534,PLANT11,2023-05-07,PICKER_025,"[1, 3, 4]",3,51.98,2.0,30,9,1,ASTAR,1
ROUTE_004535,PLANT19,2023-01-17,PICKER_043,"[2, 7, 8, 12, 19, 20]",6,71.11,4.08,44,10,1,DIJKSTRA,1
ROUTE_004536,PLANT07,2023-09-13,PICKER_016,"[1, 2, 3, 5, 7, 9, 10, 12]",8,180.06,6.42,51,9,1,DIJKSTRA,1
ROUTE_004537,PLANT07,2024-04-23,PICKER_029,"[1, 5, 6, 7, 8, 10, 12]",7,166.34,5.04,57,3,1,DIJKSTRA,1
ROUTE_004538,PLANT01,2024-04-26,PICKER_039,"[2, 4, 5, 8, 9, 12, 13, 18, 23]",9,152.5,5.08,16,10,1,MANUAL,1
ROUTE_004539,PLANT03,2023-10-13,PICKER_040,"[1, 2, 3, 4, 5, 6, 8, 9, 10, 11]",10,210.08,6.25,64,2,1,MANUAL,0
ROUTE_004540,PLANT01,2023-09-18,PICKER_009,"[2, 24]",2,23.71,2.32,46,10,1,MANUAL,0
ROUTE_004541,PLANT04,2023-06-10,PICKER_032,"[3, 8, 10, 11, 17, 18, 20]",7,97.34,3.82,78,8,1,DIJKSTRA,0
ROUTE_004542,PLANT15,2024-08-04,PICKER_026,"[1, 3, 6, 7, 11, 16, 17, 22]",8,98.86,3.31,31,5,1,MANUAL,1
ROUTE_004543,PLANT12,2024-01-18,PICKER_036,"[5, 12, 20, 22]",4,72.1,3.0,78,7,1,MANUAL,0
ROUTE_004544,PLANT19,2024-07-17,PICKER_030,"[4, 11]",2,25.36,3.07,75,9,1,DIJKSTRA,0
ROUTE_004545,PLANT08,2024-02-26,PICKER_010,"[6, 13, 18, 20, 27, 28]",6,133.4,4.07,33,2,1,MANUAL,1
ROUTE_004546,PLANT06,2024-11-02,PICKER_035,"[19, 28]",2,21.1,3.01,54,1,1,GREEDY,0
ROUTE_004547,PLANT09,2023-02-03,PICKER_033,"[2, 3, 4, 6, 7, 8, 9, 10]",8,100.7,3.22,16,6,1,MANUAL,1
ROUTE_004548,PLANT09,2024-10-29,PICKER_008,"[2, 3, 8]",3,43.56,2.65,36,3,1,ASTAR,0
ROUTE_004549,PLANT13,2023-09-19,PICKER_020,"[1, 7]",2,46.51,2.39,35,9,1,GREEDY,1
ROUTE_004550,PLANT02,2023-01-12,PICKER_027,"[1, 4, 6]",3,71.4,2.97,67,4,1,ASTAR,0
ROUTE_004551,PLANT06,2023-04-05,PICKER_046,"[5, 8, 22, 24]",4,50.3,2.88,42,7,1,MANUAL,0
ROUTE_004552,PLANT14,2023-09-21,PICKER_014,"[6, 8, 14, 16]",4,51.39,2.52,70,10,1,GREEDY,1
ROUTE_004553,PLANT17,2023-07-02,PICKER_040,"[4, 7, 16, 18, 19]",5,89.87,2.51,68,1,1,MANUAL,1
ROUTE_004554,PLANT11,2023-07-07,PICKER_011,"[2, 3, 4, 5]",4,78.92,3.9,27,3,1,ASTAR,1
ROUTE_004555,PLANT20,2024-02-06,PICKER_049,"[4, 5, 6]",3,52.54,2.3,23,1,1,GREEDY,1
ROUTE_004556,PLANT01,2024-11-14,PICKER_050,"[4, 7, 8, 12, 16, 18, 22, 23, 24]",9,143.62,4.04,14,8,1,DIJKSTRA,0
ROUTE_004557,PLANT03,2023-09-09,PICKER_005,"[1, 2, 3, 4, 8, 9, 10, 11]",8,131.17,4.59,27,1,1,ASTAR,0
ROUTE_004558,PLANT19,2023-04-12,PICKER_023,"[17, 18]",2,29.99,2.45,17,8,1,GREEDY,1
ROUTE_004559,PLANT19,2023-01-25,PICKER_032,"[4, 5, 10, 15, 17, 18, 21, 23]",8,139.42,4.02,58,7,1,MANUAL,1
ROUTE_004560,PLANT14,2023-11-08,PICKER_049,"[5, 8, 11, 13, 15, 16, 20, 21, 22, 23]",10,180.51,4.4,33,5,1,GREEDY,0
ROUTE_004561,PLANT09,2024-09-17,PICKER_045,"[3, 4, 7, 10]",4,49.2,2.34,31,2,1,GREEDY,0
ROUTE_004562,PLANT06,2023-08-13,PICKER_016,"[2, 8, 9, 15, 22, 23, 28]",7,133.82,3.28,66,5,1,ASTAR,0
ROUTE_004563,PLANT15,2023-05-27,PICKER_018,"[3, 6, 7, 8, 14, 19, 21]",7,118.28,3.98,54,7,1,MANUAL,0
ROUTE_004564,PLANT14,2023-03-11,PICKER_038,"[3, 7, 8, 11, 15, 17, 21, 23, 24]",9,154.72,3.95,51,8,1,MANUAL,1
ROUTE_004565,PLANT09,2023-09-21,PICKER_040,"[6, 9]",2,49.85,2.3,10,8,1,MANUAL,1
ROUTE_004566,PLANT14,2024-11-14,PICKER_038,"[1, 2, 4, 16, 21, 22, 24]",7,155.08,3.84,31,2,1,DIJKSTRA,1
ROUTE_004567,PLANT05,2023-08-03,PICKER_004,"[3, 5]",2,41.24,2.22,35,8,1,MANUAL,1
ROUTE_004568,PLANT08,2023-08-28,PICKER_030,"[4, 18, 24, 26, 27]",5,59.29,3.14,33,9,1,GREEDY,1
ROUTE_004569,PLANT12,2024-12-18,PICKER_014,"[2, 13, 16, 18, 22, 23]",6,96.93,4.01,25,3,1,DIJKSTRA,1
ROUTE_004570,PLANT05,2024-09-06,PICKER_050,"[3, 5, 7]",3,53.87,2.18,45,7,1,DIJKSTRA,0
ROUTE_004571,PLANT12,2024-10-22,PICKER_031,"[5, 10, 13]",3,67.57,4.32,80,7,1,DIJKSTRA,1
ROUTE_004572,PLANT06,2024-12-22,PICKER_039,"[5, 8, 14]",3,46.45,2.14,32,6,1,MANUAL,1
ROUTE_004573,PLANT19,2023-04-12,PICKER_039,"[2, 6, 11, 17]",4,63.81,2.16,8,8,1,DIJKSTRA,0
ROUTE_004574,PLANT03,2024-12-04,PICKER_036,"[1, 2, 3, 4, 6, 7, 8, 9, 11]",9,134.87,4.06,25,6,1,MANUAL,0
ROUTE_004575,PLANT17,2023-10-06,PICKER_020,"[1, 7, 11, 15, 18, 20]",6,113.81,4.52,80,9,1,DIJKSTRA,1
ROUTE_004576,PLANT07,2023-02-28,PICKER_012,"[3, 4, 7, 8, 9, 10, 11, 12]",8,148.61,3.51,46,7,1,DIJKSTRA,1
ROUTE_004577,PLANT18,2024-09-08,PICKER_026,"[1, 7, 12, 16]",4,79.02,2.72,15,2,1,GREEDY,1
ROUTE_004578,PLANT11,2023-01-03,PICKER_005,"[1, 2, 4, 5]",4,54.83,1.88,75,8,1,DIJKSTRA,0
ROUTE_004579,PLANT10,2024-03-31,PICKER_028,"[1, 3, 6, 12, 17, 19, 22]",7,130.89,3.75,23,2,1,ASTAR,1
ROUTE_004580,PLANT20,2023-03-29,PICKER_036,"[1, 2, 3, 4, 5, 6, 7]",7,96.3,4.24,13,5,1,DIJKSTRA,0
ROUTE_004581,PLANT13,2024-07-11,PICKER_034,"[6, 7, 9, 10]",4,72.8,2.99,24,6,1,MANUAL,0
ROUTE_004582,PLANT07,2023-06-20,PICKER_044,"[1, 5, 6, 11, 12]",5,88.98,2.58,66,1,1,GREEDY,0
ROUTE_004583,PLANT11,2023-02-07,PICKER_035,"[1, 2]",2,43.12,1.37,76,3,1,DIJKSTRA,1
ROUTE_004584,PLANT15,2024-04-17,PICKER_004,"[5, 6, 7, 9, 15, 19, 24]",7,97.22,3.95,43,7,1,GREEDY,0
ROUTE_004585,PLANT06,2023-08-07,PICKER_019,"[7, 8, 12, 19, 27]",5,82.5,2.95,22,3,1,GREEDY,1
ROUTE_004586,PLANT15,2024-11-08,PICKER_029,"[11, 12, 14, 15, 19, 20, 22, 23]",8,126.07,5.13,15,5,1,ASTAR,1
ROUTE_004587,PLANT03,2024-12-10,PICKER_016,"[2, 4, 7]",3,61.96,3.27,64,1,1,MANUAL,0
ROUTE_004588,PLANT12,2023-02-26,PICKER_043,"[1, 3, 5, 7, 9, 15]",6,86.52,3.0,8,2,1,DIJKSTRA,1
ROUTE_004589,PLANT02,2023-04-28,PICKER_036,"[3, 4, 5]",3,57.04,1.83,7,9,1,DIJKSTRA,1
ROUTE_004590,PLANT06,2024-07-23,PICKER_039,"[5, 6, 7, 10, 13, 14, 16, 17, 22]",9,160.01,4.16,12,3,1,MANUAL,0
ROUTE_004591,PLANT19,2024-03-08,PICKER_018,"[1, 6]",2,36.02,3.21,62,6,1,ASTAR,1
ROUTE_004592,PLANT19,2024-01-17,PICKER_002,"[3, 4, 5, 7, 11, 13, 16, 19, 20]",9,173.16,5.74,49,7,1,DIJKSTRA,1
ROUTE_004593,PLANT01,2023-11-24,PICKER_012,"[6, 9, 10, 11, 15, 18, 20, 21, 23, 26]",10,170.24,6.39,55,8,1,MANUAL,0
ROUTE_004594,PLANT20,2023-06-03,PICKER_007,"[1, 2, 3, 4, 5, 6, 7]",7,102.69,4.47,39,9,1,GREEDY,0
ROUTE_004595,PLANT05,2023-12-16,PICKER_002,"[1, 2, 3, 5, 6, 8, 9]",7,104.14,3.01,78,1,1,MANUAL,0
ROUTE_004596,PLANT04,2023-03-26,PICKER_008,"[3, 10, 11, 13, 15, 20]",6,121.91,3.24,57,2,1,MANUAL,1
ROUTE_004597,PLANT12,2023-07-04,PICKER_027,"[2, 22]",2,24.91,2.99,28,5,1,ASTAR,0
ROUTE_004598,PLANT07,2023-11-26,PICKER_022,"[1, 2, 3, 4, 5]",5,102.81,4.92,33,7,1,DIJKSTRA,0
ROUTE_004599,PLANT11,2024-04-29,PICKER_043,"[1, 2]",2,37.43,3.12,8,7,1,GREEDY,0
ROUTE_004600,PLANT19,2024-04-05,PICKER_016,"[8, 10, 18, 20, 22]",5,99.99,2.66,71,6,1,GREEDY,1
ROUTE_004601,PLANT07,2024-09-25,PICKER_023,"[1, 5, 9]",3,47.72,1.57,13,5,1,DIJKSTRA,1
ROUTE_004602,PLANT20,2024-05-05,PICKER_020,"[1, 2, 3, 5, 6, 7]",6,123.54,3.05,21,10,1,DIJKSTRA,0
ROUTE_004603,PLANT09,2023-10-16,PICKER_003,"[2, 3, 4, 5, 6, 7, 8, 9, 10]",9,182.1,6.35,9,6,1,MANUAL,0
ROUTE_004604,PLANT19,2023-09-04,PICKER_024,"[8, 9, 11, 13, 14, 18, 19, 21, 22, 23]",10,200.03,6.67,58,5,1,ASTAR,1
ROUTE_004605,PLANT18,2024-03-31,PICKER_043,"[1, 8, 10]",3,50.61,3.29,9,7,1,DIJKSTRA,1
ROUTE_004606,PLANT18,2024-05-17,PICKER_023,"[5, 7, 9, 13]",4,76.68,4.05,66,8,1,ASTAR,1
ROUTE_004607,PLANT04,2024-12-12,PICKER_017,"[1, 7, 12, 13, 14, 16, 17, 18, 19, 20]",10,126.02,4.51,44,3,1,ASTAR,0
ROUTE_004608,PLANT19,2024-07-28,PICKER_044,"[7, 8, 15, 16, 17, 22]",6,58.22,2.27,43,5,1,DIJKSTRA,0
ROUTE_004609,PLANT06,2024-04-07,PICKER_042,"[4, 6, 11, 19, 22, 24, 26]",7,107.56,2.69,79,5,1,GREEDY,0
ROUTE_004610,PLANT03,2023-12-18,PICKER_029,"[7, 10]",2,46.81,1.55,58,7,1,ASTAR,1
ROUTE_004611,PLANT12,2023-10-10,PICKER_005,"[10, 11, 14, 15, 22, 24]",6,108.51,2.87,69,5,1,DIJKSTRA,0
ROUTE_004612,PLANT08,2023-10-08,PICKER_030,"[6, 7, 13, 15, 16, 18, 23, 27]",8,138.85,3.58,45,9,1,ASTAR,0
ROUTE_004613,PLANT06,2023-12-06,PICKER_039,"[13, 14, 21, 22]",4,61.74,2.06,12,1,1,DIJKSTRA,1
ROUTE_004614,PLANT19,2023-02-15,PICKER_013,"[3, 8, 10, 14]",4,73.39,3.7,5,7,1,DIJKSTRA,0
ROUTE_004615,PLANT10,2023-03-17,PICKER_014,"[2, 13, 14]",3,68.72,3.59,26,1,1,DIJKSTRA,0
ROUTE_004616,PLANT12,2024-10-29,PICKER_001,"[1, 4, 6, 11, 15, 16, 17, 18, 24]",9,169.92,6.02,12,5,1,GREEDY,1
ROUTE_004617,PLANT14,2024-07-20,PICKER_008,"[5, 7, 10, 22, 24, 26]",6,93.37,3.53,43,9,1,DIJKSTRA,0
ROUTE_004618,PLANT10,2023-07-06,PICKER_004,"[1, 2, 4, 9, 12]",5,103.36,4.02,51,10,1,GREEDY,1
ROUTE_004619,PLANT12,2024-01-03,PICKER_037,"[4, 8, 12, 15, 17, 18, 19, 20]",8,135.43,5.05,26,8,1,MANUAL,1
ROUTE_004620,PLANT19,2024-06-28,PICKER_018,"[11, 17, 19, 22, 23]",5,89.73,4.54,72,2,1,DIJKSTRA,1
ROUTE_004621,PLANT18,2024-08-02,PICKER_021,"[1, 2, 4, 6, 13, 14, 16]",7,112.91,3.25,42,7,1,MANUAL,1
ROUTE_004622,PLANT20,2024-02-28,PICKER_048,"[3, 5, 6]",3,47.46,2.97,18,1,1,ASTAR,0
ROUTE_004623,PLANT14,2023-07-06,PICKER_022,"[11, 14, 27, 28]",4,73.88,3.74,64,1,1,GREEDY,0
ROUTE_004624,PLANT19,2023-04-28,PICKER_039,"[5, 13]",2,33.7,1.64,55,3,1,DIJKSTRA,1
ROUTE_004625,PLANT17,2024-03-05,PICKER_041,"[5, 9, 10, 13, 20]",5,90.36,2.77,67,2,1,DIJKSTRA,0
ROUTE_004626,PLANT02,2024-12-22,PICKER_027,"[4, 5]",2,54.3,2.2,73,9,1,ASTAR,0
ROUTE_004627,PLANT01,2024-02-14,PICKER_026,"[2, 7, 10, 13, 15]",5,72.12,3.97,52,2,1,GREEDY,0
ROUTE_004628,PLANT19,2024-12-13,PICKER_050,"[1, 2, 13, 22, 23]",5,91.43,3.88,54,8,1,MANUAL,0
ROUTE_004629,PLANT06,2023-02-01,PICKER_005,"[1, 6, 8, 12, 13, 18, 27]",7,128.36,4.75,36,1,1,MANUAL,0
ROUTE_004630,PLANT14,2023-07-15,PICKER_034,"[3, 7, 9, 15, 19, 25, 27]",7,126.04,5.06,69,9,1,GREEDY,0
ROUTE_004631,PLANT03,2023-10-22,PICKER_042,"[3, 6, 7, 9, 10, 11]",6,119.78,4.64,60,7,1,MANUAL,1
ROUTE_004632,PLANT17,2023-03-16,PICKER_045,"[8, 11, 12, 13, 14, 15, 16, 21]",8,167.62,3.94,10,3,1,MANUAL,1
ROUTE_004633,PLANT13,2024-04-02,PICKER_046,"[1, 2, 3, 4, 5, 6, 8, 9, 10]",9,168.17,4.16,65,6,1,DIJKSTRA,1
ROUTE_004634,PLANT04,2024-09-15,PICKER_048,"[2, 7, 8, 18, 19, 20]",6,126.14,5.2,42,1,1,GREEDY,1
ROUTE_004635,PLANT06,2023-11-19,PICKER_044,"[11, 24, 26, 27]",4,58.01,2.4,39,3,1,DIJKSTRA,1
ROUTE_004636,PLANT06,2023-05-26,PICKER_046,"[4, 11, 17, 19, 28]",5,91.56,4.18,57,8,1,MANUAL,0
ROUTE_004637,PLANT06,2023-02-10,PICKER_028,"[2, 4, 7, 10, 12, 23, 26, 28]",8,150.14,5.36,57,8,1,DIJKSTRA,1
ROUTE_004638,PLANT20,2023-03-08,PICKER_014,"[2, 3, 4, 5, 6]",5,92.5,3.27,30,5,1,GREEDY,1
ROUTE_004639,PLANT03,2024-12-06,PICKER_008,"[1, 2, 5, 6, 8, 9, 10, 11]",8,172.48,4.61,30,6,1,GREEDY,0
ROUTE_004640,PLANT18,2023-07-09,PICKER_012,"[1, 4, 7, 9, 10, 11, 12, 13, 14, 15]",10,158.52,5.81,11,1,1,DIJKSTRA,0
ROUTE_004641,PLANT09,2023-12-09,PICKER_047,"[4, 6, 10]",3,67.74,2.79,80,5,1,DIJKSTRA,0
ROUTE_004642,PLANT13,2024-09-12,PICKER_046,"[2, 3, 4, 6, 10]",5,70.0,2.81,49,2,1,MANUAL,1
ROUTE_004643,PLANT16,2023-03-17,PICKER_016,"[1, 8, 10, 11, 12, 15]",6,92.69,4.29,48,9,1,DIJKSTRA,0
ROUTE_004644,PLANT15,2024-02-26,PICKER_035,"[1, 2, 3, 5, 6, 7, 10, 18, 23]",9,145.02,5.49,71,9,1,MANUAL,0
ROUTE_004645,PLANT07,2024-10-10,PICKER_031,"[2, 3, 4, 8]",4,61.87,1.75,33,4,1,ASTAR,0
ROUTE_004646,PLANT01,2023-09-02,PICKER_016,"[11, 12, 13, 19, 21, 24]",6,86.61,2.73,59,10,1,MANUAL,1
ROUTE_004647,PLANT05,2024-10-15,PICKER_030,"[2, 3, 4, 5, 6, 7]",6,108.8,4.12,71,6,1,DIJKSTRA,0
ROUTE_004648,PLANT14,2024-04-07,PICKER_037,"[8, 13, 19, 21]",4,80.6,4.47,78,4,1,GREEDY,0
ROUTE_004649,PLANT16,2023-02-28,PICKER_003,"[2, 5, 6, 7, 8, 10, 13, 14]",8,111.89,4.65,21,4,1,MANUAL,0
ROUTE_004650,PLANT06,2023-06-16,PICKER_045,"[2, 8, 10, 13, 14, 15, 17, 19, 21, 25]",10,166.0,4.95,70,2,1,DIJKSTRA,1
ROUTE_004651,PLANT18,2023-04-03,PICKER_025,"[1, 3, 4, 6, 7, 9, 10, 16]",8,134.8,4.3,17,9,1,DIJKSTRA,1
ROUTE_004652,PLANT19,2024-09-06,PICKER_037,"[1, 9, 13, 20, 22]",5,101.65,4.47,6,1,1,GREEDY,1
ROUTE_004653,PLANT01,2024-08-29,PICKER_048,"[5, 16]",2,51.95,3.1,45,2,1,MANUAL,0
ROUTE_004654,PLANT16,2024-11-12,PICKER_012,"[2, 5, 6, 11]",4,58.54,2.98,40,8,1,ASTAR,0
ROUTE_004655,PLANT01,2024-04-24,PICKER_027,"[2, 5, 13, 15, 22, 25, 26]",7,118.48,4.12,59,10,1,ASTAR,1
ROUTE_004656,PLANT19,2023-02-05,PICKER_048,"[1, 18, 22, 23]",4,88.93,2.9,41,6,1,DIJKSTRA,0
ROUTE_004657,PLANT11,2024-01-31,PICKER_047,"[1, 2, 3, 4, 5]",5,89.89,2.57,77,10,1,DIJKSTRA,0
ROUTE_004658,PLANT07,2023-07-16,PICKER_014,"[1, 3, 6, 9, 11]",5,115.12,4.72,65,1,1,MANUAL,0
ROUTE_004659,PLANT20,2023-07-15,PICKER_014,"[3, 4, 5]",3,57.39,1.71,77,3,1,DIJKSTRA,0
ROUTE_004660,PLANT08,2023-11-02,PICKER_041,"[12, 29]",2,53.41,3.62,22,7,1,GREEDY,0
ROUTE_004661,PLANT03,2023-11-04,PICKER_011,"[1, 3, 4, 5, 6, 7, 8, 9, 10, 11]",10,169.32,5.76,73,2,1,DIJKSTRA,1
ROUTE_004662,PLANT15,2023-06-18,PICKER_036,"[5, 8, 9, 10, 13, 17, 23]",7,138.65,5.36,30,8,1,ASTAR,0
ROUTE_004663,PLANT03,2023-07-21,PICKER_003,"[1, 3, 4, 5, 6, 9]",6,129.95,3.18,30,5,1,DIJKSTRA,0
ROUTE_004664,PLANT19,2023-04-12,PICKER_003,"[3, 12]",2,32.3,1.46,77,7,1,MANUAL,0
ROUTE_004665,PLANT07,2023-11-02,PICKER_009,"[1, 3, 5, 8, 11]",5,75.38,2.18,9,6,1,DIJKSTRA,1
ROUTE_004666,PLANT07,2024-04-02,PICKER_006,"[3, 4, 5, 6, 7, 8, 9, 10, 11, 12]",10,144.14,3.56,25,7,1,MANUAL,1
ROUTE_004667,PLANT09,2023-02-02,PICKER_020,"[1, 3, 5, 6, 7]",5,105.98,3.34,37,4,1,GREEDY,0
ROUTE_004668,PLANT06,2023-07-20,PICKER_043,"[7, 8, 11, 12, 24]",5,52.2,2.55,24,5,1,DIJKSTRA,1
ROUTE_004669,PLANT14,2023-02-16,PICKER_007,"[13, 18, 19]",3,41.13,3.08,29,2,1,ASTAR,1
ROUTE_004670,PLANT11,2024-07-26,PICKER_006,"[1, 2, 3, 4]",4,89.63,2.51,75,8,1,ASTAR,0
ROUTE_004671,PLANT18,2024-06-20,PICKER_002,"[4, 10]",2,33.46,2.7,10,7,1,GREEDY,0
ROUTE_004672,PLANT11,2024-06-22,PICKER_020,"[1, 2, 3, 5]",4,63.5,2.13,77,3,1,GREEDY,1
ROUTE_004673,PLANT19,2024-10-11,PICKER_015,"[10, 19, 20]",3,58.25,2.55,18,8,1,GREEDY,0
ROUTE_004674,PLANT07,2024-05-27,PICKER_012,"[3, 6, 9]",3,46.93,3.29,29,7,1,MANUAL,1
ROUTE_004675,PLANT08,2024-04-16,PICKER_013,"[1, 3, 4, 7, 10, 21, 23]",7,137.73,5.53,48,5,1,MANUAL,1
ROUTE_004676,PLANT07,2023-03-10,PICKER_035,"[1, 2, 5, 6, 7, 8, 9, 10, 11]",9,177.64,6.3,47,3,1,DIJKSTRA,1
ROUTE_004677,PLANT18,2023-12-23,PICKER_045,"[2, 8, 9, 11, 13]",5,90.86,3.21,39,2,1,DIJKSTRA,1
ROUTE_004678,PLANT07,2024-09-15,PICKER_035,"[1, 2, 4, 6, 9]",5,70.93,3.61,24,3,1,ASTAR,0
ROUTE_004679,PLANT03,2024-03-26,PICKER_049,"[1, 3, 6, 7, 8, 9, 10, 11]",8,175.32,5.09,8,7,1,ASTAR,1
ROUTE_004680,PLANT05,2023-07-23,PICKER_047,"[2, 5]",2,38.45,3.23,64,3,1,DIJKSTRA,0
ROUTE_004681,PLANT06,2023-11-24,PICKER_004,"[9, 12, 15]",3,48.58,3.24,59,8,1,ASTAR,1
ROUTE_004682,PLANT16,2024-02-16,PICKER_014,"[6, 10]",2,31.08,1.26,6,9,1,MANUAL,1
ROUTE_004683,PLANT11,2024-08-30,PICKER_023,"[1, 2, 3]",3,54.18,2.27,62,4,1,DIJKSTRA,0
ROUTE_004684,PLANT10,2023-07-04,PICKER_031,"[3, 13]",2,30.08,3.26,75,9,1,ASTAR,1
ROUTE_004685,PLANT06,2024-01-08,PICKER_024,"[1, 3, 9, 11, 13, 14, 16, 17, 18, 24]",10,176.92,5.46,65,1,1,ASTAR,1
ROUTE_004686,PLANT07,2024-12-07,PICKER_011,"[2, 8, 9]",3,43.45,3.1,64,7,1,GREEDY,0
ROUTE_004687,PLANT16,2023-07-31,PICKER_035,"[2, 8, 10, 13]",4,43.21,3.02,9,4,1,ASTAR,1
ROUTE_004688,PLANT15,2024-04-07,PICKER_049,"[2, 6, 14, 20]",4,94.87,4.59,56,3,1,ASTAR,1
ROUTE_004689,PLANT17,2023-03-20,PICKER_037,"[1, 2, 4, 5, 7, 16, 17, 19, 20]",9,199.96,5.32,79,8,1,DIJKSTRA,1
ROUTE_004690,PLANT02,2024-01-16,PICKER_012,"[1, 3, 4, 5, 6]",5,79.1,3.95,67,3,1,GREEDY,1
ROUTE_004691,PLANT05,2023-11-17,PICKER_041,"[3, 5, 6]",3,53.12,3.14,7,6,1,ASTAR,0
ROUTE_004692,PLANT12,2024-08-18,PICKER_011,"[9, 10, 14, 18, 21]",5,83.64,4.38,70,3,1,GREEDY,0
ROUTE_004693,PLANT11,2023-05-24,PICKER_005,"[2, 4, 5]",3,66.09,2.87,31,8,1,DIJKSTRA,0
ROUTE_004694,PLANT08,2024-01-22,PICKER_011,"[7, 8, 11, 13, 22, 24, 25, 29]",8,136.71,3.46,47,7,1,GREEDY,1
ROUTE_004695,PLANT13,2024-04-21,PICKER_020,"[2, 5, 7, 10]",4,55.24,2.59,21,10,1,ASTAR,1
ROUTE_004696,PLANT08,2023-11-29,PICKER_030,"[5, 6, 13]",3,45.06,2.29,74,4,1,MANUAL,1
ROUTE_004697,PLANT03,2024-09-19,PICKER_034,"[1, 3, 6, 7, 10, 11]",6,120.32,5.3,42,6,1,GREEDY,0
ROUTE_004698,PLANT04,2023-06-30,PICKER_021,"[14, 15, 17, 19]",4,58.0,1.99,33,9,1,GREEDY,0
ROUTE_004699,PLANT07,2024-06-05,PICKER_013,"[2, 3, 5, 6, 8, 11, 12]",7,130.82,3.18,23,10,1,ASTAR,1
ROUTE_004700,PLANT01,2023-11-27,PICKER_001,"[1, 2, 11, 13, 16, 17, 20, 26]",8,140.07,5.42,33,4,1,ASTAR,1
ROUTE_004701,PLANT14,2024-07-09,PICKER_038,"[5, 6, 9, 15, 17, 18, 21, 22, 23, 28]",10,154.17,5.63,55,8,1,MANUAL,1
ROUTE_004702,PLANT15,2023-12-02,PICKER_031,"[6, 7, 8, 9, 11, 17, 20, 25]",8,144.57,5.63,66,4,1,GREEDY,1
ROUTE_004703,PLANT20,2024-04-12,PICKER_046,"[1, 3, 5, 7]",4,57.87,3.5,13,9,1,ASTAR,0
ROUTE_004704,PLANT13,2024-08-15,PICKER_026,"[4, 10]",2,23.86,1.46,35,3,1,ASTAR,0
ROUTE_004705,PLANT07,2024-08-28,PICKER_042,"[1, 2, 3, 5, 6, 9, 10, 11, 12]",9,128.23,5.46,45,1,1,GREEDY,1
ROUTE_004706,PLANT11,2023-03-19,PICKER_024,"[1, 2, 3, 4, 5]",5,95.52,2.62,36,2,1,GREEDY,1
ROUTE_004707,PLANT06,2023-07-21,PICKER_040,"[6, 10]",2,41.54,1.74,32,10,1,GREEDY,1
ROUTE_004708,PLANT20,2023-11-25,PICKER_019,"[3, 6]",2,35.15,2.26,67,5,1,DIJKSTRA,0
ROUTE_004709,PLANT09,2024-04-29,PICKER_027,"[1, 8, 10]",3,32.65,2.26,79,8,1,MANUAL,1
ROUTE_004710,PLANT18,2023-01-30,PICKER_015,"[2, 4, 5, 7, 9, 10, 11, 13, 14, 16]",10,176.77,5.54,23,8,1,ASTAR,1
ROUTE_004711,PLANT03,2024-03-01,PICKER_005,"[2, 3, 4, 5, 6, 8, 9, 10, 11]",9,180.92,6.18,23,8,1,ASTAR,0
ROUTE_004712,PLANT07,2023-01-26,PICKER_028,"[2, 3, 4, 6, 8, 9, 10, 12]",8,135.98,5.53,48,4,1,MANUAL,0
ROUTE_004713,PLANT16,2023-07-25,PICKER_024,"[4, 5, 7, 8, 11, 13, 15]",7,107.24,3.61,57,3,1,MANUAL,0
ROUTE_004714,PLANT05,2024-07-07,PICKER_035,"[1, 2, 3, 4, 5, 8, 9]",7,113.55,4.71,80,7,1,ASTAR,0
ROUTE_004715,PLANT02,2024-08-07,PICKER_035,"[2, 3, 4, 5, 6]",5,108.77,3.63,41,8,1,MANUAL,1
ROUTE_004716,PLANT09,2024-11-26,PICKER_007,"[1, 2, 4, 5, 6, 7, 8, 9, 10]",9,143.32,4.12,72,2,1,MANUAL,0
ROUTE_004717,PLANT14,2024-01-15,PICKER_026,"[16, 27]",2,55.81,2.73,17,1,1,MANUAL,1
ROUTE_004718,PLANT16,2023-11-09,PICKER_024,"[5, 6, 7, 8, 10, 11, 12, 13, 14, 15]",10,178.55,5.48,42,7,1,GREEDY,0
ROUTE_004719,PLANT18,2023-10-16,PICKER_023,"[2, 6, 13]",3,55.6,2.83,17,8,1,DIJKSTRA,1
ROUTE_004720,PLANT04,2023-03-30,PICKER_035,"[4, 10, 13]",3,36.1,2.69,35,4,1,ASTAR,0
ROUTE_004721,PLANT04,2024-04-05,PICKER_004,"[4, 7, 9, 14, 15, 16, 17, 18, 19, 20]",10,168.2,6.33,35,6,1,MANUAL,1
ROUTE_004722,PLANT03,2024-10-23,PICKER_049,"[4, 5, 8, 9, 11]",5,97.32,4.84,62,10,1,DIJKSTRA,0
ROUTE_004723,PLANT14,2024-09-03,PICKER_019,"[2, 3, 4, 5, 10, 12, 17, 22]",8,159.12,5.46,22,5,1,DIJKSTRA,0
ROUTE_004724,PLANT18,2023-12-02,PICKER_042,"[3, 4, 5, 7, 10, 13, 16]",7,137.47,3.86,14,5,1,ASTAR,1
ROUTE_004725,PLANT03,2024-02-11,PICKER_041,"[3, 5, 6, 7, 9, 11]",6,88.45,4.52,34,3,1,MANUAL,0
ROUTE_004726,PLANT20,2024-02-21,PICKER_029,"[1, 2, 3, 4, 5, 6, 7]",7,132.68,5.52,54,5,1,GREEDY,1
ROUTE_004727,PLANT09,2023-11-30,PICKER_029,"[1, 2, 3, 4, 5, 6, 7, 8, 9, 10]",10,155.81,4.9,46,9,1,GREEDY,0
ROUTE_004728,PLANT04,2023-03-24,PICKER_005,"[1, 3, 8, 10, 13, 14, 16, 17, 19, 20]",10,187.2,4.49,75,4,1,ASTAR,0
ROUTE_004729,PLANT11,2024-11-27,PICKER_047,"[3, 5]",2,35.29,3.06,69,9,1,ASTAR,0
ROUTE_004730,PLANT11,2023-03-01,PICKER_035,"[3, 5]",2,33.11,2.02,67,7,1,GREEDY,1
ROUTE_004731,PLANT16,2023-07-10,PICKER_025,"[7, 11, 14]",3,61.46,1.94,16,5,1,MANUAL,0
ROUTE_004732,PLANT03,2024-08-25,PICKER_007,"[1, 5]",2,38.4,2.38,35,9,1,GREEDY,0
ROUTE_004733,PLANT07,2024-10-06,PICKER_041,"[7, 8]",2,55.17,3.58,18,8,1,GREEDY,0
ROUTE_004734,PLANT14,2024-09-09,PICKER_034,"[4, 6, 8, 12, 15, 21, 24, 28]",8,120.05,3.93,57,1,1,MANUAL,1
ROUTE_004735,PLANT01,2024-07-13,PICKER_005,"[5, 7, 8, 12, 13, 16, 19, 24, 25, 26]",10,195.62,5.36,25,5,1,DIJKSTRA,1
ROUTE_004736,PLANT16,2023-03-27,PICKER_021,"[1, 4, 7, 8, 11, 12, 14]",7,157.8,4.73,61,9,1,MANUAL,1
ROUTE_004737,PLANT13,2024-08-02,PICKER_049,"[2, 9]",2,23.15,3.31,21,2,1,DIJKSTRA,0
ROUTE_004738,PLANT11,2023-01-14,PICKER_004,"[1, 2, 3, 4, 5]",5,107.58,2.75,72,3,1,MANUAL,1
ROUTE_004739,PLANT11,2023-01-31,PICKER_025,"[1, 2, 4]",3,51.56,1.79,59,1,1,ASTAR,0
ROUTE_004740,PLANT15,2023-03-22,PICKER_001,"[2, 5, 9, 13, 14, 16, 24]",7,125.34,3.05,57,7,1,ASTAR,0
ROUTE_004741,PLANT11,2023-03-16,PICKER_020,"[1, 2, 3, 4, 5]",5,90.09,2.55,25,3,1,MANUAL,1
ROUTE_004742,PLANT01,2023-08-04,PICKER_030,"[4, 11, 13, 14]",4,60.92,2.93,70,10,1,MANUAL,0
ROUTE_004743,PLANT03,2023-09-30,PICKER_017,"[4, 7]",2,23.56,2.6,30,7,1,ASTAR,1
ROUTE_004744,PLANT01,2024-04-13,PICKER_037,"[4, 6, 11, 20, 21]",5,81.5,3.65,17,1,1,GREEDY,0
ROUTE_004745,PLANT12,2023-09-08,PICKER_001,"[2, 3, 5, 8, 10, 15, 17, 24]",8,133.94,5.42,46,6,1,ASTAR,0
ROUTE_004746,PLANT05,2024-08-01,PICKER_036,"[1, 4, 6]",3,47.56,2.88,54,10,1,DIJKSTRA,0
ROUTE_004747,PLANT13,2024-09-09,PICKER_040,"[2, 3, 4, 6, 7, 9, 10]",7,142.16,4.93,19,8,1,GREEDY,1
ROUTE_004748,PLANT08,2023-12-28,PICKER_036,"[4, 5, 10, 16, 23, 24, 27]",7,135.31,4.24,13,8,1,ASTAR,1
ROUTE_004749,PLANT12,2024-11-05,PICKER_046,"[3, 4, 7, 11, 14, 15, 16, 17, 19, 20]",10,194.65,6.52,39,6,1,DIJKSTRA,1
ROUTE_004750,PLANT04,2023-01-05,PICKER_030,"[9, 10, 12]",3,55.89,4.05,67,9,1,DIJKSTRA,1
ROUTE_004751,PLANT10,2023-01-08,PICKER_024,"[8, 9, 11, 12, 13, 15, 17, 19, 22, 23]",10,176.68,5.96,52,7,1,ASTAR,1
ROUTE_004752,PLANT12,2023-12-04,PICKER_049,"[7, 8, 15, 18]",4,77.07,3.14,74,7,1,GREEDY,0
ROUTE_004753,PLANT13,2024-03-26,PICKER_011,"[1, 2, 3, 5, 6, 7, 8, 10]",8,131.55,4.93,19,4,1,MANUAL,0
ROUTE_004754,PLANT12,2024-10-15,PICKER_037,"[2, 4, 6, 11, 20, 23, 24]",7,143.06,3.57,35,10,1,ASTAR,0
ROUTE_004755,PLANT02,2024-03-19,PICKER_013,"[1, 2, 3, 4, 5, 6]",6,121.18,5.28,36,8,1,GREEDY,0
ROUTE_004756,PLANT09,2023-12-23,PICKER_046,"[1, 2, 3, 4, 5, 6, 7, 8, 9, 10]",10,188.26,6.15,29,2,1,DIJKSTRA,1
ROUTE_004757,PLANT04,2024-11-12,PICKER_046,"[4, 7, 13, 14, 17, 18]",6,87.91,3.95,7,4,1,MANUAL,0
ROUTE_004758,PLANT03,2024-04-25,PICKER_015,"[2, 4, 5, 6, 7, 8, 9, 10, 11]",9,143.91,4.6,70,3,1,ASTAR,0
ROUTE_004759,PLANT02,2023-11-22,PICKER_018,"[1, 2, 3, 4, 5, 6]",6,110.16,4.16,75,2,1,DIJKSTRA,0
ROUTE_004760,PLANT01,2024-11-01,PICKER_004,"[5, 6, 9, 10, 12, 15, 19, 22, 24, 25]",10,147.49,5.22,78,10,1,ASTAR,1
ROUTE_004761,PLANT03,2023-05-28,PICKER_006,"[1, 2, 3, 4, 6, 8, 9]",7,116.04,3.63,60,5,1,ASTAR,0
ROUTE_004762,PLANT17,2024-09-09,PICKER_015,"[6, 17, 20]",3,42.05,1.56,70,8,1,MANUAL,0
ROUTE_004763,PLANT05,2023-11-24,PICKER_025,"[1, 2, 3, 4, 5, 6, 7, 8, 9]",9,149.87,4.37,68,5,1,GREEDY,1
ROUTE_004764,PLANT12,2023-10-08,PICKER_016,"[9, 21]",2,30.68,1.15,53,5,1,MANUAL,1
ROUTE_004765,PLANT08,2023-10-03,PICKER_042,"[1, 3, 4, 20, 22, 24, 27, 28, 29]",9,177.09,5.39,39,3,1,MANUAL,0
ROUTE_004766,PLANT05,2024-08-05,PICKER_032,"[1, 3, 6, 8]",4,66.24,3.23,77,10,1,ASTAR,1
ROUTE_004767,PLANT18,2023-01-09,PICKER_004,"[1, 3, 7, 8, 11, 13, 14, 15]",8,122.84,3.1,63,3,1,MANUAL,1
ROUTE_004768,PLANT18,2023-06-14,PICKER_045,"[5, 11, 16]",3,59.84,2.45,59,8,1,GREEDY,1
ROUTE_004769,PLANT15,2024-01-30,PICKER_018,"[1, 3, 4, 6, 8, 10, 12, 18, 25]",9,186.5,5.83,44,1,1,MANUAL,0
ROUTE_004770,PLANT18,2023-07-01,PICKER_048,"[1, 2, 3, 8, 10, 11, 15, 16]",8,131.01,4.85,24,9,1,GREEDY,0
ROUTE_004771,PLANT02,2024-11-05,PICKER_036,"[1, 2]",2,51.41,2.17,5,2,1,ASTAR,0
ROUTE_004772,PLANT17,2024-05-12,PICKER_018,"[3, 6, 10, 13, 14]",5,93.46,3.91,20,2,1,GREEDY,0
ROUTE_004773,PLANT16,2023-05-28,PICKER_031,"[3, 11, 16]",3,60.68,3.29,19,9,1,GREEDY,0
ROUTE_004774,PLANT13,2023-01-12,PICKER_010,"[1, 2, 3, 4, 5, 6, 7, 8, 9, 10]",10,187.36,4.85,27,4,1,GREEDY,0
ROUTE_004775,PLANT07,2023-03-24,PICKER_036,"[1, 3, 7]",3,69.02,2.83,17,8,1,ASTAR,0
ROUTE_004776,PLANT04,2024-01-12,PICKER_048,"[1, 12, 18, 19, 20]",5,79.08,2.83,70,9,1,MANUAL,1
ROUTE_004777,PLANT05,2024-10-03,PICKER_006,"[1, 3, 5, 6, 7, 8, 9]",7,116.59,5.21,41,3,1,ASTAR,0
ROUTE_004778,PLANT15,2024-01-26,PICKER_019,"[9, 10]",2,46.15,2.76,38,7,1,MANUAL,0
ROUTE_004779,PLANT14,2024-04-10,PICKER_005,"[9, 12, 14, 15, 18]",5,108.6,3.72,11,3,1,ASTAR,0
ROUTE_004780,PLANT03,2023-05-05,PICKER_026,"[1, 3, 7, 8, 9, 10, 11]",7,94.08,4.17,71,4,1,MANUAL,1
ROUTE_004781,PLANT02,2024-07-10,PICKER_050,"[2, 3, 4]",3,40.67,1.45,43,9,1,GREEDY,0
ROUTE_004782,PLANT01,2024-12-18,PICKER_046,"[1, 4, 5, 6, 11, 13, 14, 17, 18, 23]",10,199.83,4.85,61,8,1,MANUAL,0
ROUTE_004783,PLANT09,2023-08-13,PICKER_016,"[1, 3, 4, 6, 7, 8, 9, 10]",8,157.91,6.04,75,6,1,DIJKSTRA,1
ROUTE_004784,PLANT17,2024-08-20,PICKER_022,"[4, 5, 14, 15, 18, 19, 20, 22, 23]",9,171.94,4.8,40,4,1,GREEDY,0
ROUTE_004785,PLANT16,2023-05-17,PICKER_031,"[2, 5, 7, 8, 9, 10, 12, 13, 15, 16]",10,155.67,5.86,75,8,1,ASTAR,1
ROUTE_004786,PLANT03,2023-12-10,PICKER_020,"[1, 2, 3, 7, 8, 9, 10, 11]",8,163.46,4.64,58,10,1,MANUAL,1
ROUTE_004787,PLANT01,2023-11-07,PICKER_037,"[17, 18, 21, 23, 24, 26]",6,114.65,5.25,66,2,1,GREEDY,1
ROUTE_004788,PLANT20,2023-06-27,PICKER_049,"[1, 2, 3, 4, 5, 6, 7]",7,141.23,4.27,69,9,1,ASTAR,1
ROUTE_004789,PLANT17,2023-03-20,PICKER_029,"[3, 6, 7, 20]",4,49.26,3.92,43,7,1,DIJKSTRA,0
ROUTE_004790,PLANT20,2023-01-16,PICKER_006,"[1, 2, 3, 4, 5, 6, 7]",7,88.71,3.87,8,1,1,DIJKSTRA,1
ROUTE_004791,PLANT07,2023-04-06,PICKER_016,"[1, 2, 3, 4, 5, 7, 8, 9, 12]",9,176.92,6.28,16,10,1,ASTAR,1
ROUTE_004792,PLANT18,2024-06-30,PICKER_015,"[1, 2, 10, 13, 14]",5,94.58,2.49,74,6,1,ASTAR,0
ROUTE_004793,PLANT05,2023-11-11,PICKER_022,"[1, 2, 6, 7, 8, 9]",6,129.13,4.36,64,10,1,ASTAR,0
ROUTE_004794,PLANT19,2024-10-23,PICKER_007,"[1, 5, 6, 10, 11, 14, 18]",7,93.79,4.74,21,5,1,DIJKSTRA,0
ROUTE_004795,PLANT08,2024-12-31,PICKER_004,"[1, 6, 8, 10, 14, 15, 17, 18, 19, 26]",10,150.65,4.87,72,1,1,GREEDY,0
ROUTE_004796,PLANT12,2024-01-01,PICKER_016,"[1, 3, 7, 8, 9, 18, 20, 25]",8,174.01,4.22,31,4,1,GREEDY,1
ROUTE_004797,PLANT19,2024-09-07,PICKER_044,"[8, 17, 18, 22]",4,56.15,1.75,28,6,1,GREEDY,1
ROUTE_004798,PLANT06,2023-10-03,PICKER_008,"[2, 3, 4, 6, 7, 18, 28]",7,140.52,3.55,23,5,1,MANUAL,1
ROUTE_004799,PLANT20,2024-10-20,PICKER_003,"[1, 3, 4, 6, 7]",5,96.21,3.09,38,9,1,DIJKSTRA,0
ROUTE_004800,PLANT02,2023-02-07,PICKER_017,"[1, 2, 5, 6]",4,78.68,2.42,47,5,1,GREEDY,0
ROUTE_004801,PLANT20,2024-06-11,PICKER_036,"[3, 4, 5, 6, 7]",5,67.22,2.72,38,1,1,MANUAL,1
ROUTE_004802,PLANT04,2024-09-25,PICKER_041,"[1, 2, 5, 9, 10, 13, 15, 17, 20]",9,182.69,4.36,57,2,1,DIJKSTRA,1
ROUTE_004803,PLANT19,2024-03-29,PICKER_048,"[1, 2, 9, 10, 11, 14, 17, 23]",8,108.73,3.45,68,9,1,DIJKSTRA,1
ROUTE_004804,PLANT20,2023-11-02,PICKER_049,"[1, 2]",2,44.04,2.11,7,2,1,DIJKSTRA,0
ROUTE_004805,PLANT01,2024-09-02,PICKER_045,"[2, 7, 9, 10, 11, 13, 19, 20, 22]",9,162.4,6.12,38,9,1,ASTAR,1
ROUTE_004806,PLANT20,2024-12-10,PICKER_026,"[2, 3, 4, 7]",4,55.33,3.75,35,3,1,GREEDY,1
ROUTE_004807,PLANT05,2024-09-30,PICKER_010,"[1, 2, 4, 9]",4,69.29,2.0,7,4,1,ASTAR,0
ROUTE_004808,PLANT02,2024-05-30,PICKER_008,"[1, 2, 3, 4, 5, 6]",6,102.51,4.65,26,1,1,GREEDY,1
ROUTE_004809,PLANT04,2024-12-16,PICKER_047,"[2, 3, 5, 10, 11, 13, 15, 16, 20]",9,142.62,3.95,54,5,1,ASTAR,1
ROUTE_004810,PLANT03,2024-05-16,PICKER_028,"[1, 4, 5]",3,49.33,2.2,51,10,1,DIJKSTRA,1
ROUTE_004811,PLANT20,2023-08-12,PICKER_014,"[1, 2, 5, 7]",4,57.09,1.65,60,4,1,GREEDY,0
ROUTE_004812,PLANT15,2023-05-16,PICKER_020,"[1, 3, 4, 8, 17, 19, 20, 21, 23, 24]",10,139.76,5.6,45,8,1,MANUAL,1
ROUTE_004813,PLANT01,2023-03-24,PICKER_022,"[4, 6, 11, 15, 17, 18, 22, 25]",8,140.94,3.95,39,5,1,ASTAR,1
ROUTE_004814,PLANT13,2024-10-26,PICKER_039,"[1, 2, 4, 5, 6, 7, 8, 10]",8,137.88,3.62,36,10,1,MANUAL,1
ROUTE_004815,PLANT11,2024-02-08,PICKER_021,"[1, 2, 4, 5]",4,89.73,4.63,22,8,1,MANUAL,1
ROUTE_004816,PLANT06,2024-03-21,PICKER_002,"[8, 15, 19, 28]",4,66.66,2.29,73,9,1,MANUAL,0
ROUTE_004817,PLANT08,2023-11-17,PICKER_036,"[2, 7, 10, 12, 18, 22, 24, 26, 27, 29]",10,170.94,4.46,41,1,1,DIJKSTRA,1
ROUTE_004818,PLANT11,2023-05-04,PICKER_019,"[2, 4]",2,33.23,2.59,20,2,1,MANUAL,1
ROUTE_004819,PLANT19,2023-10-26,PICKER_008,"[1, 3, 4, 10, 11, 12, 13, 15, 18]",9,176.08,4.6,63,9,1,DIJKSTRA,1
ROUTE_004820,PLANT16,2024-05-05,PICKER_019,"[2, 4, 8, 9, 11, 14, 15, 16]",8,125.02,4.15,25,8,1,MANUAL,0
ROUTE_004821,PLANT08,2024-07-29,PICKER_011,"[3, 7, 9, 15, 26]",5,105.79,4.85,37,4,1,DIJKSTRA,0
ROUTE_004822,PLANT18,2024-02-20,PICKER_046,"[3, 8]",2,25.03,2.7,78,1,1,GREEDY,1
ROUTE_004823,PLANT18,2023-10-29,PICKER_050,"[10, 12]",2,49.16,1.82,47,9,1,DIJKSTRA,1
ROUTE_004824,PLANT15,2023-02-20,PICKER_004,"[5, 6, 7, 9, 11, 19, 21]",7,101.77,2.89,35,7,1,GREEDY,0
ROUTE_004825,PLANT01,2023-02-12,PICKER_009,"[1, 2, 7, 9, 10, 12, 14, 19, 22, 25]",10,182.47,5.57,26,6,1,GREEDY,0
ROUTE_004826,PLANT15,2024-10-18,PICKER_013,"[7, 16, 19, 22]",4,50.71,2.64,69,4,1,GREEDY,0
ROUTE_004827,PLANT10,2023-09-10,PICKER_028,"[3, 9, 15, 17, 19, 22]",6,81.72,4.17,74,5,1,ASTAR,1
ROUTE_004828,PLANT07,2024-12-26,PICKER_004,"[3, 6, 7, 9, 12]",5,73.31,2.68,21,10,1,ASTAR,1
ROUTE_004829,PLANT02,2023-03-07,PICKER_015,"[1, 2, 3, 5, 6]",5,66.79,2.87,46,6,1,ASTAR,1
ROUTE_004830,PLANT13,2024-12-08,PICKER_006,"[1, 2, 5, 6, 7, 8, 9, 10]",8,166.75,5.43,62,3,1,MANUAL,1
ROUTE_004831,PLANT10,2023-08-15,PICKER_038,"[2, 18, 19]",3,66.83,2.55,63,6,1,DIJKSTRA,0
ROUTE_004832,PLANT19,2024-10-11,PICKER_018,"[2, 5]",2,58.28,3.69,65,7,1,MANUAL,1
ROUTE_004833,PLANT17,2024-09-24,PICKER_029,"[16, 17]",2,23.97,3.23,47,1,1,MANUAL,1
ROUTE_004834,PLANT01,2023-07-14,PICKER_020,"[5, 8, 19, 20]",4,55.34,1.68,42,10,1,ASTAR,1
ROUTE_004835,PLANT13,2023-07-11,PICKER_014,"[1, 2, 4, 5, 6, 8, 9, 10]",8,144.28,4.31,36,6,1,DIJKSTRA,1
ROUTE_004836,PLANT14,2024-05-02,PICKER_037,"[5, 20, 26]",3,47.58,2.25,9,7,1,MANUAL,1
ROUTE_004837,PLANT16,2024-08-04,PICKER_013,"[1, 2, 4, 7, 12, 13, 15]",7,147.83,3.79,47,8,1,DIJKSTRA,1
ROUTE_004838,PLANT01,2023-10-22,PICKER_034,"[1, 8, 10, 15, 24]",5,85.64,2.73,76,1,1,ASTAR,1
ROUTE_004839,PLANT13,2024-03-18,PICKER_048,"[1, 3, 4, 5, 8, 10]",6,94.53,4.7,36,8,1,GREEDY,1
ROUTE_004840,PLANT15,2024-03-20,PICKER_035,"[5, 8, 11, 13, 14, 15, 19, 22]",8,153.17,4.18,8,5,1,DIJKSTRA,0
ROUTE_004841,PLANT15,2023-12-12,PICKER_025,"[2, 10, 13]",3,52.13,1.9,10,4,1,ASTAR,0
ROUTE_004842,PLANT18,2024-04-20,PICKER_033,"[3, 5, 6, 8, 9, 12, 13, 14]",8,122.25,3.08,78,2,1,MANUAL,1
ROUTE_004843,PLANT02,2024-06-09,PICKER_003,"[3, 4, 5, 6]",4,75.58,3.36,7,3,1,MANUAL,0
ROUTE_004844,PLANT12,2024-03-20,PICKER_019,"[3, 4, 5, 6, 9, 10, 12, 15, 23, 25]",10,178.96,4.96,66,6,1,GREEDY,0
ROUTE_004845,PLANT07,2024-02-16,PICKER_018,"[7, 11]",2,23.61,1.69,72,7,1,GREEDY,0
ROUTE_004846,PLANT12,2023-03-25,PICKER_007,"[3, 4, 5, 7, 10, 15, 17, 19, 20, 25]",10,215.86,6.8,13,8,1,ASTAR,0
ROUTE_004847,PLANT15,2024-10-11,PICKER_011,"[17, 20]",2,55.66,3.83,5,9,1,DIJKSTRA,0
ROUTE_004848,PLANT06,2024-10-03,PICKER_048,"[4, 8, 14]",3,70.39,2.33,59,6,1,GREEDY,0
ROUTE_004849,PLANT09,2023-11-01,PICKER_032,"[2, 4, 5, 8]",4,64.24,2.37,37,2,1,MANUAL,1
ROUTE_004850,PLANT06,2024-03-31,PICKER_037,"[1, 2, 9, 16, 19, 21, 24, 28]",8,150.19,5.4,46,8,1,GREEDY,0
ROUTE_004851,PLANT09,2023-01-06,PICKER_014,"[3, 5, 6, 7, 8, 10]",6,94.9,3.34,40,8,1,GREEDY,1
ROUTE_004852,PLANT03,2023-02-03,PICKER_014,"[1, 5, 7, 10]",4,71.32,2.01,27,9,1,DIJKSTRA,0
ROUTE_004853,PLANT16,2023-02-28,PICKER_002,"[5, 6, 11, 14, 15, 16]",6,99.56,3.15,35,4,1,DIJKSTRA,0
ROUTE_004854,PLANT12,2023-09-22,PICKER_017,"[1, 9, 18, 21, 23]",5,96.08,3.2,39,8,1,GREEDY,1
ROUTE_004855,PLANT16,2023-03-18,PICKER_038,"[7, 8, 11, 12, 13, 15, 16]",7,156.26,3.75,14,8,1,DIJKSTRA,1
ROUTE_004856,PLANT14,2023-05-20,PICKER_020,"[2, 3, 8, 10, 11, 13, 23]",7,92.23,4.11,33,10,1,ASTAR,0
ROUTE_004857,PLANT12,2024-05-01,PICKER_017,"[2, 4, 5, 7, 8, 12, 16, 21, 23]",9,142.38,5.67,58,1,1,DIJKSTRA,0
ROUTE_004858,PLANT17,2023-03-25,PICKER_025,"[1, 2, 6, 9, 11, 12, 13, 16, 18, 19]",10,134.98,5.67,70,8,1,ASTAR,0
ROUTE_004859,PLANT03,2023-04-21,PICKER_033,"[1, 2, 4, 5, 6, 7, 8, 9, 10]",9,151.93,3.93,44,1,1,ASTAR,1
ROUTE_004860,PLANT13,2023-02-03,PICKER_021,"[2, 3, 4, 7, 8, 9, 10]",7,143.16,3.94,29,8,1,GREEDY,0
ROUTE_004861,PLANT03,2024-09-12,PICKER_034,"[2, 3, 4, 5, 6, 8, 9, 10, 11]",9,166.44,4.82,27,8,1,DIJKSTRA,0
ROUTE_004862,PLANT04,2024-01-14,PICKER_046,"[1, 3, 4, 7, 9, 10, 13, 17, 18]",9,146.16,5.54,80,4,1,GREEDY,0
ROUTE_004863,PLANT20,2023-02-06,PICKER_004,"[1, 4]",2,31.02,1.95,25,9,1,MANUAL,0
ROUTE_004864,PLANT13,2023-12-20,PICKER_034,"[1, 2, 5, 6, 7, 8, 10]",7,128.47,3.76,52,9,1,MANUAL,0
ROUTE_004865,PLANT15,2024-06-23,PICKER_047,"[3, 5, 7, 8, 9, 11, 13, 19, 21]",9,131.15,4.72,42,10,1,MANUAL,0
ROUTE_004866,PLANT17,2024-09-30,PICKER_005,"[3, 5, 7, 9, 13, 15, 17, 18, 23, 24]",10,160.08,5.3,60,7,1,MANUAL,0
ROUTE_004867,PLANT04,2024-06-20,PICKER_044,"[13, 19]",2,48.96,3.86,37,8,1,GREEDY,1
ROUTE_004868,PLANT17,2024-10-21,PICKER_033,"[14, 18, 22, 23]",4,78.59,3.53,15,7,1,MANUAL,1
ROUTE_004869,PLANT05,2023-01-18,PICKER_027,"[1, 2, 3, 6, 9]",5,96.04,2.43,16,7,1,ASTAR,0
ROUTE_004870,PLANT16,2023-02-21,PICKER_020,"[2, 5, 6, 7, 9, 13, 14]",7,98.12,3.28,61,4,1,DIJKSTRA,0
ROUTE_004871,PLANT03,2024-11-01,PICKER_034,"[2, 3, 6, 8]",4,70.01,2.06,54,8,1,MANUAL,0
ROUTE_004872,PLANT18,2024-12-22,PICKER_021,"[2, 4, 5, 8, 11, 12, 13, 16]",8,150.17,4.92,9,5,1,MANUAL,0
ROUTE_004873,PLANT11,2023-04-30,PICKER_046,"[1, 2, 3, 5]",4,70.99,1.95,30,7,1,ASTAR,1
ROUTE_004874,PLANT09,2023-02-14,PICKER_002,"[1, 3, 4, 5, 6, 8, 9, 10]",8,133.48,4.01,79,5,1,ASTAR,1
ROUTE_004875,PLANT13,2023-12-17,PICKER_015,"[4, 8, 10]",3,33.79,3.01,7,7,1,GREEDY,0
ROUTE_004876,PLANT04,2023-01-27,PICKER_031,"[2, 3, 6, 9, 17, 20]",6,106.42,4.33,27,1,1,ASTAR,1
ROUTE_004877,PLANT16,2024-09-08,PICKER_038,"[8, 12]",2,36.75,2.61,49,9,1,GREEDY,0
ROUTE_004878,PLANT01,2023-02-14,PICKER_021,"[1, 8, 21]",3,57.82,3.76,16,8,1,DIJKSTRA,1
ROUTE_004879,PLANT08,2023-03-14,PICKER_033,"[1, 2, 15, 18, 23]",5,95.64,4.1,10,1,1,ASTAR,0
ROUTE_004880,PLANT17,2023-03-27,PICKER_019,"[2, 3, 13, 14, 15]",5,78.06,2.13,36,4,1,ASTAR,1
ROUTE_004881,PLANT08,2024-01-16,PICKER_035,"[6, 18, 19]",3,63.31,2.06,7,9,1,DIJKSTRA,0
ROUTE_004882,PLANT18,2024-04-09,PICKER_014,"[2, 4, 6, 8, 9, 11, 12]",7,130.01,4.97,80,6,1,ASTAR,0
ROUTE_004883,PLANT08,2023-03-16,PICKER_047,"[4, 11, 12, 23, 25]",5,82.14,2.35,51,5,1,MANUAL,0
ROUTE_004884,PLANT10,2024-07-12,PICKER_028,"[5, 7, 11]",3,60.06,3.1,53,2,1,ASTAR,0
ROUTE_004885,PLANT09,2023-09-09,PICKER_009,"[4, 6, 8, 9]",4,51.54,3.61,36,1,1,MANUAL,1
ROUTE_004886,PLANT08,2023-03-10,PICKER_024,"[1, 3, 4, 5, 19, 25, 26, 29]",8,103.97,3.41,24,5,1,GREEDY,1
ROUTE_004887,PLANT03,2024-07-01,PICKER_037,"[1, 2, 4, 5, 6, 7, 8, 9, 10, 11]",10,132.13,3.78,35,1,1,GREEDY,0
ROUTE_004888,PLANT13,2024-09-25,PICKER_023,"[4, 5, 6, 8, 9]",5,96.53,3.48,8,8,1,GREEDY,1
ROUTE_004889,PLANT02,2023-12-03,PICKER_042,"[4, 5, 6]",3,55.24,2.91,13,2,1,GREEDY,0
ROUTE_004890,PLANT11,2023-10-19,PICKER_006,"[1, 2, 3, 4, 5]",5,81.21,3.51,50,10,1,ASTAR,0
ROUTE_004891,PLANT02,2023-05-16,PICKER_041,"[1, 3]",2,41.39,2.39,27,6,1,DIJKSTRA,1
ROUTE_004892,PLANT01,2023-10-14,PICKER_001,"[7, 8, 9, 11, 15, 16, 20, 22, 25]",9,174.01,5.74,31,8,1,ASTAR,0
ROUTE_004893,PLANT02,2023-08-01,PICKER_015,"[1, 2, 3, 4, 5, 6]",6,115.74,3.11,11,7,1,MANUAL,1
ROUTE_004894,PLANT12,2024-07-01,PICKER_001,"[1, 5, 7, 9, 11, 12, 15, 16, 20, 24]",10,208.08,6.59,71,4,1,DIJKSTRA,0
ROUTE_004895,PLANT01,2024-08-21,PICKER_039,"[8, 13, 14, 15, 19, 21, 24]",7,135.69,5.62,71,3,1,MANUAL,0
ROUTE_004896,PLANT05,2024-12-28,PICKER_033,"[1, 2, 3, 4, 5, 6, 7, 8, 9]",9,178.02,5.57,7,2,1,ASTAR,1
ROUTE_004897,PLANT07,2024-04-30,PICKER_001,"[1, 2, 3, 6, 11, 12]",6,111.75,5.23,6,5,1,DIJKSTRA,1
ROUTE_004898,PLANT01,2023-08-30,PICKER_002,"[3, 12, 21]",3,36.3,1.3,14,7,1,MANUAL,1
ROUTE_004899,PLANT17,2023-07-05,PICKER_049,"[3, 6, 9, 17, 18, 19, 20, 21]",8,173.1,5.16,73,7,1,ASTAR,0
ROUTE_004900,PLANT07,2024-10-08,PICKER_009,"[3, 4, 5, 7, 9, 10, 11]",7,123.09,3.63,36,10,1,MANUAL,1
ROUTE_004901,PLANT18,2023-10-01,PICKER_041,"[4, 11, 12]",3,65.96,2.46,79,2,1,ASTAR,1
ROUTE_004902,PLANT06,2024-05-03,PICKER_028,"[1, 4, 8, 27]",4,66.97,1.99,64,4,1,GREEDY,0
ROUTE_004903,PLANT13,2023-02-28,PICKER_014,"[3, 5, 6, 7, 8, 9]",6,115.84,2.83,18,10,1,MANUAL,0
ROUTE_004904,PLANT05,2024-05-07,PICKER_034,"[3, 4, 6, 7, 8, 9]",6,118.33,3.25,13,6,1,GREEDY,0
ROUTE_004905,PLANT18,2023-10-03,PICKER_020,"[1, 3, 7, 12]",4,95.01,3.41,32,5,1,MANUAL,1
ROUTE_004906,PLANT11,2023-11-30,PICKER_030,"[1, 2, 3, 4, 5]",5,83.06,2.33,18,4,1,MANUAL,1
ROUTE_004907,PLANT08,2023-05-12,PICKER_039,"[1, 2, 4, 10, 13, 14, 17, 18, 19, 28]",10,161.18,4.77,48,5,1,ASTAR,0
ROUTE_004908,PLANT11,2023-07-08,PICKER_044,"[1, 2, 3, 4, 5]",5,82.39,3.78,33,2,1,DIJKSTRA,0
ROUTE_004909,PLANT18,2024-01-25,PICKER_006,"[1, 3, 8, 11, 13, 14, 16]",7,109.49,3.41,5,9,1,DIJKSTRA,0
ROUTE_004910,PLANT16,2023-05-04,PICKER_001,"[3, 5, 6, 9, 10]",5,78.43,2.89,49,1,1,ASTAR,1
ROUTE_004911,PLANT16,2024-10-11,PICKER_006,"[2, 4, 7, 8, 9, 10, 11, 12, 14, 15]",10,156.3,5.4,69,6,1,GREEDY,1
ROUTE_004912,PLANT13,2024-06-09,PICKER_033,"[5, 8]",2,37.55,2.88,47,7,1,DIJKSTRA,1
ROUTE_004913,PLANT02,2024-08-10,PICKER_024,"[1, 2, 4, 6]",4,76.94,4.41,10,9,1,GREEDY,0
ROUTE_004914,PLANT15,2024-01-06,PICKER_046,"[4, 9]",2,33.11,1.83,36,3,1,MANUAL,1
ROUTE_004915,PLANT20,2024-11-03,PICKER_016,"[5, 6]",2,48.44,2.26,22,8,1,MANUAL,0
ROUTE_004916,PLANT04,2024-10-24,PICKER_006,"[1, 10, 14, 16]",4,82.84,2.23,35,8,1,ASTAR,0
ROUTE_004917,PLANT10,2023-02-15,PICKER_021,"[9, 10, 18, 20]",4,42.02,3.8,56,8,1,MANUAL,0
ROUTE_004918,PLANT07,2024-08-04,PICKER_031,"[2, 3, 5, 6, 8, 9, 10, 12]",8,138.82,4.72,43,6,1,MANUAL,0
ROUTE_004919,PLANT18,2024-08-02,PICKER_002,"[3, 4, 7, 9, 10, 11, 12]",7,142.41,5.39,58,10,1,DIJKSTRA,1
ROUTE_004920,PLANT04,2023-01-17,PICKER_030,"[3, 5, 8, 9, 10, 12, 14, 15, 17, 20]",10,135.07,5.29,61,3,1,DIJKSTRA,1
ROUTE_004921,PLANT19,2023-10-06,PICKER_017,"[4, 6, 9, 10, 11, 13, 17, 20, 23]",9,131.29,4.78,67,8,1,DIJKSTRA,0
ROUTE_004922,PLANT10,2024-08-22,PICKER_045,"[10, 17, 18, 23, 24]",5,92.96,2.87,8,6,1,DIJKSTRA,0
ROUTE_004923,PLANT19,2023-05-21,PICKER_048,"[4, 7, 10, 11, 13, 14, 22]",7,103.05,4.81,17,3,1,GREEDY,0
ROUTE_004924,PLANT17,2024-06-07,PICKER_011,"[6, 19]",2,40.85,2.99,14,9,1,DIJKSTRA,1
ROUTE_004925,PLANT16,2023-05-09,PICKER_019,"[4, 5, 15]",3,24.16,1.3,58,8,1,GREEDY,1
ROUTE_004926,PLANT01,2024-01-02,PICKER_010,"[9, 16, 17]",3,50.83,2.42,9,9,1,ASTAR,0
ROUTE_004927,PLANT08,2024-09-27,PICKER_038,"[1, 5, 9, 12, 20, 21, 22, 27, 29]",9,136.63,4.4,38,3,1,ASTAR,0
ROUTE_004928,PLANT04,2024-06-23,PICKER_001,"[6, 7]",2,18.6,3.11,74,9,1,MANUAL,1
ROUTE_004929,PLANT17,2024-05-06,PICKER_022,"[1, 16, 21]",3,32.23,1.3,44,8,1,MANUAL,0
ROUTE_004930,PLANT20,2024-12-17,PICKER_006,"[1, 2, 3, 4, 5, 6, 7]",7,130.21,4.41,35,5,1,MANUAL,0
ROUTE_004931,PLANT13,2023-04-26,PICKER_034,"[1, 2, 3, 4, 5, 6, 7, 8, 10]",9,157.1,4.7,23,5,1,GREEDY,1
ROUTE_004932,PLANT07,2023-07-06,PICKER_048,"[9, 12]",2,37.03,3.13,41,10,1,ASTAR,0
ROUTE_004933,PLANT03,2023-10-13,PICKER_045,"[3, 5, 8]",3,68.64,3.11,13,9,1,MANUAL,1
ROUTE_004934,PLANT13,2023-08-27,PICKER_007,"[3, 4, 6, 10]",4,64.32,3.06,33,7,1,DIJKSTRA,0
ROUTE_004935,PLANT17,2023-11-07,PICKER_004,"[1, 4, 9, 11, 12, 14]",6,102.04,4.96,64,1,1,GREEDY,1
ROUTE_004936,PLANT05,2023-10-13,PICKER_034,"[1, 3, 7, 8, 9]",5,117.26,3.95,27,6,1,GREEDY,1
ROUTE_004937,PLANT16,2024-05-26,PICKER_042,"[2, 4, 8, 10, 12, 13]",6,101.27,4.26,36,2,1,DIJKSTRA,1
ROUTE_004938,PLANT01,2023-10-09,PICKER_010,"[2, 4, 6, 8, 11, 15, 18, 20, 26]",9,143.91,5.38,6,8,1,MANUAL,0
ROUTE_004939,PLANT18,2024-10-07,PICKER_007,"[1, 3, 4, 5, 6, 8, 16]",7,137.78,4.58,29,7,1,DIJKSTRA,0
ROUTE_004940,PLANT01,2023-03-26,PICKER_007,"[5, 9, 10, 17, 22, 24, 26]",7,127.54,4.34,36,5,1,ASTAR,0
ROUTE_004941,PLANT20,2023-11-11,PICKER_027,"[1, 2, 3, 4, 5, 7]",6,68.62,2.73,67,10,1,ASTAR,0
ROUTE_004942,PLANT06,2024-12-08,PICKER_028,"[1, 4, 7, 11, 15, 16, 21, 25, 28]",9,160.58,3.73,20,10,1,ASTAR,0
ROUTE_004943,PLANT02,2024-05-09,PICKER_048,"[1, 2, 6]",3,66.95,3.01,72,10,1,DIJKSTRA,0
ROUTE_004944,PLANT05,2023-09-02,PICKER_040,"[1, 2, 3, 5, 6, 7, 8]",7,152.67,5.76,47,5,1,ASTAR,0
ROUTE_004945,PLANT10,2023-04-18,PICKER_012,"[1, 4, 5, 13, 14, 19, 20, 22]",8,174.74,5.66,76,5,1,ASTAR,0
ROUTE_004946,PLANT08,2024-04-28,PICKER_019,"[3, 16, 22, 29]",4,98.02,2.58,79,5,1,GREEDY,1
ROUTE_004947,PLANT08,2024-03-30,PICKER_009,"[1, 7, 9, 13, 14, 21, 22]",7,83.56,2.2,20,6,1,DIJKSTRA,1
ROUTE_004948,PLANT16,2023-02-13,PICKER_031,"[12, 15]",2,42.86,1.79,56,4,1,MANUAL,0
ROUTE_004949,PLANT09,2023-06-28,PICKER_040,"[2, 3, 4, 6, 9, 10]",6,83.66,3.61,77,2,1,DIJKSTRA,1
ROUTE_004950,PLANT09,2023-01-08,PICKER_045,"[1, 2, 4, 5, 6, 7]",6,102.51,3.5,52,4,1,GREEDY,0
ROUTE_004951,PLANT16,2024-11-15,PICKER_016,"[8, 9, 12, 14]",4,58.79,2.06,38,10,1,DIJKSTRA,1
ROUTE_004952,PLANT04,2024-01-03,PICKER_048,"[4, 10, 13, 19, 20]",5,88.15,3.55,14,1,1,MANUAL,1
ROUTE_004953,PLANT08,2024-08-28,PICKER_031,"[9, 11, 14, 17, 27]",5,40.83,2.02,78,9,1,ASTAR,1
ROUTE_004954,PLANT16,2023-05-05,PICKER_040,"[1, 4, 6, 8, 10, 11, 13, 14, 15]",9,167.24,4.35,28,3,1,GREEDY,0
ROUTE_004955,PLANT09,2024-03-12,PICKER_013,"[3, 7]",2,30.48,2.15,28,2,1,ASTAR,1
ROUTE_004956,PLANT20,2024-09-10,PICKER_035,"[1, 2, 3, 4, 5, 6, 7]",7,111.57,3.0,43,6,1,MANUAL,0
ROUTE_004957,PLANT05,2023-12-12,PICKER_010,"[1, 2, 3, 4, 5, 6, 7, 8]",8,140.78,4.97,24,8,1,GREEDY,0
ROUTE_004958,PLANT20,2023-01-02,PICKER_038,"[2, 3, 5]",3,47.97,2.7,53,7,1,ASTAR,0
ROUTE_004959,PLANT20,2023-04-28,PICKER_008,"[2, 3, 4, 5, 7]",5,86.39,3.0,27,1,1,ASTAR,0
ROUTE_004960,PLANT09,2024-04-19,PICKER_009,"[1, 2, 3, 4, 5, 6, 7, 8, 9, 10]",10,124.66,5.01,15,6,1,ASTAR,1
ROUTE_004961,PLANT04,2023-10-16,PICKER_028,"[5, 6, 8, 9, 12, 13, 14, 15, 18, 20]",10,147.85,4.1,45,2,1,GREEDY,0
ROUTE_004962,PLANT14,2024-07-27,PICKER_032,"[3, 19]",2,42.56,2.0,37,8,1,ASTAR,0
ROUTE_004963,PLANT18,2023-06-03,PICKER_003,"[1, 4, 9, 11, 14, 16]",6,105.03,3.24,65,2,1,ASTAR,0
ROUTE_004964,PLANT17,2024-10-23,PICKER_037,"[2, 3, 7, 10, 12, 14, 19, 21]",8,157.64,3.73,75,10,1,ASTAR,0
ROUTE_004965,PLANT20,2023-07-14,PICKER_032,"[1, 3, 6]",3,65.52,2.43,80,7,1,DIJKSTRA,0
ROUTE_004966,PLANT17,2024-05-07,PICKER_026,"[5, 16]",2,47.44,3.27,31,9,1,DIJKSTRA,1
ROUTE_004967,PLANT14,2023-07-05,PICKER_018,"[2, 6, 12, 14, 16, 17, 18, 19, 27, 29]",10,161.14,4.38,68,10,1,MANUAL,0
ROUTE_004968,PLANT04,2024-04-27,PICKER_044,"[3, 4, 6, 8, 10, 11, 13]",7,117.8,3.48,70,4,1,MANUAL,0
ROUTE_004969,PLANT09,2024-02-19,PICKER_002,"[1, 2, 5, 8, 10]",5,78.3,3.79,61,5,1,GREEDY,0
ROUTE_004970,PLANT17,2023-06-28,PICKER_049,"[4, 6, 10, 13, 15, 19, 21, 22, 24]",9,142.88,3.99,18,6,1,MANUAL,0
ROUTE_004971,PLANT17,2023-09-16,PICKER_036,"[4, 7, 8, 15, 19, 23, 24]",7,108.0,2.91,30,9,1,GREEDY,0
ROUTE_004972,PLANT18,2023-03-09,PICKER_002,"[6, 12, 15]",3,42.46,3.83,57,4,1,DIJKSTRA,0
ROUTE_004973,PLANT14,2023-11-23,PICKER_037,"[9, 12, 15, 17, 22]",5,48.23,3.34,64,7,1,MANUAL,1
ROUTE_004974,PLANT03,2023-08-05,PICKER_005,"[1, 2, 6, 9, 10]",5,115.79,2.89,53,3,1,ASTAR,0
ROUTE_004975,PLANT12,2024-09-20,PICKER_030,"[1, 2, 4, 7, 10, 11, 15, 20, 22, 23]",10,120.63,3.39,23,8,1,ASTAR,1
ROUTE_004976,PLANT17,2023-03-26,PICKER_026,"[1, 4, 5, 8, 9, 10, 13, 14, 17, 20]",10,169.29,5.72,21,8,1,ASTAR,1
ROUTE_004977,PLANT17,2024-02-15,PICKER_017,"[4, 6, 7, 9, 13, 17, 19, 20, 22]",9,172.48,6.03,49,4,1,ASTAR,0
ROUTE_004978,PLANT02,2024-04-08,PICKER_003,"[1, 2, 3, 6]",4,69.52,2.14,26,1,1,GREEDY,0
ROUTE_004979,PLANT05,2024-09-23,PICKER_036,"[2, 4, 5, 6, 8, 9]",6,92.39,4.27,16,1,1,MANUAL,1
ROUTE_004980,PLANT08,2023-11-03,PICKER_007,"[12, 18]",2,28.32,2.95,58,4,1,ASTAR,0
ROUTE_004981,PLANT01,2024-07-06,PICKER_039,"[1, 8, 11, 14, 16, 21]",6,119.85,4.2,21,3,1,GREEDY,1
ROUTE_004982,PLANT05,2024-02-21,PICKER_010,"[3, 4, 5, 6]",4,86.09,2.23,46,7,1,GREEDY,1
ROUTE_004983,PLANT19,2023-08-30,PICKER_005,"[5, 7, 11, 17, 21, 23]",6,135.15,3.74,43,3,1,MANUAL,1
ROUTE_004984,PLANT14,2024-05-05,PICKER_003,"[1, 11, 14, 17, 18, 21]",6,105.19,4.4,24,9,1,MANUAL,0
ROUTE_004985,PLANT09,2024-11-14,PICKER_046,"[1, 2, 3, 10]",4,36.64,2.65,55,3,1,GREEDY,1
ROUTE_004986,PLANT18,2023-08-27,PICKER_001,"[5, 6]",2,35.58,1.88,69,8,1,DIJKSTRA,0
ROUTE_004987,PLANT03,2023-02-09,PICKER_021,"[1, 3, 4, 5, 7, 10, 11]",7,127.84,3.99,31,8,1,DIJKSTRA,0
ROUTE_004988,PLANT09,2024-02-19,PICKER_040,"[1, 3, 5, 6, 7, 8, 9]",7,102.99,4.71,59,4,1,DIJKSTRA,1
ROUTE_004989,PLANT03,2023-03-09,PICKER_029,"[3, 5]",2,25.76,3.12,47,9,1,ASTAR,0
ROUTE_004990,PLANT14,2024-11-04,PICKER_032,"[5, 21, 25, 26]",4,63.49,2.34,64,9,1,ASTAR,1
ROUTE_004991,PLANT04,2023-08-30,PICKER_004,"[4, 5, 6, 7, 8, 11, 15, 19, 20]",9,187.38,4.54,67,3,1,MANUAL,0
ROUTE_004992,PLANT19,2024-07-03,PICKER_024,"[3, 4, 8, 10, 14]",5,103.88,4.31,7,7,1,GREEDY,0
ROUTE_004993,PLANT03,2024-11-24,PICKER_002,"[4, 10, 11]",3,22.85,2.07,75,1,1,ASTAR,1
ROUTE_004994,PLANT14,2024-05-10,PICKER_034,"[3, 4, 9, 12, 13, 14, 17, 24, 25]",9,167.98,4.78,39,4,1,DIJKSTRA,1
ROUTE_004995,PLANT13,2024-12-17,PICKER_005,"[2, 4, 5, 6, 8, 9]",6,80.74,4.58,7,1,1,ASTAR,1
ROUTE_004996,PLANT20,2024-05-09,PICKER_015,"[1, 2, 3, 4, 5, 6, 7]",7,120.06,3.4,68,6,1,ASTAR,1
ROUTE_004997,PLANT14,2024-10-09,PICKER_033,"[1, 2, 3, 12, 14, 16, 20, 23, 26, 28]",10,199.26,5.09,7,8,1,ASTAR,0
ROUTE_004998,PLANT14,2024-12-31,PICKER_037,"[8, 9, 11, 14, 16, 21, 24]",7,109.71,4.33,69,2,1,ASTAR,0
ROUTE_004999,PLANT08,2024-09-23,PICKER_035,"[3, 4, 14, 20, 21, 22, 23, 28, 29]",9,188.4,6.26,10,7,1,ASTAR,0
