Plant_Code,Product_ID
PLANT16,PROD_1700000
PLANT18,PROD_1700000
PLANT09,PROD_1700001
PLANT17,PROD_1700001
PLANT07,PROD_1700002
PLANT18,PROD_1700002
PLANT20,PROD_1700002
PLANT10,PROD_1700002
PLANT12,PROD_1700003
PLANT15,PROD_1700003
PLANT17,PROD_1700003
PLANT19,PROD_1700003
PLANT08,PROD_1700004
PLANT03,PROD_1700005
PLANT11,PROD_1700005
PLANT19,PROD_1700006
PLANT19,PROD_1700007
PLANT08,PROD_1700007
PLANT03,PROD_1700008
PLANT08,PROD_1700009
PLANT02,PROD_1700010
PLANT03,PROD_1700011
PLANT17,PROD_1700011
PLANT08,PROD_1700011
PLANT16,PROD_1700012
PLANT07,PROD_1700012
PLANT18,PROD_1700012
PLANT19,PROD_1700013
PLANT20,PROD_1700013
PLANT08,PROD_1700014
PLANT16,PROD_1700014
PLANT14,PROD_1700014
PLANT07,PROD_1700014
PLANT04,PROD_1700015
PLANT12,PROD_1700016
PLANT14,PROD_1700016
PLANT19,PROD_1700016
PLANT15,PROD_1700016
PLANT04,PROD_1700017
PLANT13,PROD_1700018
PLANT04,PROD_1700019
PLANT08,PROD_1700019
PLANT07,PROD_1700019
PLANT18,PROD_1700020
PLANT15,PROD_1700020
PLANT14,PROD_1700021
PLANT06,PROD_1700021
PLANT15,PROD_1700022
PLANT08,PROD_1700022
PLANT03,PROD_1700022
PLANT18,PROD_1700023
PLANT04,PROD_1700023
PLANT02,PROD_1700023
PLANT01,PROD_1700023
PLANT08,PROD_1700024
PLANT14,PROD_1700025
PLANT16,PROD_1700025
PLANT07,PROD_1700026
PLANT13,PROD_1700026
PLANT02,PROD_1700026
PLANT06,PROD_1700026
PLANT01,PROD_1700027
PLANT13,PROD_1700027
PLANT09,PROD_1700027
PLANT15,PROD_1700027
PLANT14,PROD_1700028
PLANT18,PROD_1700028
PLANT16,PROD_1700028
PLANT07,PROD_1700029
PLANT10,PROD_1700029
PLANT02,PROD_1700030
PLANT19,PROD_1700030
PLANT11,PROD_1700031
PLANT02,PROD_1700032
PLANT17,PROD_1700033
PLANT20,PROD_1700033
PLANT06,PROD_1700033
PLANT02,PROD_1700033
PLANT06,PROD_1700034
PLANT20,PROD_1700035
PLANT08,PROD_1700036
PLANT04,PROD_1700037
PLANT19,PROD_1700037
PLANT08,PROD_1700037
PLANT02,PROD_1700037
PLANT14,PROD_1700038
PLANT09,PROD_1700039
PLANT07,PROD_1700039
PLANT11,PROD_1700039
PLANT09,PROD_1700040
PLANT13,PROD_1700040
PLANT10,PROD_1700041
PLANT15,PROD_1700041
PLANT03,PROD_1700042
PLANT01,PROD_1700042
PLANT15,PROD_1700042
PLANT03,PROD_1700043
PLANT17,PROD_1700044
PLANT09,PROD_1700044
PLANT12,PROD_1700045
PLANT03,PROD_1700045
PLANT12,PROD_1700046
PLANT10,PROD_1700046
PLANT15,PROD_1700047
PLANT18,PROD_1700047
PLANT20,PROD_1700048
PLANT17,PROD_1700048
PLANT01,PROD_1700048
PLANT04,PROD_1700049
PLANT05,PROD_1700049
PLANT09,PROD_1700049
PLANT04,PROD_1700050
PLANT09,PROD_1700051
PLANT10,PROD_1700051
PLANT11,PROD_1700052
PLANT07,PROD_1700052
PLANT17,PROD_1700053
PLANT16,PROD_1700053
PLANT09,PROD_1700053
PLANT03,PROD_1700054
PLANT09,PROD_1700055
PLANT02,PROD_1700055
PLANT01,PROD_1700055
PLANT11,PROD_1700055
PLANT09,PROD_1700056
PLANT06,PROD_1700056
PLANT18,PROD_1700057
PLANT14,PROD_1700057
PLANT20,PROD_1700057
PLANT01,PROD_1700057
PLANT03,PROD_1700058
PLANT18,PROD_1700059
PLANT02,PROD_1700059
PLANT19,PROD_1700060
PLANT18,PROD_1700060
PLANT05,PROD_1700060
PLANT05,PROD_1700061
PLANT02,PROD_1700061
PLANT10,PROD_1700061
PLANT12,PROD_1700061
PLANT12,PROD_1700062
PLANT08,PROD_1700063
PLANT04,PROD_1700063
PLANT18,PROD_1700064
PLANT14,PROD_1700064
PLANT05,PROD_1700064
PLANT06,PROD_1700065
PLANT20,PROD_1700065
PLANT01,PROD_1700066
PLANT06,PROD_1700066
PLANT11,PROD_1700066
PLANT14,PROD_1700066
PLANT09,PROD_1700067
PLANT06,PROD_1700067
PLANT13,PROD_1700068
PLANT16,PROD_1700069
PLANT07,PROD_1700070
PLANT15,PROD_1700070
PLANT10,PROD_1700071
PLANT08,PROD_1700071
PLANT19,PROD_1700071
PLANT07,PROD_1700072
PLANT11,PROD_1700073
PLANT09,PROD_1700073
PLANT03,PROD_1700073
PLANT19,PROD_1700073
PLANT17,PROD_1700074
PLANT13,PROD_1700074
PLANT18,PROD_1700074
PLANT01,PROD_1700075
PLANT04,PROD_1700075
PLANT09,PROD_1700075
PLANT19,PROD_1700076
PLANT09,PROD_1700076
PLANT04,PROD_1700077
PLANT12,PROD_1700078
PLANT11,PROD_1700078
PLANT14,PROD_1700078
PLANT17,PROD_1700078
PLANT13,PROD_1700079
PLANT09,PROD_1700080
PLANT02,PROD_1700080
PLANT01,PROD_1700081
PLANT17,PROD_1700081
PLANT18,PROD_1700081
PLANT07,PROD_1700081
PLANT14,PROD_1700082
PLANT03,PROD_1700082
PLANT11,PROD_1700082
PLANT04,PROD_1700083
PLANT10,PROD_1700083
PLANT17,PROD_1700083
PLANT14,PROD_1700084
PLANT11,PROD_1700084
PLANT13,PROD_1700084
PLANT18,PROD_1700085
PLANT05,PROD_1700085
PLANT07,PROD_1700085
PLANT13,PROD_1700086
PLANT06,PROD_1700086
PLANT10,PROD_1700086
PLANT20,PROD_1700086
PLANT10,PROD_1700087
PLANT07,PROD_1700088
PLANT14,PROD_1700088
PLANT11,PROD_1700088
PLANT15,PROD_1700089
PLANT20,PROD_1700089
PLANT07,PROD_1700089
PLANT17,PROD_1700089
PLANT06,PROD_1700090
PLANT03,PROD_1700090
PLANT10,PROD_1700090
PLANT17,PROD_1700090
PLANT03,PROD_1700091
PLANT08,PROD_1700091
PLANT10,PROD_1700091
PLANT07,PROD_1700092
PLANT05,PROD_1700092
PLANT02,PROD_1700093
PLANT16,PROD_1700094
PLANT03,PROD_1700094
PLANT14,PROD_1700095
PLANT19,PROD_1700095
PLANT07,PROD_1700095
PLANT13,PROD_1700095
PLANT13,PROD_1700096
PLANT08,PROD_1700096
PLANT05,PROD_1700096
PLANT01,PROD_1700096
PLANT14,PROD_1700097
PLANT06,PROD_1700098
PLANT17,PROD_1700098
PLANT02,PROD_1700099
PLANT18,PROD_1700099
PLANT08,PROD_1700099
PLANT04,PROD_1700099
PLANT05,PROD_1700100
PLANT15,PROD_1700100
PLANT17,PROD_1700100
PLANT11,PROD_1700100
PLANT20,PROD_1700101
PLANT17,PROD_1700101
PLANT14,PROD_1700101
PLANT15,PROD_1700101
PLANT16,PROD_1700102
PLANT15,PROD_1700102
PLANT08,PROD_1700103
PLANT09,PROD_1700103
PLANT17,PROD_1700103
PLANT08,PROD_1700104
PLANT09,PROD_1700104
PLANT15,PROD_1700104
PLANT03,PROD_1700104
PLANT08,PROD_1700105
PLANT09,PROD_1700105
PLANT11,PROD_1700105
PLANT18,PROD_1700106
PLANT03,PROD_1700106
PLANT05,PROD_1700106
PLANT08,PROD_1700107
PLANT13,PROD_1700107
PLANT07,PROD_1700108
PLANT03,PROD_1700108
PLANT14,PROD_1700109
PLANT11,PROD_1700109
PLANT18,PROD_1700109
PLANT15,PROD_1700109
PLANT02,PROD_1700110
PLANT07,PROD_1700110
PLANT14,PROD_1700110
PLANT13,PROD_1700110
PLANT19,PROD_1700111
PLANT16,PROD_1700112
PLANT01,PROD_1700112
PLANT12,PROD_1700112
PLANT10,PROD_1700112
PLANT14,PROD_1700113
PLANT18,PROD_1700113
PLANT19,PROD_1700113
PLANT08,PROD_1700113
PLANT08,PROD_1700114
PLANT09,PROD_1700114
PLANT14,PROD_1700114
PLANT16,PROD_1700114
PLANT13,PROD_1700115
PLANT13,PROD_1700116
PLANT06,PROD_1700116
PLANT15,PROD_1700116
PLANT20,PROD_1700117
PLANT18,PROD_1700117
PLANT13,PROD_1700118
PLANT03,PROD_1700119
PLANT05,PROD_1700120
PLANT15,PROD_1700120
PLANT06,PROD_1700120
PLANT02,PROD_1700120
PLANT13,PROD_1700121
PLANT11,PROD_1700121
PLANT07,PROD_1700121
PLANT11,PROD_1700122
PLANT20,PROD_1700122
PLANT13,PROD_1700122
PLANT09,PROD_1700122
PLANT09,PROD_1700123
PLANT03,PROD_1700123
PLANT16,PROD_1700123
PLANT01,PROD_1700123
PLANT12,PROD_1700124
PLANT03,PROD_1700125
PLANT02,PROD_1700125
PLANT08,PROD_1700126
PLANT01,PROD_1700127
PLANT05,PROD_1700127
PLANT05,PROD_1700128
PLANT16,PROD_1700128
PLANT19,PROD_1700129
PLANT15,PROD_1700130
PLANT09,PROD_1700130
PLANT06,PROD_1700131
PLANT04,PROD_1700131
PLANT20,PROD_1700131
PLANT04,PROD_1700132
PLANT19,PROD_1700132
PLANT01,PROD_1700132
PLANT19,PROD_1700133
PLANT13,PROD_1700133
PLANT20,PROD_1700133
PLANT03,PROD_1700134
PLANT19,PROD_1700134
PLANT04,PROD_1700135
PLANT10,PROD_1700135
PLANT19,PROD_1700136
PLANT12,PROD_1700137
PLANT12,PROD_1700138
PLANT03,PROD_1700138
PLANT17,PROD_1700138
PLANT11,PROD_1700138
PLANT14,PROD_1700139
PLANT04,PROD_1700140
PLANT14,PROD_1700140
PLANT12,PROD_1700140
PLANT15,PROD_1700140
PLANT14,PROD_1700141
PLANT06,PROD_1700141
PLANT20,PROD_1700142
PLANT18,PROD_1700142
PLANT16,PROD_1700142
PLANT14,PROD_1700143
PLANT19,PROD_1700143
PLANT09,PROD_1700143
PLANT11,PROD_1700143
PLANT03,PROD_1700144
PLANT09,PROD_1700144
PLANT08,PROD_1700145
PLANT15,PROD_1700145
PLANT13,PROD_1700145
PLANT11,PROD_1700145
PLANT16,PROD_1700146
PLANT06,PROD_1700147
PLANT16,PROD_1700147
PLANT07,PROD_1700147
PLANT09,PROD_1700148
PLANT11,PROD_1700148
PLANT20,PROD_1700148
PLANT18,PROD_1700149
PLANT01,PROD_1700149
PLANT17,PROD_1700149
PLANT03,PROD_1700150
PLANT08,PROD_1700150
PLANT16,PROD_1700151
PLANT18,PROD_1700151
PLANT08,PROD_1700151
PLANT20,PROD_1700151
PLANT15,PROD_1700152
PLANT01,PROD_1700152
PLANT03,PROD_1700152
PLANT10,PROD_1700152
PLANT13,PROD_1700153
PLANT08,PROD_1700153
PLANT19,PROD_1700154
PLANT12,PROD_1700154
PLANT16,PROD_1700154
PLANT14,PROD_1700155
PLANT18,PROD_1700155
PLANT11,PROD_1700155
PLANT15,PROD_1700156
PLANT09,PROD_1700156
PLANT10,PROD_1700156
PLANT08,PROD_1700157
PLANT04,PROD_1700157
PLANT07,PROD_1700157
PLANT04,PROD_1700158
PLANT18,PROD_1700158
PLANT06,PROD_1700158
PLANT07,PROD_1700159
PLANT16,PROD_1700159
PLANT19,PROD_1700160
PLANT17,PROD_1700160
PLANT10,PROD_1700160
PLANT07,PROD_1700161
PLANT08,PROD_1700162
PLANT12,PROD_1700162
PLANT06,PROD_1700162
PLANT01,PROD_1700163
PLANT18,PROD_1700163
PLANT05,PROD_1700163
PLANT02,PROD_1700164
PLANT20,PROD_1700164
PLANT18,PROD_1700164
PLANT05,PROD_1700165
PLANT16,PROD_1700165
PLANT04,PROD_1700165
PLANT19,PROD_1700166
PLANT16,PROD_1700167
PLANT20,PROD_1700167
PLANT15,PROD_1700167
PLANT06,PROD_1700168
PLANT02,PROD_1700168
PLANT09,PROD_1700168
PLANT04,PROD_1700169
PLANT03,PROD_1700169
PLANT13,PROD_1700169
PLANT16,PROD_1700169
PLANT19,PROD_1700170
PLANT05,PROD_1700171
PLANT19,PROD_1700172
PLANT10,PROD_1700172
PLANT08,PROD_1700173
PLANT18,PROD_1700174
PLANT20,PROD_1700175
PLANT08,PROD_1700175
PLANT17,PROD_1700175
PLANT13,PROD_1700175
PLANT15,PROD_1700176
PLANT10,PROD_1700176
PLANT14,PROD_1700176
PLANT19,PROD_1700176
PLANT20,PROD_1700177
PLANT07,PROD_1700178
PLANT09,PROD_1700179
PLANT03,PROD_1700179
PLANT08,PROD_1700180
PLANT06,PROD_1700180
PLANT06,PROD_1700181
PLANT14,PROD_1700182
PLANT20,PROD_1700183
PLANT16,PROD_1700183
PLANT10,PROD_1700183
PLANT02,PROD_1700183
PLANT10,PROD_1700184
PLANT20,PROD_1700184
PLANT03,PROD_1700185
PLANT08,PROD_1700185
PLANT09,PROD_1700185
PLANT07,PROD_1700185
PLANT04,PROD_1700186
PLANT18,PROD_1700186
PLANT08,PROD_1700186
PLANT05,PROD_1700186
PLANT05,PROD_1700187
PLANT03,PROD_1700187
PLANT02,PROD_1700187
PLANT10,PROD_1700188
PLANT19,PROD_1700188
PLANT15,PROD_1700189
PLANT04,PROD_1700189
PLANT20,PROD_1700189
PLANT13,PROD_1700190
PLANT09,PROD_1700190
PLANT17,PROD_1700190
PLANT15,PROD_1700191
PLANT03,PROD_1700191
PLANT02,PROD_1700191
PLANT14,PROD_1700191
PLANT20,PROD_1700192
PLANT09,PROD_1700192
PLANT01,PROD_1700192
PLANT08,PROD_1700193
PLANT09,PROD_1700194
PLANT06,PROD_1700195
PLANT17,PROD_1700196
PLANT15,PROD_1700196
PLANT09,PROD_1700196
PLANT06,PROD_1700196
PLANT16,PROD_1700197
PLANT03,PROD_1700197
PLANT20,PROD_1700197
PLANT12,PROD_1700197
PLANT11,PROD_1700198
PLANT20,PROD_1700198
PLANT04,PROD_1700198
PLANT06,PROD_1700198
PLANT14,PROD_1700199
PLANT16,PROD_1700199
PLANT10,PROD_1700199
PLANT18,PROD_1700200
PLANT02,PROD_1700200
PLANT15,PROD_1700200
PLANT03,PROD_1700200
PLANT09,PROD_1700201
PLANT11,PROD_1700201
PLANT04,PROD_1700201
PLANT17,PROD_1700202
PLANT01,PROD_1700202
PLANT18,PROD_1700202
PLANT15,PROD_1700202
PLANT02,PROD_1700203
PLANT07,PROD_1700203
PLANT17,PROD_1700203
PLANT12,PROD_1700203
PLANT15,PROD_1700204
PLANT02,PROD_1700204
PLANT07,PROD_1700204
PLANT09,PROD_1700204
PLANT10,PROD_1700205
PLANT15,PROD_1700205
PLANT04,PROD_1700206
PLANT01,PROD_1700206
PLANT08,PROD_1700206
PLANT06,PROD_1700206
PLANT18,PROD_1700207
PLANT01,PROD_1700207
PLANT20,PROD_1700207
PLANT03,PROD_1700208
PLANT08,PROD_1700208
PLANT04,PROD_1700208
PLANT15,PROD_1700208
PLANT05,PROD_1700209
PLANT10,PROD_1700210
PLANT17,PROD_1700210
PLANT09,PROD_1700210
PLANT14,PROD_1700210
PLANT16,PROD_1700211
PLANT08,PROD_1700211
PLANT15,PROD_1700211
PLANT05,PROD_1700211
PLANT07,PROD_1700212
PLANT17,PROD_1700212
PLANT05,PROD_1700212
PLANT03,PROD_1700212
PLANT14,PROD_1700213
PLANT11,PROD_1700213
PLANT17,PROD_1700213
PLANT01,PROD_1700214
PLANT10,PROD_1700214
PLANT19,PROD_1700214
PLANT05,PROD_1700215
PLANT15,PROD_1700215
PLANT18,PROD_1700215
PLANT16,PROD_1700215
PLANT11,PROD_1700216
PLANT18,PROD_1700216
PLANT19,PROD_1700216
PLANT15,PROD_1700217
PLANT11,PROD_1700217
PLANT07,PROD_1700217
PLANT08,PROD_1700217
PLANT08,PROD_1700218
PLANT14,PROD_1700218
PLANT02,PROD_1700218
PLANT11,PROD_1700218
PLANT13,PROD_1700219
PLANT20,PROD_1700219
PLANT05,PROD_1700219
PLANT16,PROD_1700219
PLANT05,PROD_1700220
PLANT04,PROD_1700221
PLANT15,PROD_1700221
PLANT20,PROD_1700221
PLANT01,PROD_1700222
PLANT05,PROD_1700222
PLANT14,PROD_1700222
PLANT19,PROD_1700222
PLANT16,PROD_1700223
PLANT11,PROD_1700224
PLANT13,PROD_1700224
PLANT03,PROD_1700224
PLANT18,PROD_1700225
PLANT13,PROD_1700225
PLANT11,PROD_1700225
PLANT18,PROD_1700226
PLANT02,PROD_1700226
PLANT03,PROD_1700226
PLANT08,PROD_1700226
PLANT08,PROD_1700227
PLANT03,PROD_1700227
PLANT14,PROD_1700227
PLANT04,PROD_1700228
PLANT06,PROD_1700229
PLANT10,PROD_1700229
PLANT01,PROD_1700229
PLANT02,PROD_1700229
PLANT02,PROD_1700230
PLANT10,PROD_1700230
PLANT12,PROD_1700230
PLANT14,PROD_1700231
PLANT05,PROD_1700231
PLANT08,PROD_1700231
PLANT19,PROD_1700232
PLANT06,PROD_1700232
PLANT20,PROD_1700232
PLANT18,PROD_1700232
PLANT20,PROD_1700233
PLANT20,PROD_1700234
PLANT08,PROD_1700234
PLANT16,PROD_1700234
PLANT05,PROD_1700234
PLANT15,PROD_1700235
PLANT09,PROD_1700235
PLANT09,PROD_1700236
PLANT01,PROD_1700236
PLANT15,PROD_1700236
PLANT10,PROD_1700236
PLANT03,PROD_1700237
PLANT15,PROD_1700237
PLANT19,PROD_1700238
PLANT10,PROD_1700238
PLANT14,PROD_1700238
PLANT15,PROD_1700239
PLANT10,PROD_1700239
PLANT07,PROD_1700239
PLANT16,PROD_1700240
PLANT04,PROD_1700240
PLANT08,PROD_1700240
PLANT13,PROD_1700240
PLANT19,PROD_1700241
PLANT10,PROD_1700241
PLANT20,PROD_1700241
PLANT13,PROD_1700242
PLANT01,PROD_1700243
PLANT19,PROD_1700243
PLANT02,PROD_1700243
PLANT10,PROD_1700244
PLANT08,PROD_1700244
PLANT12,PROD_1700244
PLANT19,PROD_1700244
PLANT20,PROD_1700245
PLANT09,PROD_1700245
PLANT04,PROD_1700246
PLANT02,PROD_1700246
PLANT15,PROD_1700247
PLANT02,PROD_1700247
PLANT12,PROD_1700247
PLANT03,PROD_1700248
PLANT10,PROD_1700248
PLANT14,PROD_1700249
PLANT06,PROD_1700249
PLANT07,PROD_1700249
PLANT18,PROD_1700250
PLANT12,PROD_1700250
PLANT06,PROD_1700251
PLANT09,PROD_1700251
PLANT16,PROD_1700251
PLANT11,PROD_1700252
PLANT04,PROD_1700252
PLANT15,PROD_1700252
PLANT05,PROD_1700253
PLANT13,PROD_1700254
PLANT18,PROD_1700254
PLANT03,PROD_1700255
PLANT13,PROD_1700255
PLANT01,PROD_1700255
PLANT18,PROD_1700256
PLANT04,PROD_1700256
PLANT15,PROD_1700256
PLANT09,PROD_1700257
PLANT19,PROD_1700257
PLANT13,PROD_1700257
PLANT04,PROD_1700258
PLANT08,PROD_1700258
PLANT16,PROD_1700258
PLANT20,PROD_1700259
PLANT20,PROD_1700260
PLANT08,PROD_1700260
PLANT03,PROD_1700260
PLANT10,PROD_1700261
PLANT14,PROD_1700261
PLANT04,PROD_1700261
PLANT05,PROD_1700261
PLANT02,PROD_1700262
PLANT16,PROD_1700263
PLANT04,PROD_1700263
PLANT19,PROD_1700263
PLANT18,PROD_1700264
PLANT05,PROD_1700264
PLANT15,PROD_1700265
PLANT12,PROD_1700265
PLANT18,PROD_1700265
PLANT14,PROD_1700265
PLANT14,PROD_1700266
PLANT04,PROD_1700266
PLANT20,PROD_1700267
PLANT14,PROD_1700267
PLANT09,PROD_1700267
PLANT02,PROD_1700267
PLANT07,PROD_1700268
PLANT15,PROD_1700268
PLANT19,PROD_1700268
PLANT12,PROD_1700269
PLANT04,PROD_1700269
PLANT18,PROD_1700270
PLANT12,PROD_1700270
PLANT02,PROD_1700270
PLANT09,PROD_1700271
PLANT07,PROD_1700271
PLANT04,PROD_1700271
PLANT15,PROD_1700271
PLANT07,PROD_1700272
PLANT02,PROD_1700273
PLANT08,PROD_1700274
PLANT05,PROD_1700274
PLANT07,PROD_1700274
PLANT18,PROD_1700275
PLANT19,PROD_1700276
PLANT07,PROD_1700276
PLANT11,PROD_1700277
PLANT05,PROD_1700277
PLANT09,PROD_1700278
PLANT05,PROD_1700279
PLANT18,PROD_1700279
PLANT06,PROD_1700280
PLANT04,PROD_1700280
PLANT01,PROD_1700280
PLANT01,PROD_1700281
PLANT12,PROD_1700281
PLANT19,PROD_1700282
PLANT11,PROD_1700282
PLANT06,PROD_1700283
PLANT02,PROD_1700284
PLANT05,PROD_1700284
PLANT14,PROD_1700284
PLANT03,PROD_1700285
PLANT15,PROD_1700286
PLANT12,PROD_1700286
PLANT17,PROD_1700286
PLANT04,PROD_1700286
PLANT17,PROD_1700287
PLANT08,PROD_1700287
PLANT02,PROD_1700287
PLANT20,PROD_1700287
PLANT15,PROD_1700288
PLANT01,PROD_1700288
PLANT02,PROD_1700288
PLANT13,PROD_1700289
PLANT14,PROD_1700289
PLANT04,PROD_1700289
PLANT16,PROD_1700289
PLANT03,PROD_1700290
PLANT20,PROD_1700290
PLANT11,PROD_1700290
PLANT05,PROD_1700290
PLANT05,PROD_1700291
PLANT20,PROD_1700292
PLANT19,PROD_1700292
PLANT18,PROD_1700292
PLANT13,PROD_1700293
PLANT17,PROD_1700293
PLANT10,PROD_1700293
PLANT17,PROD_1700294
PLANT14,PROD_1700294
PLANT04,PROD_1700294
PLANT18,PROD_1700294
PLANT14,PROD_1700295
PLANT15,PROD_1700295
PLANT14,PROD_1700296
PLANT11,PROD_1700296
PLANT13,PROD_1700297
PLANT14,PROD_1700297
PLANT04,PROD_1700297
PLANT11,PROD_1700297
PLANT11,PROD_1700298
PLANT09,PROD_1700298
PLANT12,PROD_1700298
PLANT05,PROD_1700298
PLANT03,PROD_1700299
PLANT20,PROD_1700299
PLANT19,PROD_1700299
PLANT18,PROD_1700299
PLANT04,PROD_1700300
PLANT12,PROD_1700300
PLANT05,PROD_1700300
PLANT02,PROD_1700300
PLANT04,PROD_1700301
PLANT14,PROD_1700301
PLANT12,PROD_1700301
PLANT02,PROD_1700302
PLANT10,PROD_1700302
PLANT19,PROD_1700302
PLANT12,PROD_1700302
PLANT19,PROD_1700303
PLANT05,PROD_1700304
PLANT16,PROD_1700304
PLANT04,PROD_1700305
PLANT12,PROD_1700305
PLANT04,PROD_1700306
PLANT09,PROD_1700306
PLANT08,PROD_1700306
PLANT18,PROD_1700307
PLANT20,PROD_1700307
PLANT01,PROD_1700307
PLANT09,PROD_1700307
PLANT06,PROD_1700308
PLANT10,PROD_1700309
PLANT11,PROD_1700309
PLANT12,PROD_1700309
PLANT06,PROD_1700310
PLANT19,PROD_1700311
PLANT13,PROD_1700311
PLANT05,PROD_1700312
PLANT03,PROD_1700313
PLANT13,PROD_1700314
PLANT14,PROD_1700314
PLANT11,PROD_1700315
PLANT06,PROD_1700315
PLANT12,PROD_1700315
PLANT10,PROD_1700315
PLANT19,PROD_1700316
PLANT03,PROD_1700316
PLANT02,PROD_1700316
PLANT06,PROD_1700317
PLANT02,PROD_1700317
PLANT09,PROD_1700318
PLANT14,PROD_1700319
PLANT16,PROD_1700319
PLANT15,PROD_1700319
PLANT20,PROD_1700319
PLANT07,PROD_1700320
PLANT17,PROD_1700320
PLANT04,PROD_1700320
PLANT14,PROD_1700321
PLANT04,PROD_1700321
PLANT10,PROD_1700321
PLANT17,PROD_1700322
PLANT10,PROD_1700322
PLANT02,PROD_1700322
PLANT08,PROD_1700322
PLANT20,PROD_1700323
PLANT02,PROD_1700323
PLANT01,PROD_1700323
PLANT07,PROD_1700323
PLANT07,PROD_1700324
PLANT05,PROD_1700324
PLANT09,PROD_1700324
PLANT11,PROD_1700325
PLANT04,PROD_1700325
PLANT01,PROD_1700325
PLANT14,PROD_1700326
PLANT06,PROD_1700326
PLANT05,PROD_1700326
PLANT13,PROD_1700326
PLANT17,PROD_1700327
PLANT18,PROD_1700327
PLANT03,PROD_1700328
PLANT13,PROD_1700328
PLANT02,PROD_1700328
PLANT01,PROD_1700329
PLANT15,PROD_1700329
PLANT03,PROD_1700329
PLANT11,PROD_1700329
PLANT19,PROD_1700330
PLANT13,PROD_1700330
PLANT14,PROD_1700330
PLANT10,PROD_1700330
PLANT13,PROD_1700331
PLANT11,PROD_1700332
PLANT20,PROD_1700333
PLANT15,PROD_1700333
PLANT03,PROD_1700334
PLANT14,PROD_1700334
PLANT04,PROD_1700334
PLANT14,PROD_1700335
PLANT19,PROD_1700335
PLANT17,PROD_1700336
PLANT03,PROD_1700336
PLANT13,PROD_1700336
PLANT10,PROD_1700336
PLANT08,PROD_1700337
PLANT11,PROD_1700337
PLANT06,PROD_1700337
PLANT17,PROD_1700338
PLANT17,PROD_1700339
PLANT12,PROD_1700340
PLANT20,PROD_1700340
PLANT08,PROD_1700341
PLANT04,PROD_1700341
PLANT09,PROD_1700342
PLANT07,PROD_1700342
PLANT20,PROD_1700343
PLANT05,PROD_1700343
PLANT06,PROD_1700344
PLANT15,PROD_1700345
PLANT19,PROD_1700345
PLANT20,PROD_1700345
PLANT11,PROD_1700345
PLANT05,PROD_1700346
PLANT15,PROD_1700346
PLANT03,PROD_1700346
PLANT15,PROD_1700347
PLANT10,PROD_1700347
PLANT09,PROD_1700347
PLANT02,PROD_1700347
PLANT17,PROD_1700348
PLANT03,PROD_1700348
PLANT10,PROD_1700348
PLANT15,PROD_1700349
PLANT02,PROD_1700349
PLANT19,PROD_1700349
PLANT12,PROD_1700349
PLANT03,PROD_1700350
PLANT20,PROD_1700350
PLANT17,PROD_1700350
PLANT15,PROD_1700351
PLANT19,PROD_1700351
PLANT18,PROD_1700351
PLANT02,PROD_1700351
PLANT19,PROD_1700352
PLANT07,PROD_1700352
PLANT11,PROD_1700352
PLANT16,PROD_1700352
PLANT02,PROD_1700353
PLANT15,PROD_1700353
PLANT11,PROD_1700354
PLANT17,PROD_1700355
PLANT02,PROD_1700356
PLANT08,PROD_1700356
PLANT15,PROD_1700357
PLANT17,PROD_1700357
PLANT19,PROD_1700357
PLANT06,PROD_1700357
PLANT12,PROD_1700358
PLANT10,PROD_1700358
PLANT13,PROD_1700358
PLANT11,PROD_1700359
PLANT02,PROD_1700359
PLANT20,PROD_1700359
PLANT03,PROD_1700359
PLANT04,PROD_1700360
PLANT18,PROD_1700360
PLANT13,PROD_1700360
PLANT09,PROD_1700361
PLANT05,PROD_1700361
PLANT11,PROD_1700361
PLANT19,PROD_1700362
PLANT12,PROD_1700363
PLANT10,PROD_1700363
PLANT05,PROD_1700364
PLANT03,PROD_1700364
PLANT10,PROD_1700364
PLANT13,PROD_1700364
PLANT05,PROD_1700365
PLANT17,PROD_1700365
PLANT03,PROD_1700365
PLANT17,PROD_1700366
PLANT12,PROD_1700366
PLANT01,PROD_1700366
PLANT19,PROD_1700366
PLANT06,PROD_1700367
PLANT07,PROD_1700367
PLANT11,PROD_1700367
PLANT07,PROD_1700368
PLANT08,PROD_1700368
PLANT05,PROD_1700368
PLANT18,PROD_1700368
PLANT10,PROD_1700369
PLANT17,PROD_1700370
PLANT11,PROD_1700371
PLANT20,PROD_1700372
PLANT13,PROD_1700372
PLANT06,PROD_1700373
PLANT20,PROD_1700373
PLANT15,PROD_1700374
PLANT02,PROD_1700374
PLANT12,PROD_1700375
PLANT08,PROD_1700375
PLANT15,PROD_1700375
PLANT10,PROD_1700375
PLANT08,PROD_1700376
PLANT18,PROD_1700376
PLANT20,PROD_1700376
PLANT10,PROD_1700376
PLANT07,PROD_1700377
PLANT12,PROD_1700377
PLANT15,PROD_1700377
PLANT18,PROD_1700377
PLANT13,PROD_1700378
PLANT17,PROD_1700378
PLANT19,PROD_1700378
PLANT06,PROD_1700379
PLANT07,PROD_1700379
PLANT05,PROD_1700379
PLANT09,PROD_1700379
PLANT16,PROD_1700380
PLANT18,PROD_1700381
PLANT04,PROD_1700381
PLANT17,PROD_1700381
PLANT10,PROD_1700382
PLANT06,PROD_1700383
PLANT15,PROD_1700384
PLANT17,PROD_1700384
PLANT05,PROD_1700384
PLANT03,PROD_1700385
PLANT08,PROD_1700385
PLANT15,PROD_1700385
PLANT12,PROD_1700385
PLANT14,PROD_1700386
PLANT13,PROD_1700387
PLANT08,PROD_1700388
PLANT13,PROD_1700388
PLANT03,PROD_1700388
PLANT08,PROD_1700389
PLANT01,PROD_1700389
PLANT11,PROD_1700389
PLANT11,PROD_1700390
PLANT05,PROD_1700391
PLANT02,PROD_1700391
PLANT16,PROD_1700392
PLANT05,PROD_1700392
PLANT20,PROD_1700392
PLANT20,PROD_1700393
PLANT01,PROD_1700393
PLANT03,PROD_1700393
PLANT19,PROD_1700393
PLANT07,PROD_1700394
PLANT05,PROD_1700394
PLANT18,PROD_1700394
PLANT04,PROD_1700395
PLANT10,PROD_1700395
PLANT08,PROD_1700395
PLANT19,PROD_1700395
PLANT02,PROD_1700396
PLANT14,PROD_1700397
PLANT15,PROD_1700397
PLANT04,PROD_1700398
PLANT20,PROD_1700399
PLANT18,PROD_1700399
PLANT01,PROD_1700399
PLANT17,PROD_1700399
PLANT05,PROD_1700400
PLANT10,PROD_1700400
PLANT01,PROD_1700401
PLANT12,PROD_1700401
PLANT08,PROD_1700401
PLANT14,PROD_1700401
PLANT03,PROD_1700402
PLANT17,PROD_1700402
PLANT03,PROD_1700403
PLANT17,PROD_1700403
PLANT18,PROD_1700403
PLANT13,PROD_1700404
PLANT02,PROD_1700405
PLANT13,PROD_1700405
PLANT12,PROD_1700405
PLANT09,PROD_1700405
PLANT12,PROD_1700406
PLANT12,PROD_1700407
PLANT04,PROD_1700408
PLANT19,PROD_1700408
PLANT05,PROD_1700409
PLANT02,PROD_1700409
PLANT12,PROD_1700409
PLANT06,PROD_1700410
PLANT15,PROD_1700410
PLANT16,PROD_1700410
PLANT05,PROD_1700411
PLANT03,PROD_1700411
PLANT02,PROD_1700412
PLANT10,PROD_1700412
PLANT07,PROD_1700412
PLANT20,PROD_1700412
PLANT02,PROD_1700413
PLANT11,PROD_1700413
PLANT17,PROD_1700414
PLANT13,PROD_1700414
PLANT18,PROD_1700414
PLANT09,PROD_1700415
PLANT02,PROD_1700415
PLANT07,PROD_1700415
PLANT10,PROD_1700415
PLANT02,PROD_1700416
PLANT11,PROD_1700416
PLANT09,PROD_1700416
PLANT12,PROD_1700417
PLANT13,PROD_1700418
PLANT15,PROD_1700418
PLANT20,PROD_1700418
PLANT11,PROD_1700418
PLANT16,PROD_1700419
PLANT20,PROD_1700419
PLANT17,PROD_1700420
PLANT09,PROD_1700420
PLANT03,PROD_1700420
PLANT03,PROD_1700421
PLANT14,PROD_1700421
PLANT06,PROD_1700421
PLANT10,PROD_1700421
PLANT04,PROD_1700422
PLANT03,PROD_1700422
PLANT11,PROD_1700422
PLANT10,PROD_1700423
PLANT15,PROD_1700423
PLANT14,PROD_1700423
PLANT15,PROD_1700424
PLANT12,PROD_1700424
PLANT02,PROD_1700425
PLANT12,PROD_1700425
PLANT14,PROD_1700425
PLANT09,PROD_1700425
PLANT03,PROD_1700426
PLANT12,PROD_1700427
PLANT17,PROD_1700427
PLANT06,PROD_1700427
PLANT01,PROD_1700427
PLANT20,PROD_1700428
PLANT15,PROD_1700428
PLANT05,PROD_1700429
PLANT08,PROD_1700430
PLANT12,PROD_1700431
PLANT13,PROD_1700431
PLANT02,PROD_1700431
PLANT15,PROD_1700432
PLANT12,PROD_1700432
PLANT15,PROD_1700433
PLANT03,PROD_1700433
PLANT05,PROD_1700433
PLANT13,PROD_1700434
PLANT11,PROD_1700434
PLANT09,PROD_1700434
PLANT04,PROD_1700435
PLANT01,PROD_1700435
PLANT16,PROD_1700436
PLANT17,PROD_1700436
PLANT18,PROD_1700437
PLANT04,PROD_1700437
PLANT09,PROD_1700437
PLANT20,PROD_1700437
PLANT07,PROD_1700438
PLANT10,PROD_1700438
PLANT16,PROD_1700438
PLANT20,PROD_1700438
PLANT05,PROD_1700439
PLANT15,PROD_1700440
PLANT15,PROD_1700441
PLANT03,PROD_1700441
PLANT12,PROD_1700442
PLANT03,PROD_1700442
PLANT18,PROD_1700442
PLANT10,PROD_1700443
PLANT06,PROD_1700443
PLANT19,PROD_1700443
PLANT17,PROD_1700444
PLANT08,PROD_1700444
PLANT04,PROD_1700444
PLANT05,PROD_1700445
PLANT08,PROD_1700445
PLANT01,PROD_1700446
PLANT12,PROD_1700446
PLANT18,PROD_1700446
PLANT19,PROD_1700446
PLANT18,PROD_1700447
PLANT05,PROD_1700447
PLANT03,PROD_1700447
PLANT20,PROD_1700447
PLANT13,PROD_1700448
PLANT16,PROD_1700448
PLANT17,PROD_1700448
PLANT14,PROD_1700449
PLANT19,PROD_1700449
PLANT03,PROD_1700449
PLANT05,PROD_1700449
PLANT03,PROD_1700450
PLANT15,PROD_1700450
PLANT19,PROD_1700450
PLANT05,PROD_1700451
PLANT18,PROD_1700451
PLANT06,PROD_1700451
PLANT14,PROD_1700452
PLANT17,PROD_1700452
PLANT04,PROD_1700453
PLANT10,PROD_1700454
PLANT06,PROD_1700454
PLANT11,PROD_1700455
PLANT08,PROD_1700455
PLANT17,PROD_1700456
PLANT10,PROD_1700456
PLANT03,PROD_1700456
PLANT07,PROD_1700457
PLANT18,PROD_1700457
PLANT09,PROD_1700457
PLANT10,PROD_1700458
PLANT18,PROD_1700458
PLANT17,PROD_1700459
PLANT19,PROD_1700460
PLANT20,PROD_1700460
PLANT06,PROD_1700461
PLANT11,PROD_1700461
PLANT01,PROD_1700462
PLANT02,PROD_1700463
PLANT07,PROD_1700464
PLANT19,PROD_1700464
PLANT14,PROD_1700464
PLANT16,PROD_1700465
PLANT10,PROD_1700466
PLANT16,PROD_1700466
PLANT08,PROD_1700466
PLANT10,PROD_1700467
PLANT15,PROD_1700467
PLANT03,PROD_1700467
PLANT02,PROD_1700467
PLANT15,PROD_1700468
PLANT14,PROD_1700468
PLANT15,PROD_1700469
PLANT07,PROD_1700469
PLANT11,PROD_1700469
PLANT05,PROD_1700469
PLANT11,PROD_1700470
PLANT12,PROD_1700470
PLANT13,PROD_1700470
PLANT12,PROD_1700471
PLANT17,PROD_1700471
PLANT11,PROD_1700472
PLANT15,PROD_1700473
PLANT04,PROD_1700473
PLANT15,PROD_1700474
PLANT08,PROD_1700474
PLANT05,PROD_1700474
PLANT02,PROD_1700475
PLANT13,PROD_1700476
PLANT14,PROD_1700476
PLANT08,PROD_1700476
PLANT11,PROD_1700477
PLANT19,PROD_1700477
PLANT07,PROD_1700478
PLANT06,PROD_1700478
PLANT16,PROD_1700478
PLANT16,PROD_1700479
PLANT10,PROD_1700479
PLANT20,PROD_1700479
PLANT01,PROD_1700479
PLANT13,PROD_1700480
PLANT08,PROD_1700481
PLANT07,PROD_1700481
PLANT12,PROD_1700481
PLANT02,PROD_1700481
PLANT10,PROD_1700482
PLANT20,PROD_1700483
PLANT16,PROD_1700483
PLANT10,PROD_1700483
PLANT01,PROD_1700483
PLANT14,PROD_1700484
PLANT09,PROD_1700485
PLANT12,PROD_1700485
PLANT12,PROD_1700486
PLANT02,PROD_1700486
PLANT13,PROD_1700486
PLANT19,PROD_1700486
PLANT12,PROD_1700487
PLANT18,PROD_1700487
PLANT03,PROD_1700488
PLANT13,PROD_1700488
PLANT17,PROD_1700488
PLANT18,PROD_1700489
PLANT09,PROD_1700489
PLANT04,PROD_1700489
PLANT05,PROD_1700489
PLANT13,PROD_1700490
PLANT11,PROD_1700491
PLANT18,PROD_1700491
PLANT12,PROD_1700491
PLANT07,PROD_1700492
PLANT17,PROD_1700492
PLANT17,PROD_1700493
PLANT02,PROD_1700493
PLANT19,PROD_1700493
PLANT18,PROD_1700493
PLANT11,PROD_1700494
PLANT16,PROD_1700494
PLANT05,PROD_1700495
PLANT17,PROD_1700495
PLANT20,PROD_1700495
PLANT11,PROD_1700495
PLANT06,PROD_1700496
PLANT13,PROD_1700496
PLANT10,PROD_1700496
PLANT17,PROD_1700497
PLANT20,PROD_1700497
PLANT18,PROD_1700497
PLANT19,PROD_1700498
PLANT10,PROD_1700498
PLANT16,PROD_1700498
PLANT01,PROD_1700498
PLANT11,PROD_1700499
PLANT04,PROD_1700499
PLANT14,PROD_1700499
PLANT01,PROD_1700500
PLANT16,PROD_1700500
PLANT09,PROD_1700500
PLANT02,PROD_1700501
PLANT19,PROD_1700501
PLANT06,PROD_1700502
PLANT17,PROD_1700502
PLANT13,PROD_1700502
PLANT05,PROD_1700502
PLANT02,PROD_1700503
PLANT19,PROD_1700503
PLANT07,PROD_1700504
PLANT15,PROD_1700505
PLANT14,PROD_1700506
PLANT05,PROD_1700506
PLANT20,PROD_1700506
PLANT14,PROD_1700507
PLANT17,PROD_1700507
PLANT02,PROD_1700508
PLANT05,PROD_1700508
PLANT17,PROD_1700508
PLANT07,PROD_1700508
PLANT16,PROD_1700509
PLANT17,PROD_1700509
PLANT13,PROD_1700509
PLANT06,PROD_1700510
PLANT15,PROD_1700510
PLANT18,PROD_1700510
PLANT18,PROD_1700511
PLANT12,PROD_1700511
PLANT09,PROD_1700511
PLANT07,PROD_1700512
PLANT08,PROD_1700512
PLANT09,PROD_1700512
PLANT10,PROD_1700512
PLANT10,PROD_1700513
PLANT20,PROD_1700513
PLANT16,PROD_1700514
PLANT11,PROD_1700514
PLANT12,PROD_1700515
PLANT18,PROD_1700515
PLANT09,PROD_1700515
PLANT10,PROD_1700515
PLANT19,PROD_1700516
PLANT13,PROD_1700517
PLANT12,PROD_1700517
PLANT05,PROD_1700517
PLANT10,PROD_1700517
PLANT10,PROD_1700518
PLANT12,PROD_1700519
PLANT09,PROD_1700520
PLANT16,PROD_1700520
PLANT07,PROD_1700520
PLANT18,PROD_1700520
PLANT18,PROD_1700521
PLANT09,PROD_1700521
PLANT05,PROD_1700521
PLANT20,PROD_1700522
PLANT08,PROD_1700523
PLANT02,PROD_1700523
PLANT08,PROD_1700524
PLANT02,PROD_1700524
PLANT14,PROD_1700525
PLANT16,PROD_1700526
PLANT04,PROD_1700526
PLANT05,PROD_1700526
PLANT18,PROD_1700527
PLANT14,PROD_1700528
PLANT16,PROD_1700528
PLANT07,PROD_1700529
PLANT10,PROD_1700529
PLANT11,PROD_1700529
PLANT19,PROD_1700529
PLANT03,PROD_1700530
PLANT18,PROD_1700531
PLANT02,PROD_1700531
PLANT14,PROD_1700532
PLANT06,PROD_1700532
PLANT13,PROD_1700533
PLANT06,PROD_1700534
PLANT10,PROD_1700534
PLANT02,PROD_1700534
PLANT01,PROD_1700534
PLANT19,PROD_1700535
PLANT04,PROD_1700535
PLANT11,PROD_1700535
PLANT15,PROD_1700536
PLANT18,PROD_1700536
PLANT17,PROD_1700536
PLANT05,PROD_1700537
PLANT17,PROD_1700537
PLANT15,PROD_1700537
PLANT09,PROD_1700537
PLANT04,PROD_1700538
PLANT11,PROD_1700538
PLANT15,PROD_1700539
PLANT09,PROD_1700539
PLANT01,PROD_1700540
PLANT11,PROD_1700540
PLANT19,PROD_1700541
PLANT07,PROD_1700541
PLANT06,PROD_1700541
PLANT14,PROD_1700542
PLANT17,PROD_1700542
PLANT11,PROD_1700542
PLANT03,PROD_1700542
PLANT04,PROD_1700543
PLANT06,PROD_1700543
PLANT05,PROD_1700543
PLANT16,PROD_1700543
PLANT08,PROD_1700544
PLANT01,PROD_1700544
PLANT09,PROD_1700544
PLANT08,PROD_1700545
PLANT15,PROD_1700545
PLANT09,PROD_1700545
PLANT11,PROD_1700545
PLANT19,PROD_1700546
PLANT20,PROD_1700546
PLANT01,PROD_1700546
PLANT12,PROD_1700547
PLANT08,PROD_1700547
PLANT02,PROD_1700547
PLANT15,PROD_1700548
PLANT06,PROD_1700549
PLANT13,PROD_1700549
PLANT17,PROD_1700549
PLANT04,PROD_1700550
PLANT10,PROD_1700550
PLANT12,PROD_1700550
PLANT08,PROD_1700551
PLANT05,PROD_1700551
PLANT05,PROD_1700552
PLANT15,PROD_1700552
PLANT12,PROD_1700552
PLANT14,PROD_1700552
PLANT18,PROD_1700553
PLANT07,PROD_1700553
PLANT08,PROD_1700553
PLANT03,PROD_1700553
PLANT17,PROD_1700554
PLANT12,PROD_1700554
PLANT03,PROD_1700554
PLANT04,PROD_1700554
PLANT18,PROD_1700555
PLANT19,PROD_1700556
PLANT18,PROD_1700556
PLANT06,PROD_1700557
PLANT11,PROD_1700557
PLANT04,PROD_1700558
PLANT07,PROD_1700558
PLANT16,PROD_1700558
PLANT03,PROD_1700558
PLANT02,PROD_1700559
PLANT15,PROD_1700559
PLANT05,PROD_1700559
PLANT17,PROD_1700559
PLANT15,PROD_1700560
PLANT19,PROD_1700560
PLANT02,PROD_1700560
PLANT20,PROD_1700560
PLANT01,PROD_1700561
PLANT13,PROD_1700561
PLANT09,PROD_1700561
PLANT07,PROD_1700562
PLANT02,PROD_1700563
PLANT12,PROD_1700564
PLANT03,PROD_1700564
PLANT18,PROD_1700564
PLANT02,PROD_1700564
PLANT16,PROD_1700565
PLANT10,PROD_1700566
PLANT06,PROD_1700567
PLANT05,PROD_1700567
PLANT14,PROD_1700567
PLANT12,PROD_1700567
PLANT15,PROD_1700568
PLANT13,PROD_1700568
PLANT19,PROD_1700568
PLANT03,PROD_1700568
PLANT12,PROD_1700569
PLANT04,PROD_1700569
PLANT18,PROD_1700570
PLANT13,PROD_1700570
PLANT08,PROD_1700571
PLANT01,PROD_1700571
PLANT10,PROD_1700572
PLANT18,PROD_1700573
PLANT14,PROD_1700573
PLANT20,PROD_1700573
PLANT13,PROD_1700573
PLANT08,PROD_1700574
PLANT15,PROD_1700574
PLANT05,PROD_1700575
PLANT09,PROD_1700575
PLANT07,PROD_1700575
PLANT02,PROD_1700576
PLANT20,PROD_1700577
PLANT01,PROD_1700577
PLANT08,PROD_1700577
PLANT07,PROD_1700577
PLANT04,PROD_1700578
PLANT15,PROD_1700579
PLANT08,PROD_1700580
PLANT13,PROD_1700581
PLANT08,PROD_1700582
PLANT18,PROD_1700582
PLANT07,PROD_1700582
PLANT02,PROD_1700582
PLANT17,PROD_1700583
PLANT10,PROD_1700583
PLANT19,PROD_1700584
PLANT11,PROD_1700584
PLANT08,PROD_1700585
PLANT10,PROD_1700585
PLANT05,PROD_1700585
PLANT14,PROD_1700586
PLANT10,PROD_1700586
PLANT02,PROD_1700587
PLANT18,PROD_1700587
PLANT06,PROD_1700587
PLANT18,PROD_1700588
PLANT16,PROD_1700588
PLANT02,PROD_1700588
PLANT12,PROD_1700588
PLANT17,PROD_1700589
PLANT11,PROD_1700589
PLANT14,PROD_1700589
PLANT18,PROD_1700589
PLANT10,PROD_1700590
PLANT13,PROD_1700590
PLANT18,PROD_1700591
PLANT16,PROD_1700591
PLANT08,PROD_1700592
PLANT10,PROD_1700592
PLANT15,PROD_1700593
PLANT02,PROD_1700593
PLANT14,PROD_1700594
PLANT18,PROD_1700594
PLANT17,PROD_1700594
PLANT05,PROD_1700594
PLANT08,PROD_1700595
PLANT09,PROD_1700595
PLANT07,PROD_1700595
PLANT11,PROD_1700595
PLANT15,PROD_1700596
PLANT03,PROD_1700597
PLANT18,PROD_1700597
PLANT07,PROD_1700597
PLANT09,PROD_1700598
PLANT20,PROD_1700599
PLANT02,PROD_1700599
PLANT03,PROD_1700599
PLANT07,PROD_1700599
PLANT16,PROD_1700600
PLANT07,PROD_1700600
PLANT10,PROD_1700601
PLANT01,PROD_1700601
PLANT07,PROD_1700601
PLANT04,PROD_1700602
PLANT16,PROD_1700602
PLANT20,PROD_1700603
PLANT07,PROD_1700603
PLANT08,PROD_1700604
PLANT18,PROD_1700604
PLANT11,PROD_1700604
PLANT10,PROD_1700604
PLANT15,PROD_1700605
PLANT18,PROD_1700605
PLANT12,PROD_1700605
PLANT10,PROD_1700605
PLANT12,PROD_1700606
PLANT17,PROD_1700606
PLANT16,PROD_1700606
PLANT04,PROD_1700607
PLANT16,PROD_1700607
PLANT11,PROD_1700607
PLANT07,PROD_1700607
PLANT11,PROD_1700608
PLANT14,PROD_1700608
PLANT02,PROD_1700608
PLANT05,PROD_1700609
PLANT01,PROD_1700609
PLANT18,PROD_1700610
PLANT19,PROD_1700610
PLANT14,PROD_1700610
PLANT05,PROD_1700611
PLANT07,PROD_1700611
PLANT11,PROD_1700611
PLANT13,PROD_1700612
PLANT19,PROD_1700612
PLANT16,PROD_1700613
PLANT18,PROD_1700613
PLANT09,PROD_1700614
PLANT16,PROD_1700614
PLANT19,PROD_1700614
PLANT06,PROD_1700615
PLANT12,PROD_1700615
PLANT20,PROD_1700615
PLANT05,PROD_1700615
PLANT06,PROD_1700616
PLANT18,PROD_1700616
PLANT02,PROD_1700616
PLANT17,PROD_1700616
PLANT03,PROD_1700617
PLANT01,PROD_1700618
PLANT05,PROD_1700619
PLANT08,PROD_1700619
PLANT03,PROD_1700619
PLANT20,PROD_1700619
PLANT07,PROD_1700620
PLANT12,PROD_1700621
PLANT02,PROD_1700621
PLANT16,PROD_1700621
PLANT18,PROD_1700621
PLANT01,PROD_1700622
PLANT01,PROD_1700623
PLANT20,PROD_1700623
PLANT17,PROD_1700623
PLANT09,PROD_1700623
PLANT01,PROD_1700624
PLANT17,PROD_1700624
PLANT14,PROD_1700624
PLANT04,PROD_1700625
PLANT20,PROD_1700625
PLANT08,PROD_1700626
PLANT07,PROD_1700626
PLANT12,PROD_1700627
PLANT09,PROD_1700627
PLANT13,PROD_1700627
PLANT12,PROD_1700628
PLANT15,PROD_1700629
PLANT19,PROD_1700629
PLANT08,PROD_1700629
PLANT18,PROD_1700629
PLANT03,PROD_1700630
PLANT02,PROD_1700630
PLANT20,PROD_1700630
PLANT13,PROD_1700631
PLANT20,PROD_1700631
PLANT18,PROD_1700631
PLANT16,PROD_1700631
PLANT01,PROD_1700632
PLANT03,PROD_1700633
PLANT16,PROD_1700633
PLANT11,PROD_1700634
PLANT19,PROD_1700634
PLANT04,PROD_1700634
PLANT17,PROD_1700634
PLANT08,PROD_1700635
PLANT19,PROD_1700636
PLANT16,PROD_1700636
PLANT02,PROD_1700637
PLANT03,PROD_1700637
PLANT09,PROD_1700637
PLANT06,PROD_1700638
PLANT01,PROD_1700639
PLANT07,PROD_1700639
PLANT05,PROD_1700639
PLANT03,PROD_1700640
PLANT10,PROD_1700640
PLANT06,PROD_1700640
PLANT08,PROD_1700640
PLANT18,PROD_1700641
PLANT11,PROD_1700641
PLANT13,PROD_1700641
PLANT05,PROD_1700641
PLANT17,PROD_1700642
PLANT02,PROD_1700643
PLANT04,PROD_1700643
PLANT14,PROD_1700643
PLANT03,PROD_1700644
PLANT11,PROD_1700644
PLANT11,PROD_1700645
PLANT01,PROD_1700645
PLANT09,PROD_1700645
PLANT15,PROD_1700645
PLANT08,PROD_1700646
PLANT12,PROD_1700646
PLANT18,PROD_1700646
PLANT13,PROD_1700646
PLANT06,PROD_1700647
PLANT19,PROD_1700647
PLANT13,PROD_1700647
PLANT03,PROD_1700647
PLANT08,PROD_1700648
PLANT03,PROD_1700648
PLANT19,PROD_1700648
PLANT05,PROD_1700649
PLANT13,PROD_1700649
PLANT20,PROD_1700649
PLANT11,PROD_1700650
PLANT12,PROD_1700650
PLANT04,PROD_1700650
PLANT03,PROD_1700650
PLANT10,PROD_1700651
PLANT12,PROD_1700652
PLANT09,PROD_1700652
PLANT04,PROD_1700652
PLANT05,PROD_1700652
PLANT06,PROD_1700653
PLANT15,PROD_1700654
PLANT18,PROD_1700654
PLANT19,PROD_1700654
PLANT17,PROD_1700654
PLANT04,PROD_1700655
PLANT01,PROD_1700655
PLANT03,PROD_1700655
PLANT12,PROD_1700655
PLANT20,PROD_1700656
PLANT13,PROD_1700657
PLANT01,PROD_1700657
PLANT10,PROD_1700657
PLANT13,PROD_1700658
PLANT03,PROD_1700658
PLANT18,PROD_1700658
PLANT08,PROD_1700658
PLANT13,PROD_1700659
PLANT06,PROD_1700659
PLANT09,PROD_1700660
PLANT10,PROD_1700660
PLANT16,PROD_1700661
PLANT05,PROD_1700661
PLANT03,PROD_1700661
PLANT14,PROD_1700662
PLANT09,PROD_1700662
PLANT10,PROD_1700663
PLANT16,PROD_1700663
PLANT03,PROD_1700663
PLANT12,PROD_1700663
PLANT08,PROD_1700664
PLANT16,PROD_1700664
PLANT07,PROD_1700664
PLANT04,PROD_1700665
PLANT05,PROD_1700665
PLANT10,PROD_1700665
PLANT01,PROD_1700665
PLANT11,PROD_1700666
PLANT13,PROD_1700666
PLANT20,PROD_1700666
PLANT15,PROD_1700666
PLANT14,PROD_1700667
PLANT05,PROD_1700667
PLANT10,PROD_1700667
PLANT20,PROD_1700668
PLANT07,PROD_1700668
PLANT16,PROD_1700668
PLANT06,PROD_1700669
PLANT13,PROD_1700669
PLANT11,PROD_1700669
PLANT16,PROD_1700670
PLANT19,PROD_1700670
PLANT08,PROD_1700670
PLANT13,PROD_1700671
PLANT09,PROD_1700671
PLANT20,PROD_1700671
PLANT04,PROD_1700672
PLANT19,PROD_1700672
PLANT07,PROD_1700672
PLANT18,PROD_1700673
PLANT01,PROD_1700673
PLANT07,PROD_1700674
PLANT15,PROD_1700674
PLANT10,PROD_1700674
PLANT03,PROD_1700674
PLANT16,PROD_1700675
PLANT05,PROD_1700675
PLANT10,PROD_1700675
PLANT08,PROD_1700675
PLANT05,PROD_1700676
PLANT14,PROD_1700676
PLANT13,PROD_1700676
PLANT15,PROD_1700677
PLANT19,PROD_1700678
PLANT13,PROD_1700678
PLANT18,PROD_1700678
PLANT17,PROD_1700678
PLANT18,PROD_1700679
PLANT02,PROD_1700679
PLANT12,PROD_1700679
PLANT03,PROD_1700679
PLANT08,PROD_1700680
PLANT06,PROD_1700681
PLANT02,PROD_1700681
PLANT13,PROD_1700681
PLANT14,PROD_1700682
PLANT04,PROD_1700682
PLANT01,PROD_1700682
PLANT09,PROD_1700683
PLANT17,PROD_1700684
PLANT20,PROD_1700684
PLANT15,PROD_1700685
PLANT12,PROD_1700685
PLANT15,PROD_1700686
PLANT19,PROD_1700686
PLANT17,PROD_1700686
PLANT05,PROD_1700686
PLANT01,PROD_1700687
PLANT16,PROD_1700687
PLANT04,PROD_1700687
PLANT14,PROD_1700688
PLANT03,PROD_1700688
PLANT04,PROD_1700688
PLANT12,PROD_1700689
PLANT10,PROD_1700689
PLANT15,PROD_1700690
PLANT07,PROD_1700690
PLANT17,PROD_1700690
PLANT12,PROD_1700691
PLANT16,PROD_1700691
PLANT04,PROD_1700691
PLANT15,PROD_1700691
PLANT11,PROD_1700692
PLANT03,PROD_1700692
PLANT10,PROD_1700692
PLANT02,PROD_1700692
PLANT01,PROD_1700693
PLANT04,PROD_1700694
PLANT06,PROD_1700694
PLANT08,PROD_1700694
PLANT18,PROD_1700695
PLANT06,PROD_1700695
PLANT18,PROD_1700696
PLANT14,PROD_1700696
PLANT15,PROD_1700696
PLANT13,PROD_1700697
PLANT06,PROD_1700697
PLANT14,PROD_1700698
PLANT13,PROD_1700698
PLANT20,PROD_1700699
PLANT15,PROD_1700700
PLANT19,PROD_1700700
PLANT13,PROD_1700701
PLANT01,PROD_1700701
PLANT07,PROD_1700701
PLANT18,PROD_1700701
PLANT03,PROD_1700702
PLANT19,PROD_1700702
PLANT04,PROD_1700702
PLANT12,PROD_1700703
PLANT11,PROD_1700703
PLANT15,PROD_1700704
PLANT04,PROD_1700704
PLANT16,PROD_1700705
PLANT17,PROD_1700705
PLANT11,PROD_1700705
PLANT20,PROD_1700706
PLANT13,PROD_1700706
PLANT04,PROD_1700706
PLANT12,PROD_1700706
PLANT15,PROD_1700707
PLANT06,PROD_1700707
PLANT10,PROD_1700707
PLANT05,PROD_1700708
PLANT04,PROD_1700709
PLANT08,PROD_1700709
PLANT10,PROD_1700709
PLANT06,PROD_1700710
PLANT05,PROD_1700711
PLANT17,PROD_1700711
PLANT13,PROD_1700711
PLANT20,PROD_1700712
PLANT05,PROD_1700712
PLANT13,PROD_1700712
PLANT14,PROD_1700712
PLANT16,PROD_1700713
PLANT18,PROD_1700713
PLANT18,PROD_1700714
PLANT06,PROD_1700714
PLANT10,PROD_1700715
PLANT05,PROD_1700715
PLANT06,PROD_1700715
PLANT11,PROD_1700715
PLANT20,PROD_1700716
PLANT02,PROD_1700716
PLANT12,PROD_1700716
PLANT01,PROD_1700716
PLANT05,PROD_1700717
PLANT07,PROD_1700717
PLANT13,PROD_1700717
PLANT17,PROD_1700717
PLANT14,PROD_1700718
PLANT16,PROD_1700718
PLANT20,PROD_1700718
PLANT15,PROD_1700718
PLANT06,PROD_1700719
PLANT03,PROD_1700719
PLANT01,PROD_1700719
PLANT08,PROD_1700719
PLANT02,PROD_1700720
PLANT09,PROD_1700720
PLANT08,PROD_1700720
PLANT06,PROD_1700721
PLANT15,PROD_1700721
PLANT16,PROD_1700721
PLANT19,PROD_1700722
PLANT09,PROD_1700723
PLANT18,PROD_1700724
PLANT02,PROD_1700724
PLANT15,PROD_1700724
PLANT14,PROD_1700725
PLANT04,PROD_1700725
PLANT10,PROD_1700726
PLANT02,PROD_1700726
PLANT09,PROD_1700727
PLANT12,PROD_1700727
PLANT03,PROD_1700727
PLANT15,PROD_1700727
PLANT08,PROD_1700728
PLANT19,PROD_1700729
PLANT12,PROD_1700729
PLANT06,PROD_1700730
PLANT05,PROD_1700730
PLANT07,PROD_1700730
PLANT18,PROD_1700730
PLANT19,PROD_1700731
PLANT18,PROD_1700732
PLANT09,PROD_1700732
PLANT20,PROD_1700732
PLANT11,PROD_1700733
PLANT10,PROD_1700733
PLANT19,PROD_1700734
PLANT09,PROD_1700734
PLANT17,PROD_1700734
PLANT05,PROD_1700735
PLANT02,PROD_1700736
PLANT09,PROD_1700736
PLANT05,PROD_1700736
PLANT18,PROD_1700736
PLANT05,PROD_1700737
PLANT11,PROD_1700737
PLANT13,PROD_1700738
PLANT16,PROD_1700738
PLANT19,PROD_1700739
PLANT09,PROD_1700739
PLANT13,PROD_1700740
PLANT15,PROD_1700740
PLANT03,PROD_1700740
PLANT18,PROD_1700740
PLANT17,PROD_1700741
PLANT09,PROD_1700741
PLANT12,PROD_1700741
PLANT15,PROD_1700741
PLANT11,PROD_1700742
PLANT19,PROD_1700742
PLANT01,PROD_1700742
PLANT03,PROD_1700742
PLANT12,PROD_1700743
PLANT03,PROD_1700743
PLANT18,PROD_1700743
PLANT13,PROD_1700743
PLANT14,PROD_1700744
PLANT07,PROD_1700744
PLANT09,PROD_1700745
PLANT11,PROD_1700745
PLANT10,PROD_1700745
PLANT19,PROD_1700745
PLANT19,PROD_1700746
PLANT16,PROD_1700746
PLANT02,PROD_1700747
PLANT20,PROD_1700747
PLANT04,PROD_1700747
PLANT01,PROD_1700748
PLANT04,PROD_1700748
PLANT06,PROD_1700748
PLANT15,PROD_1700748
PLANT01,PROD_1700749
PLANT14,PROD_1700749
PLANT07,PROD_1700749
PLANT05,PROD_1700749
PLANT06,PROD_1700750
PLANT09,PROD_1700750
PLANT03,PROD_1700750
PLANT09,PROD_1700751
PLANT03,PROD_1700751
PLANT12,PROD_1700751
PLANT02,PROD_1700752
PLANT13,PROD_1700752
PLANT08,PROD_1700753
PLANT14,PROD_1700753
PLANT03,PROD_1700753
PLANT01,PROD_1700754
PLANT16,PROD_1700755
PLANT03,PROD_1700755
PLANT19,PROD_1700756
PLANT08,PROD_1700756
PLANT01,PROD_1700757
PLANT20,PROD_1700757
PLANT11,PROD_1700757
PLANT04,PROD_1700757
PLANT05,PROD_1700758
PLANT16,PROD_1700758
PLANT03,PROD_1700758
PLANT08,PROD_1700758
PLANT03,PROD_1700759
PLANT04,PROD_1700759
PLANT19,PROD_1700759
PLANT11,PROD_1700759
PLANT10,PROD_1700760
PLANT05,PROD_1700760
PLANT13,PROD_1700760
PLANT05,PROD_1700761
PLANT03,PROD_1700761
PLANT20,PROD_1700762
PLANT15,PROD_1700763
PLANT12,PROD_1700763
PLANT05,PROD_1700764
PLANT14,PROD_1700764
PLANT07,PROD_1700765
PLANT03,PROD_1700765
PLANT04,PROD_1700765
PLANT05,PROD_1700765
PLANT19,PROD_1700766
PLANT12,PROD_1700767
PLANT14,PROD_1700767
PLANT11,PROD_1700767
PLANT05,PROD_1700767
PLANT09,PROD_1700768
PLANT03,PROD_1700768
PLANT18,PROD_1700769
PLANT10,PROD_1700769
PLANT10,PROD_1700770
PLANT17,PROD_1700771
PLANT20,PROD_1700771
PLANT13,PROD_1700772
PLANT10,PROD_1700772
PLANT08,PROD_1700773
PLANT13,PROD_1700774
PLANT04,PROD_1700774
PLANT08,PROD_1700774
PLANT16,PROD_1700774
PLANT17,PROD_1700775
PLANT12,PROD_1700776
PLANT05,PROD_1700777
PLANT13,PROD_1700777
PLANT14,PROD_1700777
PLANT18,PROD_1700778
PLANT06,PROD_1700778
PLANT16,PROD_1700778
PLANT01,PROD_1700779
PLANT01,PROD_1700780
PLANT07,PROD_1700781
PLANT02,PROD_1700781
PLANT19,PROD_1700781
PLANT17,PROD_1700782
PLANT10,PROD_1700782
PLANT20,PROD_1700782
PLANT14,PROD_1700782
PLANT13,PROD_1700783
PLANT03,PROD_1700783
PLANT18,PROD_1700783
PLANT05,PROD_1700783
PLANT03,PROD_1700784
PLANT10,PROD_1700784
PLANT20,PROD_1700784
PLANT05,PROD_1700785
PLANT18,PROD_1700785
PLANT13,PROD_1700786
PLANT19,PROD_1700786
PLANT03,PROD_1700786
PLANT14,PROD_1700787
PLANT08,PROD_1700787
PLANT02,PROD_1700787
PLANT03,PROD_1700788
PLANT14,PROD_1700788
PLANT15,PROD_1700789
PLANT10,PROD_1700790
PLANT04,PROD_1700791
PLANT01,PROD_1700791
PLANT01,PROD_1700792
PLANT06,PROD_1700792
PLANT12,PROD_1700793
PLANT17,PROD_1700793
PLANT19,PROD_1700793
PLANT09,PROD_1700793
PLANT12,PROD_1700794
PLANT05,PROD_1700794
PLANT04,PROD_1700795
PLANT01,PROD_1700795
PLANT11,PROD_1700795
PLANT09,PROD_1700796
PLANT17,PROD_1700796
PLANT03,PROD_1700796
PLANT20,PROD_1700796
PLANT16,PROD_1700797
PLANT17,PROD_1700798
PLANT12,PROD_1700798
PLANT02,PROD_1700798
PLANT16,PROD_1700798
PLANT12,PROD_1700799
PLANT06,PROD_1700799
PLANT04,PROD_1700800
PLANT19,PROD_1700800
PLANT20,PROD_1700800
PLANT17,PROD_1700801
PLANT01,PROD_1700801
PLANT01,PROD_1700802
PLANT02,PROD_1700803
PLANT16,PROD_1700803
PLANT13,PROD_1700804
PLANT05,PROD_1700804
PLANT06,PROD_1700804
PLANT18,PROD_1700805
PLANT08,PROD_1700806
PLANT11,PROD_1700806
PLANT20,PROD_1700806
PLANT14,PROD_1700806
PLANT09,PROD_1700807
PLANT03,PROD_1700807
PLANT12,PROD_1700807
PLANT17,PROD_1700808
PLANT06,PROD_1700809
PLANT17,PROD_1700810
PLANT02,PROD_1700810
PLANT03,PROD_1700811
PLANT15,PROD_1700811
PLANT10,PROD_1700811
PLANT18,PROD_1700811
PLANT03,PROD_1700812
PLANT18,PROD_1700812
PLANT15,PROD_1700812
PLANT12,PROD_1700813
PLANT10,PROD_1700814
PLANT19,PROD_1700814
PLANT20,PROD_1700815
PLANT08,PROD_1700815
PLANT15,PROD_1700815
PLANT19,PROD_1700816
PLANT16,PROD_1700816
PLANT07,PROD_1700816
PLANT05,PROD_1700817
PLANT01,PROD_1700817
PLANT01,PROD_1700818
PLANT08,PROD_1700818
PLANT18,PROD_1700818
PLANT12,PROD_1700818
PLANT11,PROD_1700819
PLANT13,PROD_1700820
PLANT04,PROD_1700821
PLANT07,PROD_1700821
PLANT17,PROD_1700821
PLANT14,PROD_1700822
PLANT16,PROD_1700822
PLANT05,PROD_1700823
PLANT03,PROD_1700824
PLANT02,PROD_1700824
PLANT08,PROD_1700824
PLANT12,PROD_1700825
PLANT15,PROD_1700825
PLANT03,PROD_1700825
PLANT04,PROD_1700825
PLANT13,PROD_1700826
PLANT03,PROD_1700826
PLANT14,PROD_1700827
PLANT08,PROD_1700828
PLANT10,PROD_1700828
PLANT11,PROD_1700829
PLANT13,PROD_1700829
PLANT20,PROD_1700829
PLANT15,PROD_1700830
PLANT09,PROD_1700830
PLANT08,PROD_1700830
PLANT07,PROD_1700831
PLANT19,PROD_1700832
PLANT04,PROD_1700832
PLANT04,PROD_1700833
PLANT06,PROD_1700833
PLANT15,PROD_1700834
PLANT11,PROD_1700834
PLANT14,PROD_1700834
PLANT04,PROD_1700834
PLANT07,PROD_1700835
PLANT15,PROD_1700835
PLANT10,PROD_1700835
PLANT09,PROD_1700836
PLANT04,PROD_1700836
PLANT03,PROD_1700836
PLANT06,PROD_1700836
PLANT20,PROD_1700837
PLANT02,PROD_1700837
PLANT07,PROD_1700837
PLANT05,PROD_1700838
PLANT03,PROD_1700838
PLANT08,PROD_1700838
PLANT13,PROD_1700839
PLANT17,PROD_1700839
PLANT02,PROD_1700839
PLANT09,PROD_1700840
PLANT06,PROD_1700840
PLANT01,PROD_1700840
PLANT15,PROD_1700841
PLANT18,PROD_1700841
PLANT19,PROD_1700841
PLANT08,PROD_1700841
PLANT15,PROD_1700842
PLANT05,PROD_1700843
PLANT01,PROD_1700844
PLANT08,PROD_1700845
PLANT07,PROD_1700846
PLANT13,PROD_1700846
PLANT03,PROD_1700847
PLANT19,PROD_1700847
PLANT09,PROD_1700847
PLANT01,PROD_1700848
PLANT07,PROD_1700849
PLANT05,PROD_1700850
PLANT03,PROD_1700850
PLANT11,PROD_1700850
PLANT04,PROD_1700850
PLANT15,PROD_1700851
PLANT06,PROD_1700852
PLANT13,PROD_1700853
PLANT16,PROD_1700853
PLANT01,PROD_1700853
PLANT20,PROD_1700853
PLANT06,PROD_1700854
PLANT12,PROD_1700854
PLANT07,PROD_1700854
PLANT20,PROD_1700854
PLANT09,PROD_1700855
PLANT15,PROD_1700855
PLANT05,PROD_1700855
PLANT20,PROD_1700856
PLANT10,PROD_1700857
PLANT16,PROD_1700857
PLANT18,PROD_1700858
PLANT16,PROD_1700858
PLANT02,PROD_1700858
PLANT03,PROD_1700858
PLANT13,PROD_1700859
PLANT05,PROD_1700859
PLANT14,PROD_1700859
PLANT17,PROD_1700860
PLANT08,PROD_1700860
PLANT13,PROD_1700861
PLANT16,PROD_1700862
PLANT18,PROD_1700862
PLANT20,PROD_1700862
PLANT19,PROD_1700863
PLANT17,PROD_1700863
PLANT11,PROD_1700863
PLANT09,PROD_1700864
PLANT06,PROD_1700864
PLANT01,PROD_1700864
PLANT11,PROD_1700864
PLANT01,PROD_1700865
PLANT09,PROD_1700865
PLANT16,PROD_1700866
PLANT19,PROD_1700867
PLANT08,PROD_1700867
PLANT06,PROD_1700867
PLANT08,PROD_1700868
PLANT09,PROD_1700869
PLANT18,PROD_1700869
PLANT08,PROD_1700870
PLANT12,PROD_1700871
PLANT06,PROD_1700871
PLANT19,PROD_1700871
PLANT08,PROD_1700871
PLANT12,PROD_1700872
PLANT19,PROD_1700872
PLANT01,PROD_1700872
PLANT19,PROD_1700873
PLANT20,PROD_1700873
PLANT05,PROD_1700873
PLANT16,PROD_1700874
PLANT18,PROD_1700874
PLANT06,PROD_1700875
PLANT16,PROD_1700875
PLANT02,PROD_1700875
PLANT02,PROD_1700876
PLANT20,PROD_1700877
PLANT08,PROD_1700877
PLANT17,PROD_1700878
PLANT01,PROD_1700879
PLANT11,PROD_1700879
PLANT07,PROD_1700879
PLANT05,PROD_1700879
PLANT06,PROD_1700880
PLANT11,PROD_1700880
PLANT02,PROD_1700880
PLANT05,PROD_1700881
PLANT04,PROD_1700882
PLANT17,PROD_1700882
PLANT03,PROD_1700883
PLANT12,PROD_1700883
PLANT13,PROD_1700883
PLANT11,PROD_1700884
PLANT11,PROD_1700885
PLANT05,PROD_1700885
PLANT06,PROD_1700885
PLANT16,PROD_1700886
PLANT11,PROD_1700886
PLANT06,PROD_1700886
PLANT12,PROD_1700886
PLANT19,PROD_1700887
PLANT06,PROD_1700887
PLANT10,PROD_1700888
PLANT20,PROD_1700888
PLANT05,PROD_1700888
PLANT06,PROD_1700888
PLANT19,PROD_1700889
PLANT19,PROD_1700890
PLANT02,PROD_1700890
PLANT06,PROD_1700890
PLANT11,PROD_1700890
PLANT19,PROD_1700891
PLANT04,PROD_1700891
PLANT05,PROD_1700892
PLANT11,PROD_1700892
PLANT03,PROD_1700892
PLANT08,PROD_1700892
PLANT11,PROD_1700893
PLANT06,PROD_1700893
PLANT03,PROD_1700893
PLANT15,PROD_1700894
PLANT01,PROD_1700894
PLANT09,PROD_1700894
PLANT08,PROD_1700895
PLANT03,PROD_1700895
PLANT09,PROD_1700896
PLANT04,PROD_1700896
PLANT01,PROD_1700896
PLANT13,PROD_1700897
PLANT14,PROD_1700898
PLANT06,PROD_1700898
PLANT20,PROD_1700898
PLANT16,PROD_1700898
PLANT12,PROD_1700899
PLANT18,PROD_1700899
PLANT13,PROD_1700899
PLANT04,PROD_1700899
PLANT19,PROD_1700900
PLANT08,PROD_1700900
PLANT06,PROD_1700900
PLANT15,PROD_1700900
PLANT02,PROD_1700901
PLANT01,PROD_1700902
PLANT11,PROD_1700902
PLANT09,PROD_1700902
PLANT03,PROD_1700903
PLANT06,PROD_1700904
PLANT13,PROD_1700904
PLANT20,PROD_1700904
PLANT18,PROD_1700905
PLANT11,PROD_1700906
PLANT01,PROD_1700907
PLANT14,PROD_1700907
PLANT06,PROD_1700907
PLANT19,PROD_1700907
PLANT02,PROD_1700908
PLANT04,PROD_1700908
PLANT07,PROD_1700909
PLANT20,PROD_1700909
PLANT14,PROD_1700909
PLANT10,PROD_1700910
PLANT20,PROD_1700910
PLANT08,PROD_1700910
PLANT02,PROD_1700911
PLANT19,PROD_1700912
PLANT18,PROD_1700912
PLANT16,PROD_1700912
PLANT05,PROD_1700912
PLANT12,PROD_1700913
PLANT14,PROD_1700914
PLANT10,PROD_1700915
PLANT07,PROD_1700916
PLANT04,PROD_1700916
PLANT01,PROD_1700916
PLANT20,PROD_1700916
PLANT10,PROD_1700917
PLANT03,PROD_1700917
PLANT04,PROD_1700918
PLANT10,PROD_1700918
PLANT13,PROD_1700918
PLANT16,PROD_1700918
PLANT09,PROD_1700919
PLANT03,PROD_1700919
PLANT18,PROD_1700919
PLANT13,PROD_1700919
PLANT12,PROD_1700920
PLANT13,PROD_1700920
PLANT06,PROD_1700921
PLANT15,PROD_1700921
PLANT02,PROD_1700921
PLANT15,PROD_1700922
PLANT20,PROD_1700922
PLANT09,PROD_1700922
PLANT09,PROD_1700923
PLANT19,PROD_1700923
PLANT05,PROD_1700924
PLANT03,PROD_1700925
PLANT18,PROD_1700926
PLANT14,PROD_1700926
PLANT08,PROD_1700926
PLANT13,PROD_1700927
PLANT18,PROD_1700928
PLANT16,PROD_1700928
PLANT08,PROD_1700928
PLANT19,PROD_1700928
PLANT03,PROD_1700929
PLANT13,PROD_1700929
PLANT02,PROD_1700929
PLANT04,PROD_1700930
PLANT15,PROD_1700930
PLANT06,PROD_1700931
PLANT07,PROD_1700931
PLANT05,PROD_1700932
PLANT02,PROD_1700932
PLANT03,PROD_1700933
PLANT14,PROD_1700933
PLANT07,PROD_1700933
PLANT05,PROD_1700933
PLANT11,PROD_1700934
PLANT03,PROD_1700934
PLANT19,PROD_1700934
PLANT18,PROD_1700935
PLANT13,PROD_1700935
PLANT20,PROD_1700935
PLANT11,PROD_1700935
PLANT17,PROD_1700936
PLANT15,PROD_1700936
PLANT01,PROD_1700936
PLANT04,PROD_1700937
PLANT14,PROD_1700937
PLANT05,PROD_1700937
PLANT18,PROD_1700937
PLANT04,PROD_1700938
PLANT10,PROD_1700939
PLANT14,PROD_1700940
PLANT09,PROD_1700940
PLANT13,PROD_1700940
PLANT19,PROD_1700941
PLANT16,PROD_1700941
PLANT02,PROD_1700941
PLANT06,PROD_1700941
PLANT13,PROD_1700942
PLANT05,PROD_1700942
PLANT20,PROD_1700942
PLANT13,PROD_1700943
PLANT08,PROD_1700944
PLANT02,PROD_1700944
PLANT16,PROD_1700944
PLANT12,PROD_1700945
PLANT01,PROD_1700945
PLANT11,PROD_1700945
PLANT10,PROD_1700946
PLANT09,PROD_1700946
PLANT16,PROD_1700946
PLANT08,PROD_1700947
PLANT10,PROD_1700948
PLANT15,PROD_1700948
PLANT09,PROD_1700949
PLANT14,PROD_1700949
PLANT03,PROD_1700949
PLANT15,PROD_1700950
PLANT07,PROD_1700950
PLANT16,PROD_1700951
PLANT17,PROD_1700951
PLANT12,PROD_1700951
PLANT02,PROD_1700951
PLANT03,PROD_1700952
PLANT10,PROD_1700952
PLANT05,PROD_1700953
PLANT17,PROD_1700953
PLANT01,PROD_1700953
PLANT06,PROD_1700953
PLANT07,PROD_1700954
PLANT02,PROD_1700954
PLANT02,PROD_1700955
PLANT15,PROD_1700955
PLANT12,PROD_1700956
PLANT09,PROD_1700957
PLANT12,PROD_1700957
PLANT17,PROD_1700958
PLANT13,PROD_1700958
PLANT04,PROD_1700958
PLANT01,PROD_1700958
PLANT12,PROD_1700959
PLANT16,PROD_1700959
PLANT06,PROD_1700960
PLANT16,PROD_1700960
PLANT18,PROD_1700960
PLANT12,PROD_1700960
PLANT06,PROD_1700961
PLANT09,PROD_1700961
PLANT03,PROD_1700961
PLANT01,PROD_1700962
PLANT13,PROD_1700962
PLANT02,PROD_1700962
PLANT19,PROD_1700963
PLANT07,PROD_1700963
PLANT08,PROD_1700964
PLANT07,PROD_1700964
PLANT14,PROD_1700965
PLANT17,PROD_1700965
PLANT01,PROD_1700965
PLANT16,PROD_1700966
PLANT06,PROD_1700967
PLANT01,PROD_1700967
PLANT09,PROD_1700968
PLANT10,PROD_1700968
PLANT14,PROD_1700969
PLANT13,PROD_1700969
PLANT12,PROD_1700969
PLANT09,PROD_1700970
PLANT07,PROD_1700970
PLANT15,PROD_1700970
PLANT10,PROD_1700970
PLANT19,PROD_1700971
PLANT04,PROD_1700971
PLANT01,PROD_1700971
PLANT17,PROD_1700971
PLANT18,PROD_1700972
PLANT10,PROD_1700972
PLANT19,PROD_1700972
PLANT16,PROD_1700973
PLANT11,PROD_1700974
PLANT11,PROD_1700975
PLANT09,PROD_1700975
PLANT19,PROD_1700975
PLANT07,PROD_1700976
PLANT05,PROD_1700976
PLANT17,PROD_1700976
PLANT02,PROD_1700977
PLANT13,PROD_1700977
PLANT05,PROD_1700978
PLANT01,PROD_1700978
PLANT16,PROD_1700978
PLANT09,PROD_1700979
PLANT14,PROD_1700979
PLANT13,PROD_1700979
PLANT02,PROD_1700980
PLANT19,PROD_1700980
PLANT07,PROD_1700980
PLANT11,PROD_1700980
PLANT18,PROD_1700981
PLANT16,PROD_1700981
PLANT17,PROD_1700982
PLANT10,PROD_1700982
PLANT06,PROD_1700982
PLANT10,PROD_1700983
PLANT04,PROD_1700983
PLANT05,PROD_1700984
PLANT09,PROD_1700984
PLANT18,PROD_1700984
PLANT06,PROD_1700984
PLANT03,PROD_1700985
PLANT08,PROD_1700985
PLANT12,PROD_1700985
PLANT10,PROD_1700986
PLANT14,PROD_1700986
PLANT12,PROD_1700987
PLANT09,PROD_1700987
PLANT10,PROD_1700987
PLANT04,PROD_1700988
PLANT16,PROD_1700988
PLANT02,PROD_1700988
PLANT03,PROD_1700988
PLANT07,PROD_1700989
PLANT17,PROD_1700989
PLANT04,PROD_1700989
PLANT13,PROD_1700989
PLANT14,PROD_1700990
PLANT02,PROD_1700990
PLANT05,PROD_1700990
PLANT07,PROD_1700991
PLANT11,PROD_1700991
PLANT19,PROD_1700992
PLANT15,PROD_1700992
PLANT05,PROD_1700992
PLANT11,PROD_1700992
PLANT03,PROD_1700993
PLANT16,PROD_1700993
PLANT06,PROD_1700994
PLANT11,PROD_1700994
PLANT02,PROD_1700994
PLANT15,PROD_1700995
PLANT07,PROD_1700996
PLANT06,PROD_1700996
PLANT19,PROD_1700996
PLANT03,PROD_1700997
PLANT05,PROD_1700997
PLANT14,PROD_1700997
PLANT18,PROD_1700997
PLANT14,PROD_1700998
PLANT16,PROD_1700998
PLANT13,PROD_1700998
PLANT01,PROD_1700998
PLANT18,PROD_1700999
PLANT12,PROD_1701000
PLANT01,PROD_1701000
PLANT17,PROD_1701001
PLANT07,PROD_1701001
PLANT01,PROD_1701001
PLANT08,PROD_1701002
PLANT12,PROD_1701003
PLANT10,PROD_1701003
PLANT04,PROD_1701004
PLANT13,PROD_1701004
PLANT06,PROD_1701005
PLANT03,PROD_1701005
PLANT02,PROD_1701005
PLANT10,PROD_1701006
PLANT15,PROD_1701006
PLANT17,PROD_1701006
PLANT14,PROD_1701007
PLANT05,PROD_1701007
PLANT11,PROD_1701007
PLANT12,PROD_1701008
PLANT07,PROD_1701008
PLANT06,PROD_1701008
PLANT13,PROD_1701008
PLANT08,PROD_1701009
PLANT05,PROD_1701010
PLANT07,PROD_1701010
PLANT19,PROD_1701011
PLANT04,PROD_1701012
PLANT12,PROD_1701012
PLANT13,PROD_1701013
PLANT18,PROD_1701014
PLANT02,PROD_1701014
PLANT19,PROD_1701014
PLANT01,PROD_1701015
PLANT04,PROD_1701016
PLANT15,PROD_1701017
PLANT13,PROD_1701017
PLANT04,PROD_1701017
PLANT09,PROD_1701017
PLANT05,PROD_1701018
PLANT07,PROD_1701018
PLANT01,PROD_1701018
PLANT10,PROD_1701018
PLANT04,PROD_1701019
PLANT17,PROD_1701019
PLANT09,PROD_1701019
PLANT05,PROD_1701019
PLANT04,PROD_1701020
PLANT17,PROD_1701020
PLANT20,PROD_1701020
PLANT10,PROD_1701020
PLANT04,PROD_1701021
PLANT07,PROD_1701022
PLANT20,PROD_1701022
PLANT09,PROD_1701022
PLANT17,PROD_1701022
PLANT12,PROD_1701023
PLANT14,PROD_1701023
PLANT06,PROD_1701024
PLANT02,PROD_1701024
PLANT18,PROD_1701024
PLANT07,PROD_1701025
PLANT16,PROD_1701025
PLANT11,PROD_1701025
PLANT08,PROD_1701025
PLANT01,PROD_1701026
PLANT04,PROD_1701027
PLANT05,PROD_1701028
PLANT03,PROD_1701028
PLANT17,PROD_1701028
PLANT19,PROD_1701028
PLANT09,PROD_1701029
PLANT15,PROD_1701030
PLANT10,PROD_1701030
PLANT15,PROD_1701031
PLANT02,PROD_1701031
PLANT04,PROD_1701031
PLANT02,PROD_1701032
PLANT10,PROD_1701032
PLANT11,PROD_1701033
PLANT14,PROD_1701033
PLANT04,PROD_1701033
PLANT02,PROD_1701034
PLANT05,PROD_1701035
PLANT11,PROD_1701036
PLANT12,PROD_1701036
PLANT20,PROD_1701037
PLANT09,PROD_1701037
PLANT03,PROD_1701037
PLANT12,PROD_1701037
PLANT06,PROD_1701038
PLANT04,PROD_1701038
PLANT13,PROD_1701038
PLANT15,PROD_1701039
PLANT09,PROD_1701039
PLANT13,PROD_1701039
PLANT16,PROD_1701039
PLANT06,PROD_1701040
PLANT04,PROD_1701040
PLANT05,PROD_1701040
PLANT02,PROD_1701040
PLANT04,PROD_1701041
PLANT14,PROD_1701041
PLANT19,PROD_1701042
PLANT15,PROD_1701042
PLANT06,PROD_1701042
PLANT13,PROD_1701042
PLANT20,PROD_1701043
PLANT01,PROD_1701043
PLANT05,PROD_1701043
PLANT16,PROD_1701044
PLANT04,PROD_1701044
PLANT14,PROD_1701044
PLANT15,PROD_1701044
PLANT03,PROD_1701045
PLANT11,PROD_1701046
PLANT01,PROD_1701046
PLANT17,PROD_1701046
PLANT11,PROD_1701047
PLANT17,PROD_1701047
PLANT14,PROD_1701048
PLANT16,PROD_1701049
PLANT12,PROD_1701049
PLANT05,PROD_1701050
PLANT18,PROD_1701050
PLANT02,PROD_1701050
PLANT01,PROD_1701050
PLANT17,PROD_1701051
PLANT16,PROD_1701051
PLANT06,PROD_1701052
PLANT03,PROD_1701052
PLANT16,PROD_1701052
PLANT11,PROD_1701052
PLANT11,PROD_1701053
PLANT09,PROD_1701053
PLANT17,PROD_1701054
PLANT18,PROD_1701055
PLANT13,PROD_1701055
PLANT08,PROD_1701056
PLANT03,PROD_1701056
PLANT15,PROD_1701056
PLANT18,PROD_1701056
PLANT03,PROD_1701057
PLANT16,PROD_1701057
PLANT15,PROD_1701057
PLANT11,PROD_1701057
PLANT16,PROD_1701058
PLANT04,PROD_1701059
PLANT14,PROD_1701060
PLANT02,PROD_1701060
PLANT18,PROD_1701060
PLANT01,PROD_1701060
PLANT20,PROD_1701061
PLANT17,PROD_1701062
PLANT18,PROD_1701062
PLANT07,PROD_1701062
PLANT11,PROD_1701063
PLANT12,PROD_1701063
PLANT02,PROD_1701063
PLANT08,PROD_1701063
PLANT11,PROD_1701064
PLANT18,PROD_1701064
PLANT16,PROD_1701064
PLANT12,PROD_1701064
PLANT04,PROD_1701065
PLANT20,PROD_1701065
PLANT08,PROD_1701065
PLANT01,PROD_1701065
PLANT12,PROD_1701066
PLANT10,PROD_1701066
PLANT18,PROD_1701066
PLANT04,PROD_1701067
PLANT02,PROD_1701067
PLANT06,PROD_1701067
PLANT05,PROD_1701068
PLANT14,PROD_1701068
PLANT04,PROD_1701068
PLANT09,PROD_1701068
PLANT07,PROD_1701069
PLANT04,PROD_1701069
PLANT07,PROD_1701070
PLANT15,PROD_1701070
PLANT20,PROD_1701070
PLANT11,PROD_1701070
PLANT14,PROD_1701071
PLANT19,PROD_1701072
PLANT15,PROD_1701073
PLANT19,PROD_1701074
PLANT17,PROD_1701074
PLANT05,PROD_1701074
PLANT16,PROD_1701074
PLANT17,PROD_1701075
PLANT18,PROD_1701076
PLANT19,PROD_1701077
PLANT16,PROD_1701077
PLANT17,PROD_1701077
PLANT06,PROD_1701077
PLANT05,PROD_1701078
PLANT04,PROD_1701078
PLANT20,PROD_1701079
PLANT11,PROD_1701079
PLANT17,PROD_1701079
PLANT13,PROD_1701079
PLANT20,PROD_1701080
PLANT08,PROD_1701080
PLANT09,PROD_1701080
PLANT13,PROD_1701080
PLANT10,PROD_1701081
PLANT15,PROD_1701081
PLANT05,PROD_1701081
PLANT14,PROD_1701082
PLANT17,PROD_1701082
PLANT18,PROD_1701083
PLANT11,PROD_1701083
PLANT20,PROD_1701083
PLANT07,PROD_1701084
PLANT20,PROD_1701084
PLANT12,PROD_1701085
PLANT05,PROD_1701085
PLANT06,PROD_1701085
PLANT04,PROD_1701086
PLANT12,PROD_1701086
PLANT18,PROD_1701086
PLANT19,PROD_1701087
PLANT20,PROD_1701087
PLANT14,PROD_1701087
PLANT10,PROD_1701087
PLANT01,PROD_1701088
PLANT17,PROD_1701088
PLANT04,PROD_1701088
PLANT20,PROD_1701088
PLANT05,PROD_1701089
PLANT02,PROD_1701089
PLANT19,PROD_1701089
PLANT07,PROD_1701089
PLANT06,PROD_1701090
PLANT10,PROD_1701090
PLANT09,PROD_1701090
PLANT02,PROD_1701091
PLANT10,PROD_1701091
PLANT18,PROD_1701092
PLANT02,PROD_1701092
PLANT15,PROD_1701093
PLANT04,PROD_1701093
PLANT18,PROD_1701093
PLANT18,PROD_1701094
PLANT13,PROD_1701094
PLANT17,PROD_1701095
PLANT10,PROD_1701095
PLANT13,PROD_1701096
PLANT14,PROD_1701097
PLANT11,PROD_1701097
PLANT18,PROD_1701097
PLANT02,PROD_1701097
PLANT09,PROD_1701098
PLANT20,PROD_1701099
PLANT15,PROD_1701099
PLANT12,PROD_1701100
PLANT19,PROD_1701100
PLANT07,PROD_1701101
PLANT10,PROD_1701101
PLANT06,PROD_1701102
PLANT03,PROD_1701102
PLANT20,PROD_1701102
PLANT18,PROD_1701102
PLANT13,PROD_1701103
PLANT14,PROD_1701104
PLANT18,PROD_1701105
PLANT09,PROD_1701105
PLANT05,PROD_1701105
PLANT19,PROD_1701106
PLANT09,PROD_1701106
PLANT11,PROD_1701107
PLANT05,PROD_1701108
PLANT02,PROD_1701108
PLANT20,PROD_1701108
PLANT11,PROD_1701108
PLANT20,PROD_1701109
PLANT16,PROD_1701110
PLANT19,PROD_1701110
PLANT18,PROD_1701110
PLANT03,PROD_1701111
PLANT11,PROD_1701111
PLANT17,PROD_1701111
PLANT06,PROD_1701112
PLANT17,PROD_1701112
PLANT17,PROD_1701113
PLANT14,PROD_1701114
PLANT18,PROD_1701114
PLANT03,PROD_1701115
PLANT12,PROD_1701115
PLANT08,PROD_1701115
PLANT07,PROD_1701115
PLANT11,PROD_1701116
PLANT12,PROD_1701116
PLANT10,PROD_1701116
PLANT20,PROD_1701117
PLANT17,PROD_1701117
PLANT18,PROD_1701118
PLANT01,PROD_1701118
PLANT04,PROD_1701118
PLANT12,PROD_1701118
PLANT08,PROD_1701119
PLANT20,PROD_1701119
PLANT02,PROD_1701119
PLANT11,PROD_1701119
PLANT04,PROD_1701120
PLANT13,PROD_1701120
PLANT09,PROD_1701120
PLANT10,PROD_1701120
PLANT17,PROD_1701121
PLANT17,PROD_1701122
PLANT20,PROD_1701122
PLANT15,PROD_1701122
PLANT02,PROD_1701123
PLANT10,PROD_1701123
PLANT07,PROD_1701123
PLANT11,PROD_1701123
PLANT04,PROD_1701124
PLANT18,PROD_1701125
PLANT20,PROD_1701125
PLANT03,PROD_1701126
PLANT07,PROD_1701127
PLANT14,PROD_1701127
PLANT07,PROD_1701128
PLANT03,PROD_1701129
PLANT05,PROD_1701129
PLANT01,PROD_1701129
PLANT15,PROD_1701129
PLANT02,PROD_1701130
PLANT03,PROD_1701130
PLANT19,PROD_1701130
PLANT06,PROD_1701131
PLANT18,PROD_1701132
PLANT03,PROD_1701132
PLANT08,PROD_1701132
PLANT14,PROD_1701133
PLANT13,PROD_1701133
PLANT15,PROD_1701133
PLANT14,PROD_1701134
PLANT11,PROD_1701134
PLANT01,PROD_1701134
PLANT13,PROD_1701134
PLANT18,PROD_1701135
PLANT20,PROD_1701136
PLANT19,PROD_1701137
PLANT03,PROD_1701138
PLANT17,PROD_1701139
PLANT04,PROD_1701139
PLANT10,PROD_1701139
PLANT20,PROD_1701140
PLANT03,PROD_1701140
PLANT10,PROD_1701140
PLANT13,PROD_1701141
PLANT20,PROD_1701141
PLANT01,PROD_1701141
PLANT16,PROD_1701141
PLANT18,PROD_1701142
PLANT08,PROD_1701142
PLANT13,PROD_1701143
PLANT18,PROD_1701143
PLANT05,PROD_1701144
PLANT10,PROD_1701144
PLANT12,PROD_1701144
PLANT18,PROD_1701145
PLANT04,PROD_1701146
PLANT02,PROD_1701146
PLANT19,PROD_1701147
PLANT18,PROD_1701148
PLANT20,PROD_1701148
PLANT03,PROD_1701148
PLANT10,PROD_1701148
PLANT12,PROD_1701149
PLANT07,PROD_1701149
PLANT17,PROD_1701150
PLANT05,PROD_1701150
PLANT06,PROD_1701150
PLANT18,PROD_1701150
PLANT20,PROD_1701151
PLANT09,PROD_1701151
PLANT04,PROD_1701152
PLANT06,PROD_1701152
PLANT18,PROD_1701153
PLANT18,PROD_1701154
PLANT03,PROD_1701154
PLANT10,PROD_1701154
PLANT19,PROD_1701154
PLANT04,PROD_1701155
PLANT07,PROD_1701155
PLANT16,PROD_1701155
PLANT12,PROD_1701156
PLANT05,PROD_1701156
PLANT08,PROD_1701156
PLANT10,PROD_1701157
PLANT07,PROD_1701158
PLANT16,PROD_1701159
PLANT15,PROD_1701159
PLANT11,PROD_1701159
PLANT19,PROD_1701160
PLANT05,PROD_1701160
PLANT12,PROD_1701160
PLANT14,PROD_1701161
PLANT06,PROD_1701161
PLANT01,PROD_1701161
PLANT08,PROD_1701162
PLANT20,PROD_1701162
PLANT14,PROD_1701162
PLANT12,PROD_1701163
PLANT05,PROD_1701163
PLANT11,PROD_1701163
PLANT15,PROD_1701164
PLANT20,PROD_1701164
PLANT12,PROD_1701164
PLANT10,PROD_1701164
PLANT18,PROD_1701165
PLANT04,PROD_1701165
PLANT06,PROD_1701165
PLANT03,PROD_1701165
PLANT05,PROD_1701166
PLANT18,PROD_1701166
PLANT07,PROD_1701166
PLANT03,PROD_1701167
PLANT20,PROD_1701167
PLANT01,PROD_1701167
PLANT19,PROD_1701168
PLANT19,PROD_1701169
PLANT07,PROD_1701169
PLANT02,PROD_1701169
PLANT09,PROD_1701169
PLANT05,PROD_1701170
PLANT12,PROD_1701170
PLANT13,PROD_1701170
PLANT08,PROD_1701170
PLANT05,PROD_1701171
PLANT15,PROD_1701171
PLANT17,PROD_1701171
PLANT13,PROD_1701172
PLANT17,PROD_1701173
PLANT01,PROD_1701173
PLANT08,PROD_1701173
PLANT17,PROD_1701174
PLANT05,PROD_1701174
PLANT06,PROD_1701175
PLANT20,PROD_1701175
PLANT05,PROD_1701175
PLANT16,PROD_1701175
PLANT02,PROD_1701176
PLANT08,PROD_1701176
PLANT16,PROD_1701176
PLANT03,PROD_1701177
PLANT09,PROD_1701177
PLANT08,PROD_1701178
PLANT02,PROD_1701178
PLANT07,PROD_1701178
PLANT13,PROD_1701179
PLANT16,PROD_1701179
PLANT15,PROD_1701179
PLANT02,PROD_1701180
PLANT04,PROD_1701181
PLANT17,PROD_1701181
PLANT09,PROD_1701181
PLANT19,PROD_1701182
PLANT18,PROD_1701182
PLANT06,PROD_1701182
PLANT13,PROD_1701183
PLANT12,PROD_1701183
PLANT03,PROD_1701183
PLANT17,PROD_1701183
PLANT13,PROD_1701184
PLANT08,PROD_1701184
PLANT17,PROD_1701184
PLANT12,PROD_1701185
PLANT20,PROD_1701185
PLANT16,PROD_1701185
PLANT18,PROD_1701185
PLANT17,PROD_1701186
PLANT15,PROD_1701187
PLANT06,PROD_1701187
PLANT03,PROD_1701188
PLANT17,PROD_1701188
PLANT07,PROD_1701189
PLANT05,PROD_1701189
PLANT06,PROD_1701189
PLANT12,PROD_1701190
PLANT04,PROD_1701190
PLANT14,PROD_1701191
PLANT11,PROD_1701191
PLANT16,PROD_1701192
PLANT16,PROD_1701193
PLANT07,PROD_1701193
PLANT06,PROD_1701193
PLANT14,PROD_1701193
PLANT08,PROD_1701194
PLANT05,PROD_1701195
PLANT05,PROD_1701196
PLANT17,PROD_1701196
PLANT19,PROD_1701197
PLANT02,PROD_1701198
PLANT06,PROD_1701198
PLANT06,PROD_1701199
PLANT17,PROD_1701199
PLANT13,PROD_1701199
PLANT10,PROD_1701200
PLANT07,PROD_1701201
PLANT20,PROD_1701202
PLANT16,PROD_1701202
PLANT19,PROD_1701202
PLANT06,PROD_1701202
PLANT14,PROD_1701203
PLANT05,PROD_1701203
PLANT20,PROD_1701204
PLANT17,PROD_1701204
PLANT06,PROD_1701205
PLANT11,PROD_1701205
PLANT15,PROD_1701205
PLANT08,PROD_1701206
PLANT13,PROD_1701207
PLANT05,PROD_1701207
PLANT04,PROD_1701207
PLANT01,PROD_1701207
PLANT17,PROD_1701208
PLANT20,PROD_1701208
PLANT05,PROD_1701209
PLANT04,PROD_1701209
PLANT06,PROD_1701209
PLANT16,PROD_1701209
PLANT18,PROD_1701210
PLANT03,PROD_1701211
PLANT05,PROD_1701212
PLANT18,PROD_1701212
PLANT01,PROD_1701212
PLANT14,PROD_1701212
PLANT12,PROD_1701213
PLANT02,PROD_1701213
PLANT17,PROD_1701213
PLANT14,PROD_1701213
PLANT16,PROD_1701214
PLANT13,PROD_1701214
PLANT19,PROD_1701215
PLANT20,PROD_1701215
PLANT04,PROD_1701215
PLANT05,PROD_1701216
PLANT09,PROD_1701216
PLANT16,PROD_1701216
PLANT08,PROD_1701216
PLANT10,PROD_1701217
PLANT09,PROD_1701218
PLANT07,PROD_1701218
PLANT01,PROD_1701218
PLANT18,PROD_1701218
PLANT17,PROD_1701219
PLANT13,PROD_1701220
PLANT11,PROD_1701221
PLANT14,PROD_1701221
PLANT04,PROD_1701222
PLANT05,PROD_1701222
PLANT14,PROD_1701222
PLANT09,PROD_1701223
PLANT18,PROD_1701223
PLANT14,PROD_1701223
PLANT20,PROD_1701224
PLANT09,PROD_1701224
PLANT13,PROD_1701224
PLANT14,PROD_1701225
PLANT18,PROD_1701225
PLANT06,PROD_1701226
PLANT12,PROD_1701226
PLANT18,PROD_1701226
PLANT16,PROD_1701226
PLANT10,PROD_1701227
PLANT19,PROD_1701227
PLANT12,PROD_1701227
PLANT05,PROD_1701228
PLANT04,PROD_1701228
PLANT08,PROD_1701228
PLANT15,PROD_1701228
PLANT04,PROD_1701229
PLANT07,PROD_1701229
PLANT11,PROD_1701230
PLANT18,PROD_1701230
PLANT02,PROD_1701230
PLANT06,PROD_1701230
PLANT01,PROD_1701231
PLANT03,PROD_1701231
PLANT05,PROD_1701231
PLANT16,PROD_1701231
PLANT03,PROD_1701232
PLANT20,PROD_1701232
PLANT09,PROD_1701232
PLANT08,PROD_1701232
PLANT03,PROD_1701233
PLANT02,PROD_1701233
PLANT13,PROD_1701233
PLANT20,PROD_1701234
PLANT17,PROD_1701234
PLANT10,PROD_1701234
PLANT02,PROD_1701234
PLANT16,PROD_1701235
PLANT15,PROD_1701235
PLANT07,PROD_1701236
PLANT07,PROD_1701237
PLANT02,PROD_1701237
PLANT17,PROD_1701237
PLANT20,PROD_1701238
PLANT06,PROD_1701238
PLANT12,PROD_1701239
PLANT01,PROD_1701240
PLANT06,PROD_1701240
PLANT09,PROD_1701241
PLANT12,PROD_1701242
PLANT13,PROD_1701242
PLANT19,PROD_1701242
PLANT07,PROD_1701242
PLANT03,PROD_1701243
PLANT18,PROD_1701244
PLANT18,PROD_1701245
PLANT19,PROD_1701245
PLANT12,PROD_1701245
PLANT09,PROD_1701246
PLANT08,PROD_1701246
PLANT07,PROD_1701246
PLANT13,PROD_1701247
PLANT19,PROD_1701247
PLANT01,PROD_1701247
PLANT09,PROD_1701247
PLANT14,PROD_1701248
PLANT17,PROD_1701248
PLANT18,PROD_1701249
PLANT17,PROD_1701250
PLANT11,PROD_1701251
PLANT04,PROD_1701251
PLANT17,PROD_1701251
PLANT18,PROD_1701252
PLANT19,PROD_1701252
PLANT09,PROD_1701252
PLANT13,PROD_1701253
PLANT19,PROD_1701253
PLANT16,PROD_1701253
PLANT08,PROD_1701253
PLANT15,PROD_1701254
PLANT20,PROD_1701254
PLANT01,PROD_1701254
PLANT04,PROD_1701255
PLANT09,PROD_1701255
PLANT03,PROD_1701255
PLANT13,PROD_1701255
PLANT08,PROD_1701256
PLANT11,PROD_1701256
PLANT12,PROD_1701257
PLANT17,PROD_1701257
PLANT18,PROD_1701257
PLANT01,PROD_1701257
PLANT08,PROD_1701258
PLANT10,PROD_1701258
PLANT03,PROD_1701258
PLANT11,PROD_1701259
PLANT03,PROD_1701259
PLANT18,PROD_1701259
PLANT06,PROD_1701259
PLANT11,PROD_1701260
PLANT12,PROD_1701260
PLANT07,PROD_1701260
PLANT09,PROD_1701260
PLANT07,PROD_1701261
PLANT16,PROD_1701261
PLANT08,PROD_1701262
PLANT20,PROD_1701262
PLANT07,PROD_1701263
PLANT08,PROD_1701263
PLANT20,PROD_1701263
PLANT20,PROD_1701264
PLANT12,PROD_1701264
PLANT04,PROD_1701265
PLANT20,PROD_1701265
PLANT16,PROD_1701266
PLANT18,PROD_1701267
PLANT16,PROD_1701268
PLANT20,PROD_1701269
PLANT11,PROD_1701269
PLANT16,PROD_1701269
PLANT16,PROD_1701270
PLANT06,PROD_1701270
PLANT17,PROD_1701270
PLANT13,PROD_1701271
PLANT08,PROD_1701271
PLANT05,PROD_1701271
PLANT17,PROD_1701272
PLANT16,PROD_1701273
PLANT18,PROD_1701273
PLANT02,PROD_1701273
PLANT17,PROD_1701273
PLANT13,PROD_1701274
PLANT06,PROD_1701274
PLANT15,PROD_1701274
PLANT17,PROD_1701275
PLANT11,PROD_1701276
PLANT01,PROD_1701276
PLANT19,PROD_1701276
PLANT07,PROD_1701276
PLANT19,PROD_1701277
PLANT04,PROD_1701277
PLANT11,PROD_1701277
PLANT12,PROD_1701277
PLANT06,PROD_1701278
PLANT18,PROD_1701278
PLANT09,PROD_1701278
PLANT09,PROD_1701279
PLANT16,PROD_1701279
PLANT12,PROD_1701280
PLANT06,PROD_1701280
PLANT16,PROD_1701280
PLANT07,PROD_1701281
PLANT14,PROD_1701281
PLANT12,PROD_1701281
PLANT18,PROD_1701281
PLANT09,PROD_1701282
PLANT15,PROD_1701282
PLANT06,PROD_1701282
PLANT05,PROD_1701282
PLANT04,PROD_1701283
PLANT09,PROD_1701283
PLANT18,PROD_1701284
PLANT14,PROD_1701284
PLANT07,PROD_1701285
PLANT05,PROD_1701285
PLANT19,PROD_1701285
PLANT16,PROD_1701285
PLANT06,PROD_1701286
PLANT16,PROD_1701287
PLANT05,PROD_1701287
PLANT17,PROD_1701287
PLANT11,PROD_1701287
PLANT10,PROD_1701288
PLANT09,PROD_1701288
PLANT18,PROD_1701288
PLANT02,PROD_1701288
PLANT04,PROD_1701289
PLANT06,PROD_1701289
PLANT02,PROD_1701289
PLANT07,PROD_1701289
PLANT16,PROD_1701290
PLANT04,PROD_1701290
PLANT15,PROD_1701290
PLANT09,PROD_1701291
PLANT12,PROD_1701291
PLANT19,PROD_1701291
PLANT12,PROD_1701292
PLANT01,PROD_1701292
PLANT14,PROD_1701292
PLANT12,PROD_1701293
PLANT19,PROD_1701294
PLANT20,PROD_1701294
PLANT10,PROD_1701295
PLANT12,PROD_1701295
PLANT17,PROD_1701296
PLANT16,PROD_1701296
PLANT15,PROD_1701296
PLANT13,PROD_1701297
PLANT15,PROD_1701298
PLANT05,PROD_1701298
PLANT06,PROD_1701298
PLANT14,PROD_1701299
PLANT19,PROD_1701299
PLANT13,PROD_1701299
PLANT03,PROD_1701300
PLANT11,PROD_1701301
PLANT08,PROD_1701301
PLANT11,PROD_1701302
PLANT10,PROD_1701302
PLANT09,PROD_1701302
PLANT09,PROD_1701303
PLANT15,PROD_1701303
PLANT12,PROD_1701303
PLANT17,PROD_1701303
PLANT14,PROD_1701304
PLANT06,PROD_1701304
PLANT19,PROD_1701304
PLANT01,PROD_1701304
PLANT08,PROD_1701305
PLANT09,PROD_1701305
PLANT07,PROD_1701306
PLANT13,PROD_1701307
PLANT04,PROD_1701307
PLANT03,PROD_1701308
PLANT18,PROD_1701309
PLANT02,PROD_1701309
PLANT01,PROD_1701309
PLANT13,PROD_1701309
PLANT04,PROD_1701310
PLANT20,PROD_1701311
PLANT05,PROD_1701311
PLANT03,PROD_1701311
PLANT10,PROD_1701312
PLANT08,PROD_1701312
PLANT19,PROD_1701312
PLANT20,PROD_1701312
PLANT05,PROD_1701313
PLANT20,PROD_1701313
PLANT17,PROD_1701313
PLANT06,PROD_1701313
PLANT02,PROD_1701314
PLANT11,PROD_1701315
PLANT16,PROD_1701315
PLANT15,PROD_1701315
PLANT18,PROD_1701316
PLANT15,PROD_1701316
PLANT05,PROD_1701316
PLANT19,PROD_1701317
PLANT15,PROD_1701317
PLANT17,PROD_1701318
PLANT18,PROD_1701318
PLANT10,PROD_1701318
PLANT12,PROD_1701318
PLANT18,PROD_1701319
PLANT08,PROD_1701319
PLANT03,PROD_1701319
PLANT15,PROD_1701319
PLANT12,PROD_1701320
PLANT14,PROD_1701320
PLANT09,PROD_1701320
PLANT10,PROD_1701321
PLANT01,PROD_1701321
PLANT17,PROD_1701322
PLANT12,PROD_1701323
PLANT10,PROD_1701323
PLANT18,PROD_1701324
PLANT01,PROD_1701324
PLANT16,PROD_1701324
PLANT20,PROD_1701324
PLANT01,PROD_1701325
PLANT14,PROD_1701325
PLANT10,PROD_1701325
PLANT01,PROD_1701326
PLANT18,PROD_1701326
PLANT07,PROD_1701327
PLANT14,PROD_1701327
PLANT18,PROD_1701327
PLANT13,PROD_1701328
PLANT08,PROD_1701328
PLANT06,PROD_1701328
PLANT20,PROD_1701328
PLANT08,PROD_1701329
PLANT09,PROD_1701329
PLANT03,PROD_1701329
PLANT14,PROD_1701329
PLANT17,PROD_1701330
PLANT09,PROD_1701330
PLANT18,PROD_1701331
PLANT09,PROD_1701331
PLANT14,PROD_1701331
PLANT03,PROD_1701332
PLANT06,PROD_1701332
PLANT10,PROD_1701333
PLANT04,PROD_1701333
PLANT20,PROD_1701334
PLANT15,PROD_1701334
PLANT09,PROD_1701334
PLANT16,PROD_1701334
PLANT11,PROD_1701335
PLANT01,PROD_1701335
PLANT02,PROD_1701336
PLANT18,PROD_1701336
PLANT06,PROD_1701337
PLANT10,PROD_1701338
PLANT05,PROD_1701339
PLANT15,PROD_1701339
PLANT01,PROD_1701339
PLANT03,PROD_1701340
PLANT05,PROD_1701340
PLANT16,PROD_1701341
PLANT11,PROD_1701342
PLANT14,PROD_1701342
PLANT16,PROD_1701343
PLANT12,PROD_1701343
PLANT15,PROD_1701343
PLANT11,PROD_1701344
PLANT05,PROD_1701345
PLANT09,PROD_1701346
PLANT03,PROD_1701347
PLANT18,PROD_1701347
PLANT16,PROD_1701347
PLANT06,PROD_1701347
PLANT09,PROD_1701348
PLANT13,PROD_1701348
PLANT04,PROD_1701349
PLANT13,PROD_1701350
PLANT15,PROD_1701350
PLANT02,PROD_1701351
PLANT07,PROD_1701351
PLANT04,PROD_1701352
PLANT17,PROD_1701352
PLANT07,PROD_1701352
PLANT16,PROD_1701352
PLANT10,PROD_1701353
PLANT11,PROD_1701353
PLANT06,PROD_1701353
PLANT02,PROD_1701353
PLANT09,PROD_1701354
PLANT10,PROD_1701355
PLANT07,PROD_1701355
PLANT12,PROD_1701355
PLANT02,PROD_1701355
PLANT04,PROD_1701356
PLANT08,PROD_1701356
PLANT11,PROD_1701357
PLANT01,PROD_1701357
PLANT06,PROD_1701357
PLANT09,PROD_1701357
PLANT13,PROD_1701358
PLANT01,PROD_1701359
PLANT02,PROD_1701359
PLANT20,PROD_1701360
PLANT05,PROD_1701360
PLANT12,PROD_1701360
PLANT03,PROD_1701360
PLANT06,PROD_1701361
PLANT16,PROD_1701361
PLANT20,PROD_1701362
PLANT02,PROD_1701363
PLANT20,PROD_1701363
PLANT12,PROD_1701363
PLANT18,PROD_1701364
PLANT04,PROD_1701364
PLANT16,PROD_1701365
PLANT08,PROD_1701365
PLANT18,PROD_1701366
PLANT12,PROD_1701366
PLANT15,PROD_1701366
PLANT01,PROD_1701367
PLANT13,PROD_1701367
PLANT05,PROD_1701368
PLANT09,PROD_1701368
PLANT02,PROD_1701368
PLANT15,PROD_1701369
PLANT18,PROD_1701369
PLANT10,PROD_1701369
PLANT16,PROD_1701369
PLANT19,PROD_1701370
PLANT06,PROD_1701370
PLANT11,PROD_1701371
PLANT15,PROD_1701371
PLANT09,PROD_1701371
PLANT03,PROD_1701372
PLANT17,PROD_1701372
PLANT15,PROD_1701373
PLANT10,PROD_1701373
PLANT18,PROD_1701374
PLANT12,PROD_1701374
PLANT15,PROD_1701374
PLANT17,PROD_1701375
PLANT06,PROD_1701376
PLANT01,PROD_1701376
PLANT12,PROD_1701376
PLANT08,PROD_1701376
PLANT03,PROD_1701377
PLANT18,PROD_1701377
PLANT13,PROD_1701377
PLANT17,PROD_1701378
PLANT16,PROD_1701378
PLANT20,PROD_1701379
PLANT10,PROD_1701379
PLANT14,PROD_1701380
PLANT11,PROD_1701380
PLANT04,PROD_1701380
PLANT17,PROD_1701381
PLANT02,PROD_1701382
PLANT06,PROD_1701383
PLANT02,PROD_1701383
PLANT04,PROD_1701384
PLANT16,PROD_1701384
PLANT04,PROD_1701385
PLANT02,PROD_1701385
PLANT16,PROD_1701386
PLANT17,PROD_1701386
PLANT09,PROD_1701386
PLANT02,PROD_1701386
PLANT08,PROD_1701387
PLANT03,PROD_1701387
PLANT01,PROD_1701387
PLANT16,PROD_1701388
PLANT03,PROD_1701388
PLANT02,PROD_1701389
PLANT12,PROD_1701389
PLANT18,PROD_1701389
PLANT14,PROD_1701389
PLANT02,PROD_1701390
PLANT09,PROD_1701390
PLANT17,PROD_1701390
PLANT03,PROD_1701391
PLANT03,PROD_1701392
PLANT07,PROD_1701392
PLANT17,PROD_1701392
PLANT04,PROD_1701393
PLANT18,PROD_1701394
PLANT13,PROD_1701394
PLANT07,PROD_1701395
PLANT17,PROD_1701395
PLANT19,PROD_1701396
PLANT06,PROD_1701396
PLANT04,PROD_1701397
PLANT19,PROD_1701397
PLANT12,PROD_1701397
PLANT15,PROD_1701397
PLANT04,PROD_1701398
PLANT06,PROD_1701398
PLANT19,PROD_1701398
PLANT13,PROD_1701398
PLANT06,PROD_1701399
PLANT18,PROD_1701399
PLANT15,PROD_1701399
PLANT11,PROD_1701400
PLANT18,PROD_1701400
PLANT20,PROD_1701400
PLANT14,PROD_1701401
PLANT20,PROD_1701401
PLANT11,PROD_1701401
PLANT19,PROD_1701402
PLANT18,PROD_1701402
PLANT13,PROD_1701403
PLANT18,PROD_1701403
PLANT12,PROD_1701404
PLANT15,PROD_1701404
PLANT19,PROD_1701404
PLANT01,PROD_1701405
PLANT02,PROD_1701405
PLANT10,PROD_1701405
PLANT20,PROD_1701405
PLANT10,PROD_1701406
PLANT01,PROD_1701406
PLANT08,PROD_1701407
PLANT07,PROD_1701407
PLANT11,PROD_1701407
PLANT09,PROD_1701408
PLANT04,PROD_1701409
PLANT02,PROD_1701409
PLANT12,PROD_1701410
PLANT05,PROD_1701410
PLANT19,PROD_1701410
PLANT09,PROD_1701410
PLANT19,PROD_1701411
PLANT08,PROD_1701411
PLANT20,PROD_1701411
PLANT10,PROD_1701412
PLANT03,PROD_1701412
PLANT13,PROD_1701412
PLANT03,PROD_1701413
PLANT11,PROD_1701413
PLANT06,PROD_1701414
PLANT16,PROD_1701414
PLANT04,PROD_1701414
PLANT10,PROD_1701414
PLANT19,PROD_1701415
PLANT03,PROD_1701416
PLANT02,PROD_1701416
PLANT11,PROD_1701416
PLANT12,PROD_1701416
PLANT14,PROD_1701417
PLANT04,PROD_1701417
PLANT08,PROD_1701417
PLANT01,PROD_1701417
PLANT02,PROD_1701418
PLANT10,PROD_1701418
PLANT17,PROD_1701418
PLANT20,PROD_1701418
PLANT18,PROD_1701419
PLANT19,PROD_1701419
PLANT05,PROD_1701419
PLANT17,PROD_1701420
PLANT08,PROD_1701420
PLANT05,PROD_1701420
PLANT13,PROD_1701421
PLANT20,PROD_1701422
PLANT19,PROD_1701422
PLANT17,PROD_1701422
PLANT03,PROD_1701422
PLANT14,PROD_1701423
PLANT10,PROD_1701423
PLANT05,PROD_1701424
PLANT20,PROD_1701424
PLANT11,PROD_1701424
PLANT03,PROD_1701424
PLANT19,PROD_1701425
PLANT02,PROD_1701425
PLANT18,PROD_1701425
PLANT13,PROD_1701425
PLANT03,PROD_1701426
PLANT13,PROD_1701426
PLANT17,PROD_1701426
PLANT05,PROD_1701427
PLANT20,PROD_1701427
PLANT16,PROD_1701427
PLANT07,PROD_1701427
PLANT13,PROD_1701428
PLANT19,PROD_1701428
PLANT07,PROD_1701428
PLANT17,PROD_1701428
PLANT08,PROD_1701429
PLANT03,PROD_1701429
PLANT14,PROD_1701430
PLANT11,PROD_1701430
PLANT03,PROD_1701430
PLANT14,PROD_1701431
PLANT12,PROD_1701432
PLANT20,PROD_1701432
PLANT07,PROD_1701432
PLANT11,PROD_1701432
PLANT20,PROD_1701433
PLANT01,PROD_1701433
PLANT10,PROD_1701433
PLANT12,PROD_1701434
PLANT15,PROD_1701434
PLANT15,PROD_1701435
PLANT02,PROD_1701435
PLANT07,PROD_1701436
PLANT12,PROD_1701436
PLANT03,PROD_1701437
PLANT04,PROD_1701437
PLANT08,PROD_1701438
PLANT10,PROD_1701439
PLANT01,PROD_1701439
PLANT04,PROD_1701440
PLANT10,PROD_1701440
PLANT15,PROD_1701440
PLANT01,PROD_1701441
PLANT11,PROD_1701441
PLANT07,PROD_1701441
PLANT18,PROD_1701441
PLANT18,PROD_1701442
PLANT17,PROD_1701442
PLANT18,PROD_1701443
PLANT16,PROD_1701443
PLANT05,PROD_1701443
PLANT13,PROD_1701444
PLANT09,PROD_1701445
PLANT02,PROD_1701446
PLANT10,PROD_1701446
PLANT20,PROD_1701447
PLANT09,PROD_1701447
PLANT15,PROD_1701448
PLANT03,PROD_1701449
PLANT09,PROD_1701450
PLANT12,PROD_1701450
PLANT04,PROD_1701450
PLANT01,PROD_1701450
PLANT13,PROD_1701451
PLANT08,PROD_1701451
PLANT20,PROD_1701451
PLANT11,PROD_1701452
PLANT20,PROD_1701453
PLANT18,PROD_1701453
PLANT03,PROD_1701453
PLANT06,PROD_1701453
PLANT17,PROD_1701454
PLANT15,PROD_1701454
PLANT02,PROD_1701455
PLANT17,PROD_1701456
PLANT10,PROD_1701456
PLANT16,PROD_1701457
PLANT13,PROD_1701457
PLANT06,PROD_1701457
PLANT12,PROD_1701458
PLANT12,PROD_1701459
PLANT10,PROD_1701459
PLANT08,PROD_1701459
PLANT02,PROD_1701460
PLANT09,PROD_1701460
PLANT13,PROD_1701460
PLANT18,PROD_1701461
PLANT08,PROD_1701462
PLANT05,PROD_1701462
PLANT11,PROD_1701462
PLANT05,PROD_1701463
PLANT03,PROD_1701463
PLANT13,PROD_1701463
PLANT17,PROD_1701463
PLANT14,PROD_1701464
PLANT08,PROD_1701464
PLANT14,PROD_1701465
PLANT10,PROD_1701465
PLANT15,PROD_1701466
PLANT18,PROD_1701466
PLANT05,PROD_1701466
PLANT05,PROD_1701467
PLANT19,PROD_1701467
PLANT05,PROD_1701468
PLANT10,PROD_1701468
PLANT14,PROD_1701469
PLANT05,PROD_1701469
PLANT11,PROD_1701470
PLANT03,PROD_1701470
PLANT06,PROD_1701471
PLANT05,PROD_1701472
PLANT01,PROD_1701472
PLANT11,PROD_1701472
PLANT14,PROD_1701473
PLANT10,PROD_1701473
PLANT15,PROD_1701473
PLANT09,PROD_1701473
PLANT07,PROD_1701474
PLANT04,PROD_1701474
PLANT06,PROD_1701475
PLANT01,PROD_1701475
PLANT20,PROD_1701476
PLANT19,PROD_1701476
PLANT08,PROD_1701476
PLANT08,PROD_1701477
PLANT01,PROD_1701477
PLANT03,PROD_1701478
PLANT16,PROD_1701478
PLANT05,PROD_1701478
PLANT12,PROD_1701479
PLANT06,PROD_1701479
PLANT13,PROD_1701479
PLANT16,PROD_1701479
PLANT05,PROD_1701480
PLANT06,PROD_1701480
PLANT07,PROD_1701480
PLANT08,PROD_1701480
PLANT14,PROD_1701481
PLANT09,PROD_1701482
PLANT08,PROD_1701483
PLANT07,PROD_1701483
PLANT19,PROD_1701483
PLANT03,PROD_1701483
PLANT15,PROD_1701484
PLANT16,PROD_1701484
PLANT15,PROD_1701485
PLANT08,PROD_1701485
PLANT14,PROD_1701485
PLANT02,PROD_1701486
PLANT13,PROD_1701486
PLANT11,PROD_1701486
PLANT19,PROD_1701486
PLANT17,PROD_1701487
PLANT15,PROD_1701488
PLANT02,PROD_1701489
PLANT08,PROD_1701489
PLANT17,PROD_1701489
PLANT13,PROD_1701489
PLANT18,PROD_1701490
PLANT17,PROD_1701491
PLANT02,PROD_1701491
PLANT07,PROD_1701491
PLANT10,PROD_1701491
PLANT13,PROD_1701492
PLANT10,PROD_1701492
PLANT19,PROD_1701492
PLANT15,PROD_1701492
PLANT14,PROD_1701493
PLANT10,PROD_1701493
PLANT17,PROD_1701494
PLANT15,PROD_1701495
PLANT20,PROD_1701495
PLANT17,PROD_1701496
PLANT06,PROD_1701497
PLANT13,PROD_1701498
PLANT14,PROD_1701498
PLANT15,PROD_1701499
PLANT01,PROD_1701499
PLANT06,PROD_1701499
PLANT19,PROD_1701500
PLANT07,PROD_1701500
PLANT15,PROD_1701500
PLANT03,PROD_1701500
PLANT11,PROD_1701501
PLANT06,PROD_1701501
PLANT04,PROD_1701501
PLANT04,PROD_1701502
PLANT12,PROD_1701503
PLANT03,PROD_1701503
PLANT17,PROD_1701503
PLANT13,PROD_1701503
PLANT13,PROD_1701504
PLANT18,PROD_1701504
PLANT02,PROD_1701505
PLANT06,PROD_1701505
PLANT11,PROD_1701505
PLANT05,PROD_1701505
PLANT05,PROD_1701506
PLANT06,PROD_1701506
PLANT14,PROD_1701507
PLANT10,PROD_1701508
PLANT15,PROD_1701508
PLANT20,PROD_1701508
PLANT04,PROD_1701509
PLANT05,PROD_1701509
PLANT01,PROD_1701510
PLANT09,PROD_1701510
PLANT15,PROD_1701511
PLANT16,PROD_1701512
PLANT18,PROD_1701512
PLANT01,PROD_1701512
PLANT20,PROD_1701512
PLANT07,PROD_1701513
PLANT19,PROD_1701513
PLANT15,PROD_1701514
PLANT14,PROD_1701514
PLANT20,PROD_1701514
PLANT03,PROD_1701514
PLANT08,PROD_1701515
PLANT20,PROD_1701516
PLANT18,PROD_1701516
PLANT07,PROD_1701516
PLANT06,PROD_1701517
PLANT02,PROD_1701518
PLANT12,PROD_1701518
PLANT05,PROD_1701519
PLANT19,PROD_1701520
PLANT11,PROD_1701521
PLANT03,PROD_1701521
PLANT02,PROD_1701521
PLANT14,PROD_1701522
PLANT06,PROD_1701523
PLANT10,PROD_1701523
PLANT15,PROD_1701524
PLANT19,PROD_1701524
PLANT02,PROD_1701525
PLANT03,PROD_1701525
PLANT10,PROD_1701525
PLANT12,PROD_1701526
PLANT13,PROD_1701526
PLANT03,PROD_1701526
PLANT18,PROD_1701527
PLANT03,PROD_1701527
PLANT10,PROD_1701527
PLANT16,PROD_1701527
PLANT04,PROD_1701528
PLANT09,PROD_1701528
PLANT17,PROD_1701529
PLANT14,PROD_1701529
PLANT20,PROD_1701529
PLANT07,PROD_1701530
PLANT02,PROD_1701530
PLANT19,PROD_1701531
PLANT16,PROD_1701532
PLANT14,PROD_1701533
PLANT11,PROD_1701533
PLANT09,PROD_1701533
PLANT05,PROD_1701534
PLANT19,PROD_1701534
PLANT16,PROD_1701534
PLANT16,PROD_1701535
PLANT06,PROD_1701535
PLANT08,PROD_1701535
PLANT10,PROD_1701535
PLANT01,PROD_1701536
PLANT04,PROD_1701536
PLANT15,PROD_1701537
PLANT07,PROD_1701538
PLANT14,PROD_1701539
PLANT02,PROD_1701539
PLANT11,PROD_1701539
PLANT12,PROD_1701539
PLANT01,PROD_1701540
PLANT07,PROD_1701540
PLANT09,PROD_1701541
PLANT03,PROD_1701541
PLANT10,PROD_1701541
PLANT17,PROD_1701542
PLANT18,PROD_1701542
PLANT11,PROD_1701542
PLANT04,PROD_1701543
PLANT11,PROD_1701544
PLANT13,PROD_1701544
PLANT01,PROD_1701544
PLANT07,PROD_1701545
PLANT11,PROD_1701545
PLANT16,PROD_1701546
PLANT20,PROD_1701546
PLANT02,PROD_1701546
PLANT16,PROD_1701547
PLANT05,PROD_1701547
PLANT18,PROD_1701548
PLANT11,PROD_1701548
PLANT15,PROD_1701548
PLANT14,PROD_1701548
PLANT17,PROD_1701549
PLANT19,PROD_1701550
PLANT11,PROD_1701550
PLANT18,PROD_1701550
PLANT07,PROD_1701551
PLANT12,PROD_1701552
PLANT03,PROD_1701552
PLANT05,PROD_1701552
PLANT01,PROD_1701553
PLANT11,PROD_1701553
PLANT13,PROD_1701553
PLANT19,PROD_1701554
PLANT13,PROD_1701554
PLANT20,PROD_1701555
PLANT04,PROD_1701555
PLANT11,PROD_1701556
PLANT02,PROD_1701556
PLANT09,PROD_1701556
PLANT03,PROD_1701557
PLANT16,PROD_1701557
PLANT08,PROD_1701557
PLANT12,PROD_1701557
PLANT10,PROD_1701558
PLANT07,PROD_1701558
PLANT17,PROD_1701558
PLANT20,PROD_1701558
PLANT04,PROD_1701559
PLANT12,PROD_1701559
PLANT07,PROD_1701560
PLANT15,PROD_1701561
PLANT16,PROD_1701562
PLANT07,PROD_1701563
PLANT11,PROD_1701563
PLANT17,PROD_1701564
PLANT10,PROD_1701564
PLANT11,PROD_1701564
PLANT05,PROD_1701564
PLANT17,PROD_1701565
PLANT07,PROD_1701566
PLANT02,PROD_1701566
PLANT13,PROD_1701567
PLANT17,PROD_1701567
PLANT04,PROD_1701567
PLANT01,PROD_1701567
PLANT02,PROD_1701568
PLANT03,PROD_1701568
PLANT11,PROD_1701568
PLANT02,PROD_1701569
PLANT04,PROD_1701569
PLANT17,PROD_1701569
PLANT10,PROD_1701569
PLANT19,PROD_1701570
PLANT07,PROD_1701571
PLANT11,PROD_1701571
PLANT20,PROD_1701571
PLANT10,PROD_1701572
PLANT09,PROD_1701572
PLANT15,PROD_1701573
PLANT04,PROD_1701573
PLANT09,PROD_1701573
PLANT06,PROD_1701574
PLANT09,PROD_1701574
PLANT01,PROD_1701575
PLANT07,PROD_1701576
PLANT18,PROD_1701577
PLANT11,PROD_1701577
PLANT09,PROD_1701577
PLANT10,PROD_1701578
PLANT19,PROD_1701578
PLANT06,PROD_1701579
PLANT03,PROD_1701579
PLANT20,PROD_1701580
PLANT11,PROD_1701580
PLANT18,PROD_1701580
PLANT02,PROD_1701581
PLANT05,PROD_1701581
PLANT01,PROD_1701581
PLANT16,PROD_1701581
PLANT04,PROD_1701582
PLANT02,PROD_1701583
PLANT03,PROD_1701583
PLANT14,PROD_1701583
PLANT13,PROD_1701583
PLANT20,PROD_1701584
PLANT19,PROD_1701584
PLANT20,PROD_1701585
PLANT12,PROD_1701585
PLANT10,PROD_1701585
PLANT11,PROD_1701585
PLANT18,PROD_1701586
PLANT03,PROD_1701586
PLANT19,PROD_1701587
PLANT05,PROD_1701587
PLANT03,PROD_1701587
PLANT15,PROD_1701587
PLANT15,PROD_1701588
PLANT15,PROD_1701589
PLANT16,PROD_1701589
PLANT08,PROD_1701589
PLANT05,PROD_1701590
PLANT09,PROD_1701590
PLANT13,PROD_1701591
PLANT06,PROD_1701591
PLANT11,PROD_1701591
PLANT15,PROD_1701592
PLANT16,PROD_1701592
PLANT01,PROD_1701592
PLANT16,PROD_1701593
PLANT12,PROD_1701594
PLANT15,PROD_1701595
PLANT06,PROD_1701595
PLANT10,PROD_1701595
PLANT12,PROD_1701595
PLANT17,PROD_1701596
PLANT04,PROD_1701596
PLANT04,PROD_1701597
PLANT11,PROD_1701597
PLANT18,PROD_1701597
PLANT03,PROD_1701597
PLANT18,PROD_1701598
PLANT15,PROD_1701598
PLANT13,PROD_1701598
PLANT08,PROD_1701599
PLANT20,PROD_1701599
PLANT18,PROD_1701599
PLANT06,PROD_1701599
PLANT13,PROD_1701600
PLANT03,PROD_1701600
PLANT11,PROD_1701600
PLANT07,PROD_1701600
PLANT14,PROD_1701601
PLANT19,PROD_1701601
PLANT11,PROD_1701601
PLANT08,PROD_1701601
PLANT03,PROD_1701602
PLANT19,PROD_1701602
PLANT04,PROD_1701603
PLANT19,PROD_1701603
PLANT15,PROD_1701603
PLANT11,PROD_1701603
PLANT15,PROD_1701604
PLANT10,PROD_1701605
PLANT13,PROD_1701605
PLANT20,PROD_1701606
PLANT20,PROD_1701607
PLANT11,PROD_1701608
PLANT16,PROD_1701608
PLANT02,PROD_1701608
PLANT03,PROD_1701608
PLANT05,PROD_1701609
PLANT19,PROD_1701609
PLANT05,PROD_1701610
PLANT15,PROD_1701611
PLANT18,PROD_1701611
PLANT13,PROD_1701612
PLANT19,PROD_1701612
PLANT15,PROD_1701612
PLANT07,PROD_1701613
PLANT11,PROD_1701613
PLANT19,PROD_1701614
PLANT10,PROD_1701614
PLANT14,PROD_1701614
PLANT03,PROD_1701615
PLANT19,PROD_1701615
PLANT01,PROD_1701615
PLANT05,PROD_1701616
PLANT10,PROD_1701616
PLANT02,PROD_1701616
PLANT12,PROD_1701616
PLANT01,PROD_1701617
PLANT04,PROD_1701618
PLANT10,PROD_1701618
PLANT01,PROD_1701618
PLANT14,PROD_1701619
PLANT19,PROD_1701619
PLANT11,PROD_1701620
PLANT13,PROD_1701620
PLANT19,PROD_1701620
PLANT18,PROD_1701620
PLANT18,PROD_1701621
PLANT07,PROD_1701621
PLANT06,PROD_1701621
PLANT16,PROD_1701621
PLANT07,PROD_1701622
PLANT18,PROD_1701622
PLANT12,PROD_1701623
PLANT14,PROD_1701623
PLANT05,PROD_1701623
PLANT10,PROD_1701623
PLANT05,PROD_1701624
PLANT01,PROD_1701624
PLANT01,PROD_1701625
PLANT16,PROD_1701626
PLANT14,PROD_1701626
PLANT03,PROD_1701627
PLANT05,PROD_1701627
PLANT15,PROD_1701628
PLANT14,PROD_1701628
PLANT06,PROD_1701628
PLANT20,PROD_1701628
PLANT18,PROD_1701629
PLANT15,PROD_1701629
PLANT13,PROD_1701629
PLANT12,PROD_1701629
PLANT06,PROD_1701630
PLANT14,PROD_1701630
PLANT19,PROD_1701631
PLANT08,PROD_1701632
PLANT17,PROD_1701632
PLANT09,PROD_1701632
PLANT14,PROD_1701632
PLANT02,PROD_1701633
PLANT20,PROD_1701633
PLANT16,PROD_1701633
PLANT04,PROD_1701634
PLANT19,PROD_1701634
PLANT16,PROD_1701634
PLANT05,PROD_1701635
PLANT15,PROD_1701636
PLANT17,PROD_1701636
PLANT03,PROD_1701636
PLANT08,PROD_1701637
PLANT03,PROD_1701638
PLANT18,PROD_1701638
PLANT10,PROD_1701638
PLANT02,PROD_1701638
PLANT18,PROD_1701639
PLANT01,PROD_1701639
PLANT16,PROD_1701639
PLANT17,PROD_1701640
PLANT16,PROD_1701640
PLANT11,PROD_1701640
PLANT14,PROD_1701640
PLANT10,PROD_1701641
PLANT20,PROD_1701641
PLANT06,PROD_1701641
PLANT20,PROD_1701642
PLANT19,PROD_1701643
PLANT09,PROD_1701643
PLANT02,PROD_1701643
PLANT19,PROD_1701644
PLANT06,PROD_1701644
PLANT02,PROD_1701644
PLANT10,PROD_1701644
PLANT10,PROD_1701645
PLANT03,PROD_1701646
PLANT05,PROD_1701646
PLANT17,PROD_1701646
PLANT20,PROD_1701646
PLANT09,PROD_1701647
PLANT05,PROD_1701647
PLANT20,PROD_1701647
PLANT09,PROD_1701648
PLANT01,PROD_1701648
PLANT04,PROD_1701648
PLANT19,PROD_1701649
PLANT05,PROD_1701649
PLANT12,PROD_1701650
PLANT06,PROD_1701650
PLANT09,PROD_1701650
PLANT08,PROD_1701650
PLANT06,PROD_1701651
PLANT17,PROD_1701651
PLANT02,PROD_1701651
PLANT11,PROD_1701651
PLANT05,PROD_1701652
PLANT16,PROD_1701653
PLANT14,PROD_1701653
PLANT08,PROD_1701654
PLANT15,PROD_1701654
PLANT06,PROD_1701654
PLANT07,PROD_1701654
PLANT02,PROD_1701655
PLANT09,PROD_1701655
PLANT04,PROD_1701655
PLANT06,PROD_1701656
PLANT13,PROD_1701657
PLANT16,PROD_1701657
PLANT10,PROD_1701657
PLANT19,PROD_1701657
PLANT13,PROD_1701658
PLANT20,PROD_1701658
PLANT09,PROD_1701659
PLANT05,PROD_1701659
PLANT17,PROD_1701659
PLANT14,PROD_1701659
PLANT10,PROD_1701660
PLANT13,PROD_1701661
PLANT11,PROD_1701661
PLANT17,PROD_1701661
PLANT02,PROD_1701661
PLANT18,PROD_1701662
PLANT14,PROD_1701663
PLANT09,PROD_1701663
PLANT11,PROD_1701663
PLANT09,PROD_1701664
PLANT04,PROD_1701664
PLANT20,PROD_1701664
PLANT15,PROD_1701665
PLANT08,PROD_1701665
PLANT07,PROD_1701665
PLANT17,PROD_1701665
PLANT06,PROD_1701666
PLANT11,PROD_1701666
PLANT18,PROD_1701666
PLANT01,PROD_1701667
PLANT01,PROD_1701668
PLANT04,PROD_1701669
PLANT17,PROD_1701669
PLANT20,PROD_1701669
PLANT15,PROD_1701669
PLANT08,PROD_1701670
PLANT10,PROD_1701670
PLANT09,PROD_1701670
PLANT02,PROD_1701671
PLANT01,PROD_1701671
PLANT02,PROD_1701672
PLANT20,PROD_1701673
PLANT04,PROD_1701673
PLANT03,PROD_1701674
PLANT13,PROD_1701675
PLANT19,PROD_1701675
PLANT04,PROD_1701676
PLANT06,PROD_1701676
PLANT10,PROD_1701677
PLANT15,PROD_1701677
PLANT03,PROD_1701677
PLANT09,PROD_1701678
PLANT14,PROD_1701678
PLANT11,PROD_1701678
PLANT20,PROD_1701678
PLANT03,PROD_1701679
PLANT09,PROD_1701679
PLANT13,PROD_1701680
PLANT11,PROD_1701681
PLANT02,PROD_1701681
PLANT09,PROD_1701681
PLANT18,PROD_1701681
PLANT15,PROD_1701682
PLANT03,PROD_1701682
PLANT07,PROD_1701683
PLANT13,PROD_1701683
PLANT06,PROD_1701683
PLANT16,PROD_1701683
PLANT05,PROD_1701684
PLANT07,PROD_1701685
PLANT04,PROD_1701685
PLANT15,PROD_1701685
PLANT09,PROD_1701685
PLANT02,PROD_1701686
PLANT03,PROD_1701687
PLANT15,PROD_1701688
PLANT01,PROD_1701688
PLANT16,PROD_1701688
PLANT01,PROD_1701689
PLANT02,PROD_1701689
PLANT09,PROD_1701690
PLANT05,PROD_1701690
PLANT11,PROD_1701690
PLANT13,PROD_1701690
PLANT17,PROD_1701691
PLANT16,PROD_1701692
PLANT14,PROD_1701692
PLANT13,PROD_1701692
PLANT03,PROD_1701692
PLANT01,PROD_1701693
PLANT13,PROD_1701693
PLANT04,PROD_1701694
PLANT19,PROD_1701694
PLANT18,PROD_1701694
PLANT12,PROD_1701694
PLANT10,PROD_1701695
PLANT13,PROD_1701695
PLANT02,PROD_1701695
PLANT12,PROD_1701696
PLANT03,PROD_1701697
PLANT15,PROD_1701697
PLANT10,PROD_1701697
PLANT06,PROD_1701698
PLANT18,PROD_1701698
PLANT13,PROD_1701699
PLANT10,PROD_1701700
PLANT13,PROD_1701700
PLANT12,PROD_1701701
PLANT03,PROD_1701702
PLANT15,PROD_1701702
PLANT07,PROD_1701702
PLANT05,PROD_1701702
PLANT07,PROD_1701703
PLANT19,PROD_1701704
PLANT16,PROD_1701705
PLANT13,PROD_1701705
PLANT18,PROD_1701706
PLANT16,PROD_1701707
PLANT18,PROD_1701707
PLANT15,PROD_1701707
PLANT02,PROD_1701708
PLANT02,PROD_1701709
PLANT11,PROD_1701709
PLANT20,PROD_1701709
PLANT04,PROD_1701710
PLANT07,PROD_1701710
PLANT17,PROD_1701710
PLANT15,PROD_1701710
PLANT19,PROD_1701711
PLANT08,PROD_1701711
PLANT02,PROD_1701712
PLANT16,PROD_1701713
PLANT01,PROD_1701713
PLANT20,PROD_1701714
PLANT02,PROD_1701714
PLANT08,PROD_1701714
PLANT05,PROD_1701714
PLANT06,PROD_1701715
PLANT10,PROD_1701716
PLANT15,PROD_1701717
PLANT19,PROD_1701718
PLANT03,PROD_1701718
PLANT04,PROD_1701719
PLANT20,PROD_1701720
PLANT08,PROD_1701720
PLANT03,PROD_1701720
PLANT07,PROD_1701720
PLANT11,PROD_1701721
PLANT13,PROD_1701721
PLANT20,PROD_1701721
PLANT04,PROD_1701721
PLANT11,PROD_1701722
PLANT07,PROD_1701722
PLANT19,PROD_1701723
PLANT11,PROD_1701724
PLANT03,PROD_1701724
PLANT09,PROD_1701725
PLANT14,PROD_1701726
PLANT06,PROD_1701726
PLANT18,PROD_1701727
PLANT06,PROD_1701727
PLANT15,PROD_1701727
PLANT19,PROD_1701728
PLANT02,PROD_1701728
PLANT04,PROD_1701729
PLANT13,PROD_1701729
PLANT01,PROD_1701730
PLANT16,PROD_1701730
PLANT01,PROD_1701731
PLANT06,PROD_1701732
PLANT19,PROD_1701733
PLANT14,PROD_1701734
PLANT16,PROD_1701734
PLANT05,PROD_1701734
PLANT05,PROD_1701735
PLANT09,PROD_1701735
PLANT14,PROD_1701736
PLANT08,PROD_1701736
PLANT06,PROD_1701736
PLANT02,PROD_1701736
PLANT16,PROD_1701737
PLANT03,PROD_1701737
PLANT12,PROD_1701738
PLANT14,PROD_1701738
PLANT01,PROD_1701738
PLANT07,PROD_1701739
PLANT04,PROD_1701739
PLANT20,PROD_1701740
PLANT18,PROD_1701741
PLANT17,PROD_1701741
PLANT08,PROD_1701741
PLANT07,PROD_1701742
PLANT09,PROD_1701742
PLANT02,PROD_1701742
PLANT20,PROD_1701742
PLANT05,PROD_1701743
PLANT16,PROD_1701744
PLANT06,PROD_1701744
PLANT19,PROD_1701744
PLANT02,PROD_1701744
PLANT12,PROD_1701745
PLANT07,PROD_1701746
PLANT14,PROD_1701746
PLANT09,PROD_1701746
PLANT20,PROD_1701747
PLANT15,PROD_1701747
PLANT02,PROD_1701747
PLANT02,PROD_1701748
PLANT06,PROD_1701749
PLANT01,PROD_1701749
PLANT17,PROD_1701750
PLANT04,PROD_1701750
PLANT03,PROD_1701750
PLANT08,PROD_1701750
PLANT19,PROD_1701751
PLANT20,PROD_1701751
PLANT11,PROD_1701751
PLANT14,PROD_1701751
PLANT11,PROD_1701752
PLANT08,PROD_1701752
PLANT11,PROD_1701753
PLANT04,PROD_1701754
PLANT08,PROD_1701754
PLANT07,PROD_1701755
PLANT13,PROD_1701755
PLANT08,PROD_1701755
PLANT03,PROD_1701755
PLANT19,PROD_1701756
PLANT16,PROD_1701756
PLANT02,PROD_1701756
PLANT14,PROD_1701756
PLANT07,PROD_1701757
PLANT15,PROD_1701757
PLANT13,PROD_1701758
PLANT12,PROD_1701758
PLANT15,PROD_1701759
PLANT07,PROD_1701759
PLANT09,PROD_1701760
PLANT07,PROD_1701760
PLANT11,PROD_1701760
PLANT02,PROD_1701761
PLANT19,PROD_1701761
PLANT09,PROD_1701762
PLANT04,PROD_1701763
PLANT15,PROD_1701763
PLANT14,PROD_1701764
PLANT06,PROD_1701764
PLANT11,PROD_1701764
PLANT08,PROD_1701764
PLANT20,PROD_1701765
PLANT06,PROD_1701765
PLANT19,PROD_1701765
PLANT03,PROD_1701766
PLANT14,PROD_1701766
PLANT07,PROD_1701767
PLANT19,PROD_1701767
PLANT16,PROD_1701767
PLANT15,PROD_1701767
PLANT01,PROD_1701768
PLANT14,PROD_1701768
PLANT08,PROD_1701768
PLANT11,PROD_1701769
PLANT14,PROD_1701769
PLANT19,PROD_1701770
PLANT05,PROD_1701770
PLANT14,PROD_1701771
PLANT02,PROD_1701772
PLANT17,PROD_1701773
PLANT02,PROD_1701773
PLANT14,PROD_1701773
PLANT20,PROD_1701773
PLANT16,PROD_1701774
PLANT04,PROD_1701774
PLANT15,PROD_1701774
PLANT20,PROD_1701774
PLANT03,PROD_1701775
PLANT18,PROD_1701775
PLANT14,PROD_1701776
PLANT05,PROD_1701777
PLANT12,PROD_1701777
PLANT08,PROD_1701778
PLANT03,PROD_1701778
PLANT01,PROD_1701778
PLANT10,PROD_1701779
PLANT06,PROD_1701779
PLANT15,PROD_1701779
PLANT01,PROD_1701779
PLANT15,PROD_1701780
PLANT05,PROD_1701780
PLANT13,PROD_1701780
PLANT06,PROD_1701780
PLANT15,PROD_1701781
PLANT01,PROD_1701781
PLANT03,PROD_1701781
PLANT11,PROD_1701782
PLANT17,PROD_1701782
PLANT02,PROD_1701782
PLANT10,PROD_1701782
PLANT09,PROD_1701783
PLANT18,PROD_1701783
PLANT07,PROD_1701783
PLANT03,PROD_1701783
PLANT02,PROD_1701784
PLANT17,PROD_1701784
PLANT12,PROD_1701784
PLANT04,PROD_1701785
PLANT12,PROD_1701786
PLANT15,PROD_1701786
PLANT02,PROD_1701786
PLANT20,PROD_1701786
PLANT06,PROD_1701787
PLANT18,PROD_1701787
PLANT03,PROD_1701787
PLANT05,PROD_1701788
PLANT11,PROD_1701788
PLANT18,PROD_1701789
PLANT04,PROD_1701789
PLANT19,PROD_1701790
PLANT07,PROD_1701790
PLANT08,PROD_1701790
PLANT11,PROD_1701790
PLANT09,PROD_1701791
PLANT17,PROD_1701791
PLANT14,PROD_1701791
PLANT02,PROD_1701792
PLANT03,PROD_1701792
PLANT12,PROD_1701792
PLANT15,PROD_1701793
PLANT16,PROD_1701793
PLANT17,PROD_1701793
PLANT16,PROD_1701794
PLANT15,PROD_1701795
PLANT12,PROD_1701795
PLANT03,PROD_1701795
PLANT15,PROD_1701796
PLANT03,PROD_1701796
PLANT13,PROD_1701797
PLANT10,PROD_1701798
PLANT03,PROD_1701798
PLANT06,PROD_1701799
PLANT04,PROD_1701800
PLANT05,PROD_1701800
PLANT16,PROD_1701800
PLANT07,PROD_1701801
PLANT17,PROD_1701801
PLANT10,PROD_1701802
PLANT18,PROD_1701803
PLANT05,PROD_1701803
PLANT16,PROD_1701803
PLANT12,PROD_1701803
PLANT15,PROD_1701804
PLANT01,PROD_1701804
PLANT10,PROD_1701804
PLANT07,PROD_1701804
PLANT01,PROD_1701805
PLANT17,PROD_1701806
PLANT11,PROD_1701806
PLANT19,PROD_1701807
PLANT11,PROD_1701807
PLANT20,PROD_1701807
PLANT16,PROD_1701807
PLANT15,PROD_1701808
PLANT10,PROD_1701808
PLANT05,PROD_1701808
PLANT19,PROD_1701808
PLANT09,PROD_1701809
PLANT08,PROD_1701809
PLANT12,PROD_1701810
PLANT10,PROD_1701810
PLANT02,PROD_1701810
PLANT05,PROD_1701810
PLANT10,PROD_1701811
PLANT15,PROD_1701811
PLANT06,PROD_1701811
PLANT18,PROD_1701812
PLANT10,PROD_1701812
PLANT06,PROD_1701813
PLANT05,PROD_1701813
PLANT08,PROD_1701814
PLANT04,PROD_1701814
PLANT11,PROD_1701815
PLANT15,PROD_1701816
PLANT09,PROD_1701816
PLANT06,PROD_1701817
PLANT07,PROD_1701817
PLANT18,PROD_1701817
PLANT11,PROD_1701818
PLANT05,PROD_1701819
PLANT12,PROD_1701819
PLANT15,PROD_1701819
PLANT18,PROD_1701820
PLANT10,PROD_1701820
PLANT01,PROD_1701821
PLANT16,PROD_1701822
PLANT05,PROD_1701822
PLANT15,PROD_1701822
PLANT11,PROD_1701822
PLANT01,PROD_1701823
PLANT18,PROD_1701823
PLANT10,PROD_1701824
PLANT16,PROD_1701824
PLANT20,PROD_1701824
PLANT19,PROD_1701825
PLANT15,PROD_1701825
PLANT04,PROD_1701826
PLANT16,PROD_1701826
PLANT02,PROD_1701826
PLANT18,PROD_1701827
PLANT04,PROD_1701827
PLANT01,PROD_1701828
PLANT13,PROD_1701828
PLANT08,PROD_1701828
PLANT12,PROD_1701829
PLANT03,PROD_1701829
PLANT11,PROD_1701829
PLANT02,PROD_1701829
PLANT19,PROD_1701830
PLANT17,PROD_1701830
PLANT09,PROD_1701831
PLANT07,PROD_1701831
PLANT03,PROD_1701832
PLANT03,PROD_1701833
PLANT17,PROD_1701833
PLANT13,PROD_1701833
PLANT07,PROD_1701833
PLANT11,PROD_1701834
PLANT17,PROD_1701834
PLANT02,PROD_1701834
PLANT12,PROD_1701834
PLANT05,PROD_1701835
PLANT14,PROD_1701835
PLANT12,PROD_1701835
PLANT13,PROD_1701835
PLANT01,PROD_1701836
PLANT10,PROD_1701836
PLANT12,PROD_1701836
PLANT10,PROD_1701837
PLANT15,PROD_1701837
PLANT18,PROD_1701837
PLANT07,PROD_1701838
PLANT14,PROD_1701839
PLANT15,PROD_1701839
PLANT10,PROD_1701839
PLANT06,PROD_1701839
PLANT14,PROD_1701840
PLANT05,PROD_1701840
PLANT03,PROD_1701840
PLANT19,PROD_1701840
PLANT10,PROD_1701841
PLANT16,PROD_1701841
PLANT03,PROD_1701842
PLANT19,PROD_1701842
PLANT13,PROD_1701842
PLANT01,PROD_1701843
PLANT09,PROD_1701844
PLANT14,PROD_1701844
PLANT06,PROD_1701844
PLANT15,PROD_1701844
PLANT07,PROD_1701845
PLANT06,PROD_1701845
PLANT10,PROD_1701846
PLANT18,PROD_1701846
PLANT16,PROD_1701846
PLANT02,PROD_1701846
PLANT19,PROD_1701847
PLANT10,PROD_1701847
PLANT16,PROD_1701847
PLANT08,PROD_1701848
PLANT01,PROD_1701848
PLANT19,PROD_1701848
PLANT05,PROD_1701848
PLANT10,PROD_1701849
PLANT16,PROD_1701849
PLANT04,PROD_1701849
PLANT14,PROD_1701850
PLANT06,PROD_1701850
PLANT16,PROD_1701850
PLANT01,PROD_1701851
PLANT04,PROD_1701851
PLANT16,PROD_1701852
PLANT03,PROD_1701852
PLANT12,PROD_1701852
PLANT19,PROD_1701853
PLANT14,PROD_1701853
PLANT09,PROD_1701853
PLANT16,PROD_1701853
PLANT12,PROD_1701854
PLANT09,PROD_1701855
PLANT19,PROD_1701856
PLANT02,PROD_1701856
PLANT11,PROD_1701857
PLANT15,PROD_1701857
PLANT12,PROD_1701858
PLANT06,PROD_1701858
PLANT09,PROD_1701859
PLANT14,PROD_1701860
PLANT12,PROD_1701860
PLANT02,PROD_1701860
PLANT10,PROD_1701861
PLANT17,PROD_1701861
PLANT03,PROD_1701861
PLANT06,PROD_1701862
PLANT04,PROD_1701862
PLANT18,PROD_1701863
PLANT11,PROD_1701863
PLANT10,PROD_1701864
PLANT09,PROD_1701864
PLANT12,PROD_1701864
PLANT18,PROD_1701865
PLANT05,PROD_1701866
PLANT01,PROD_1701866
PLANT20,PROD_1701866
PLANT12,PROD_1701867
PLANT16,PROD_1701867
PLANT14,PROD_1701867
PLANT06,PROD_1701868
PLANT04,PROD_1701868
PLANT07,PROD_1701868
PLANT17,PROD_1701869
PLANT08,PROD_1701869
PLANT18,PROD_1701870
PLANT17,PROD_1701870
PLANT14,PROD_1701871
PLANT03,PROD_1701872
PLANT04,PROD_1701872
PLANT05,PROD_1701872
PLANT01,PROD_1701872
PLANT12,PROD_1701873
PLANT10,PROD_1701873
PLANT20,PROD_1701873
PLANT05,PROD_1701873
PLANT20,PROD_1701874
PLANT17,PROD_1701874
PLANT11,PROD_1701874
PLANT06,PROD_1701874
PLANT01,PROD_1701875
PLANT04,PROD_1701875
PLANT08,PROD_1701875
PLANT05,PROD_1701876
PLANT08,PROD_1701876
PLANT05,PROD_1701877
PLANT07,PROD_1701877
PLANT20,PROD_1701877
PLANT14,PROD_1701878
PLANT03,PROD_1701879
PLANT16,PROD_1701880
PLANT02,PROD_1701881
PLANT07,PROD_1701881
PLANT04,PROD_1701881
PLANT20,PROD_1701881
PLANT16,PROD_1701882
PLANT09,PROD_1701883
PLANT03,PROD_1701884
PLANT01,PROD_1701885
PLANT04,PROD_1701885
PLANT19,PROD_1701885
PLANT19,PROD_1701886
PLANT07,PROD_1701886
PLANT12,PROD_1701887
PLANT01,PROD_1701887
PLANT05,PROD_1701888
PLANT19,PROD_1701889
PLANT12,PROD_1701889
PLANT20,PROD_1701889
PLANT17,PROD_1701890
PLANT08,PROD_1701890
PLANT04,PROD_1701891
PLANT17,PROD_1701892
PLANT07,PROD_1701893
PLANT10,PROD_1701893
PLANT18,PROD_1701894
PLANT01,PROD_1701894
PLANT07,PROD_1701895
PLANT12,PROD_1701896
PLANT19,PROD_1701896
PLANT06,PROD_1701896
PLANT15,PROD_1701896
PLANT06,PROD_1701897
PLANT13,PROD_1701898
PLANT14,PROD_1701898
PLANT07,PROD_1701898
PLANT14,PROD_1701899
PLANT04,PROD_1701899
PLANT04,PROD_1701900
PLANT15,PROD_1701900
PLANT20,PROD_1701900
PLANT16,PROD_1701901
PLANT12,PROD_1701901
PLANT18,PROD_1701902
PLANT02,PROD_1701902
PLANT03,PROD_1701902
PLANT16,PROD_1701903
PLANT04,PROD_1701903
PLANT13,PROD_1701903
PLANT15,PROD_1701904
PLANT10,PROD_1701904
PLANT20,PROD_1701904
PLANT18,PROD_1701905
PLANT14,PROD_1701905
PLANT14,PROD_1701906
PLANT07,PROD_1701906
PLANT03,PROD_1701906
PLANT12,PROD_1701907
PLANT06,PROD_1701907
PLANT01,PROD_1701907
PLANT16,PROD_1701907
PLANT13,PROD_1701908
PLANT17,PROD_1701909
PLANT03,PROD_1701909
PLANT04,PROD_1701909
PLANT05,PROD_1701909
PLANT13,PROD_1701910
PLANT19,PROD_1701910
PLANT04,PROD_1701910
PLANT06,PROD_1701910
PLANT12,PROD_1701911
PLANT11,PROD_1701912
PLANT07,PROD_1701912
PLANT04,PROD_1701913
PLANT08,PROD_1701913
PLANT14,PROD_1701913
PLANT16,PROD_1701913
PLANT19,PROD_1701914
PLANT20,PROD_1701914
PLANT09,PROD_1701914
PLANT12,PROD_1701915
PLANT16,PROD_1701915
PLANT13,PROD_1701915
PLANT19,PROD_1701915
PLANT05,PROD_1701916
PLANT15,PROD_1701916
PLANT04,PROD_1701916
PLANT09,PROD_1701917
PLANT16,PROD_1701918
PLANT08,PROD_1701918
PLANT05,PROD_1701918
PLANT01,PROD_1701918
PLANT02,PROD_1701919
PLANT16,PROD_1701920
PLANT06,PROD_1701921
PLANT20,PROD_1701922
PLANT11,PROD_1701922
PLANT05,PROD_1701922
PLANT10,PROD_1701922
PLANT03,PROD_1701923
PLANT15,PROD_1701924
PLANT07,PROD_1701924
PLANT10,PROD_1701924
PLANT16,PROD_1701924
PLANT17,PROD_1701925
PLANT09,PROD_1701925
PLANT18,PROD_1701925
PLANT11,PROD_1701925
PLANT02,PROD_1701926
PLANT04,PROD_1701927
PLANT13,PROD_1701927
PLANT15,PROD_1701927
PLANT11,PROD_1701927
PLANT15,PROD_1701928
PLANT20,PROD_1701928
PLANT02,PROD_1701928
PLANT18,PROD_1701928
PLANT18,PROD_1701929
PLANT10,PROD_1701929
PLANT16,PROD_1701930
PLANT14,PROD_1701930
PLANT10,PROD_1701931
PLANT13,PROD_1701931
PLANT04,PROD_1701932
PLANT19,PROD_1701932
PLANT16,PROD_1701932
PLANT18,PROD_1701932
PLANT18,PROD_1701933
PLANT06,PROD_1701933
PLANT17,PROD_1701933
PLANT02,PROD_1701933
PLANT09,PROD_1701934
PLANT16,PROD_1701934
PLANT13,PROD_1701934
PLANT12,PROD_1701934
PLANT11,PROD_1701935
PLANT02,PROD_1701935
PLANT01,PROD_1701935
PLANT05,PROD_1701936
PLANT12,PROD_1701937
PLANT19,PROD_1701937
PLANT01,PROD_1701937
PLANT13,PROD_1701938
PLANT04,PROD_1701938
PLANT14,PROD_1701938
PLANT12,PROD_1701939
PLANT14,PROD_1701939
PLANT20,PROD_1701939
PLANT08,PROD_1701940
PLANT08,PROD_1701941
PLANT10,PROD_1701941
PLANT03,PROD_1701942
PLANT04,PROD_1701943
PLANT11,PROD_1701943
PLANT06,PROD_1701943
PLANT18,PROD_1701944
PLANT02,PROD_1701945
PLANT15,PROD_1701945
PLANT14,PROD_1701945
PLANT09,PROD_1701946
PLANT01,PROD_1701946
PLANT16,PROD_1701946
PLANT19,PROD_1701946
PLANT13,PROD_1701947
PLANT19,PROD_1701947
PLANT20,PROD_1701947
PLANT19,PROD_1701948
PLANT04,PROD_1701948
PLANT16,PROD_1701948
PLANT07,PROD_1701949
PLANT16,PROD_1701950
PLANT17,PROD_1701950
PLANT11,PROD_1701950
PLANT20,PROD_1701951
PLANT10,PROD_1701951
PLANT14,PROD_1701952
PLANT07,PROD_1701952
PLANT16,PROD_1701952
PLANT18,PROD_1701953
PLANT10,PROD_1701954
PLANT09,PROD_1701954
PLANT10,PROD_1701955
PLANT08,PROD_1701956
PLANT03,PROD_1701956
PLANT04,PROD_1701956
PLANT11,PROD_1701956
PLANT03,PROD_1701957
PLANT19,PROD_1701957
PLANT17,PROD_1701957
PLANT14,PROD_1701958
PLANT07,PROD_1701958
PLANT12,PROD_1701958
PLANT03,PROD_1701958
PLANT17,PROD_1701959
PLANT10,PROD_1701959
PLANT14,PROD_1701959
PLANT07,PROD_1701960
PLANT14,PROD_1701960
PLANT13,PROD_1701960
PLANT20,PROD_1701961
PLANT17,PROD_1701961
PLANT15,PROD_1701961
PLANT01,PROD_1701962
PLANT17,PROD_1701962
PLANT19,PROD_1701963
PLANT16,PROD_1701963
PLANT15,PROD_1701964
PLANT09,PROD_1701964
PLANT19,PROD_1701965
PLANT02,PROD_1701965
PLANT17,PROD_1701965
PLANT07,PROD_1701965
PLANT15,PROD_1701966
PLANT05,PROD_1701966
PLANT08,PROD_1701966
PLANT10,PROD_1701967
PLANT14,PROD_1701967
PLANT11,PROD_1701968
PLANT03,PROD_1701968
PLANT07,PROD_1701968
PLANT14,PROD_1701968
PLANT10,PROD_1701969
PLANT06,PROD_1701969
PLANT09,PROD_1701969
PLANT13,PROD_1701970
PLANT08,PROD_1701970
PLANT05,PROD_1701971
PLANT01,PROD_1701972
PLANT08,PROD_1701972
PLANT15,PROD_1701973
PLANT16,PROD_1701973
PLANT18,PROD_1701973
PLANT14,PROD_1701974
PLANT02,PROD_1701974
PLANT07,PROD_1701974
PLANT06,PROD_1701974
PLANT05,PROD_1701975
PLANT01,PROD_1701975
PLANT09,PROD_1701975
PLANT18,PROD_1701976
PLANT06,PROD_1701976
PLANT02,PROD_1701976
PLANT01,PROD_1701977
PLANT02,PROD_1701977
PLANT03,PROD_1701977
PLANT11,PROD_1701977
PLANT03,PROD_1701978
PLANT14,PROD_1701978
PLANT12,PROD_1701978
PLANT13,PROD_1701979
PLANT08,PROD_1701980
PLANT04,PROD_1701980
PLANT17,PROD_1701981
PLANT16,PROD_1701982
PLANT03,PROD_1701982
PLANT08,PROD_1701982
PLANT11,PROD_1701983
PLANT19,PROD_1701984
PLANT13,PROD_1701984
PLANT08,PROD_1701984
PLANT07,PROD_1701985
PLANT05,PROD_1701985
PLANT04,PROD_1701985
PLANT06,PROD_1701985
PLANT09,PROD_1701986
PLANT15,PROD_1701986
PLANT09,PROD_1701987
PLANT19,PROD_1701987
PLANT02,PROD_1701987
PLANT16,PROD_1701987
PLANT04,PROD_1701988
PLANT11,PROD_1701988
PLANT18,PROD_1701988
PLANT16,PROD_1701989
PLANT08,PROD_1701989
PLANT09,PROD_1701989
PLANT05,PROD_1701989
PLANT16,PROD_1701990
PLANT12,PROD_1701990
PLANT10,PROD_1701990
PLANT20,PROD_1701991
PLANT02,PROD_1701992
PLANT09,PROD_1701993
PLANT18,PROD_1701993
PLANT10,PROD_1701994
PLANT12,PROD_1701994
PLANT04,PROD_1701994
PLANT08,PROD_1701994
PLANT13,PROD_1701995
PLANT01,PROD_1701995
PLANT20,PROD_1701995
PLANT09,PROD_1701995
PLANT03,PROD_1701996
PLANT08,PROD_1701996
PLANT10,PROD_1701996
PLANT06,PROD_1701997
PLANT15,PROD_1701997
PLANT14,PROD_1701998
PLANT02,PROD_1701998
PLANT09,PROD_1701998
PLANT16,PROD_1701999
PLANT14,PROD_1702000
PLANT11,PROD_1702000
PLANT20,PROD_1702000
PLANT04,PROD_1702000
